-- MySQL dump 10.13  Distrib 8.0.11, for Win64 (x86_64)
--
-- Host: localhost    Database: ry-vue
-- ------------------------------------------------------
-- Server version	8.0.11

/*!40101 SET @OLD_CHARACTER_SET_CLIENT=@@CHARACTER_SET_CLIENT */;
/*!40101 SET @OLD_CHARACTER_SET_RESULTS=@@CHARACTER_SET_RESULTS */;
/*!40101 SET @OLD_COLLATION_CONNECTION=@@COLLATION_CONNECTION */;
 SET NAMES utf8 ;
/*!40103 SET @OLD_TIME_ZONE=@@TIME_ZONE */;
/*!40103 SET TIME_ZONE='+00:00' */;
/*!40014 SET @OLD_UNIQUE_CHECKS=@@UNIQUE_CHECKS, UNIQUE_CHECKS=0 */;
/*!40014 SET @OLD_FOREIGN_KEY_CHECKS=@@FOREIGN_KEY_CHECKS, FOREIGN_KEY_CHECKS=0 */;
/*!40101 SET @OLD_SQL_MODE=@@SQL_MODE, SQL_MODE='NO_AUTO_VALUE_ON_ZERO' */;
/*!40111 SET @OLD_SQL_NOTES=@@SQL_NOTES, SQL_NOTES=0 */;

--
-- Table structure for table `cms_article`
--

DROP TABLE IF EXISTS `cms_article`;
/*!40101 SET @saved_cs_client     = @@character_set_client */;
 SET character_set_client = utf8mb4 ;
CREATE TABLE `cms_article` (
  `article_id` bigint(20) NOT NULL AUTO_INCREMENT COMMENT '文章id',
  `article_title` varchar(255) CHARACTER SET utf8mb4 COLLATE utf8mb4_bin NOT NULL COMMENT '文章标题',
  `create_by` varchar(64) NOT NULL COMMENT '发表人',
  `create_time` datetime NOT NULL COMMENT '创建时间',
  `update_by` varchar(64) DEFAULT NULL COMMENT '更新人',
  `update_time` datetime DEFAULT NULL COMMENT '更新时间',
  `article_type` tinyint(2) NOT NULL COMMENT '文章类型',
  `article_content` mediumtext CHARACTER SET utf8mb4 COLLATE utf8mb4_bin NOT NULL COMMENT '文章内容',
  `article_build` tinyint(2) NOT NULL COMMENT '编辑器',
  `article_top` tinyint(2) DEFAULT NULL COMMENT '顶置级别',
  `article_img` varchar(1024) DEFAULT NULL COMMENT '预览缩略图',
  `article_summary` varchar(255) CHARACTER SET utf8mb4 COLLATE utf8mb4_bin DEFAULT NULL COMMENT '文章预览',
  `visible` tinyint(1) NOT NULL COMMENT '可见性 0隐藏 1显示',
  `allow_comment` tinyint(1) NOT NULL COMMENT '是否允许回复 0关闭 1开启',
  `reprint_url` varchar(255) DEFAULT NULL COMMENT '转载url',
  `article_url` varchar(255) DEFAULT NULL COMMENT '文章链接别名',
  `keywords` varchar(255) CHARACTER SET utf8 COLLATE utf8_general_ci DEFAULT NULL COMMENT '关键词',
  `description` varchar(255) CHARACTER SET utf8mb4 COLLATE utf8mb4_bin DEFAULT NULL COMMENT '描述',
  `article_md` mediumtext CHARACTER SET utf8mb4 COLLATE utf8mb4_0900_ai_ci COMMENT 'md源码',
  PRIMARY KEY (`article_id`)
) ENGINE=InnoDB AUTO_INCREMENT=41 DEFAULT CHARSET=utf8 COMMENT='文章表';
/*!40101 SET character_set_client = @saved_cs_client */;

--
-- Dumping data for table `cms_article`
--

LOCK TABLES `cms_article` WRITE;
/*!40000 ALTER TABLE `cms_article` DISABLE KEYS */;
INSERT INTO `cms_article` VALUES (32,'过后就会感觉更好','admin','2022-11-26 21:55:40','admin','2022-12-01 13:40:05',0,'<p>99999ghjghjghjghjghjhgjghhgjhgj</p>',0,0,NULL,NULL,1,0,NULL,'/bbu',NULL,NULL,NULL),(33,'计划骨结核','admin','2022-11-26 22:10:36','admin','2022-11-30 03:19:22',0,'<p>99999ghhhhhhhhhhhhhhhhhhhhhhhhhhhhhhh</p>',0,0,NULL,NULL,1,0,NULL,'/ooo',NULL,NULL,NULL),(38,'vbnbvnvbnbvd','admin','2022-11-29 00:49:53','admin','2022-11-30 03:16:42',0,'<p>99999vbnbvnvbnbvnbvnbvnvb豆腐干豆腐干</p>',0,0,NULL,NULL,1,1,NULL,'/vbnbvnbv',NULL,NULL,NULL),(39,'fghgfhfgh','admin','2022-11-29 13:44:24','admin','2022-11-29 23:42:09',0,'<p>fghgfhfghfghfghfghfghfghfghfghfghgf</p>',0,0,NULL,NULL,1,1,NULL,'/1669700650236',NULL,NULL,NULL),(40,'fghfghfghf','admin','2022-11-29 13:51:02','admin','2022-11-30 03:16:36',0,'<p>fghfghfghfghfghfghfghfghghfghfghfghgfhfghfg</p>',0,0,NULL,NULL,1,1,NULL,'/1669701047083',NULL,NULL,NULL);
/*!40000 ALTER TABLE `cms_article` ENABLE KEYS */;
UNLOCK TABLES;

--
-- Table structure for table `cms_article_cat`
--

DROP TABLE IF EXISTS `cms_article_cat`;
/*!40101 SET @saved_cs_client     = @@character_set_client */;
 SET character_set_client = utf8mb4 ;
CREATE TABLE `cms_article_cat` (
  `article_id` bigint(20) NOT NULL COMMENT '文章id',
  `cat_id` bigint(20) NOT NULL COMMENT '分类',
  PRIMARY KEY (`article_id`,`cat_id`)
) ENGINE=InnoDB DEFAULT CHARSET=utf8 COMMENT='文章关联分类表';
/*!40101 SET character_set_client = @saved_cs_client */;

--
-- Dumping data for table `cms_article_cat`
--

LOCK TABLES `cms_article_cat` WRITE;
/*!40000 ALTER TABLE `cms_article_cat` DISABLE KEYS */;
INSERT INTO `cms_article_cat` VALUES (32,50),(32,52),(33,50),(38,50),(39,51),(40,52);
/*!40000 ALTER TABLE `cms_article_cat` ENABLE KEYS */;
UNLOCK TABLES;

--
-- Table structure for table `cms_article_count`
--

DROP TABLE IF EXISTS `cms_article_count`;
/*!40101 SET @saved_cs_client     = @@character_set_client */;
 SET character_set_client = utf8mb4 ;
CREATE TABLE `cms_article_count` (
  `article_id` bigint(20) NOT NULL COMMENT '文章Id',
  `article_look` bigint(20) DEFAULT '0' COMMENT '浏览数',
  `article_like` bigint(20) DEFAULT '0' COMMENT '喜欢数',
  `article_nasty` bigint(20) DEFAULT '0' COMMENT '不喜欢数',
  `article_discuss` bigint(20) DEFAULT '0' COMMENT '讨论数',
  `article_score` float(4,2) DEFAULT '0.00' COMMENT '评分',
  `article_share` bigint(20) DEFAULT '0' COMMENT '分享数',
  `article_collect` bigint(20) DEFAULT '0' COMMENT '收藏数',
  PRIMARY KEY (`article_id`)
) ENGINE=InnoDB DEFAULT CHARSET=utf8 COMMENT='文章统计表';
/*!40101 SET character_set_client = @saved_cs_client */;

--
-- Dumping data for table `cms_article_count`
--

LOCK TABLES `cms_article_count` WRITE;
/*!40000 ALTER TABLE `cms_article_count` DISABLE KEYS */;
INSERT INTO `cms_article_count` VALUES (32,0,0,0,0,0.00,0,0),(33,0,0,0,0,0.00,0,0),(38,0,0,0,0,0.00,0,0),(39,0,0,0,0,0.00,0,0),(40,0,0,0,0,0.00,0,0);
/*!40000 ALTER TABLE `cms_article_count` ENABLE KEYS */;
UNLOCK TABLES;

--
-- Table structure for table `cms_article_tag`
--

DROP TABLE IF EXISTS `cms_article_tag`;
/*!40101 SET @saved_cs_client     = @@character_set_client */;
 SET character_set_client = utf8mb4 ;
CREATE TABLE `cms_article_tag` (
  `article_id` bigint(20) NOT NULL COMMENT '文章id',
  `tag_id` bigint(20) NOT NULL COMMENT '标签',
  PRIMARY KEY (`article_id`,`tag_id`)
) ENGINE=InnoDB DEFAULT CHARSET=utf8 COMMENT='文章关联标签';
/*!40101 SET character_set_client = @saved_cs_client */;

--
-- Dumping data for table `cms_article_tag`
--

LOCK TABLES `cms_article_tag` WRITE;
/*!40000 ALTER TABLE `cms_article_tag` DISABLE KEYS */;
INSERT INTO `cms_article_tag` VALUES (32,9),(39,7);
/*!40000 ALTER TABLE `cms_article_tag` ENABLE KEYS */;
UNLOCK TABLES;

--
-- Table structure for table `cms_article_theme`
--

DROP TABLE IF EXISTS `cms_article_theme`;
/*!40101 SET @saved_cs_client     = @@character_set_client */;
 SET character_set_client = utf8mb4 ;
CREATE TABLE `cms_article_theme` (
  `article_id` bigint(20) NOT NULL COMMENT '文章ID',
  `theme_name` varchar(32) CHARACTER SET utf8 COLLATE utf8_unicode_ci NOT NULL COMMENT '主题名',
  PRIMARY KEY (`article_id`,`theme_name`)
) ENGINE=InnoDB DEFAULT CHARSET=utf8 COLLATE=utf8_unicode_ci COMMENT='文章关联主题';
/*!40101 SET character_set_client = @saved_cs_client */;

--
-- Dumping data for table `cms_article_theme`
--

LOCK TABLES `cms_article_theme` WRITE;
/*!40000 ALTER TABLE `cms_article_theme` DISABLE KEYS */;
/*!40000 ALTER TABLE `cms_article_theme` ENABLE KEYS */;
UNLOCK TABLES;

--
-- Table structure for table `cms_category`
--

DROP TABLE IF EXISTS `cms_category`;
/*!40101 SET @saved_cs_client     = @@character_set_client */;
 SET character_set_client = utf8mb4 ;
CREATE TABLE `cms_category` (
  `cat_id` bigint(20) NOT NULL AUTO_INCREMENT COMMENT '分类id',
  `cat_name` varchar(255) CHARACTER SET utf8mb4 COLLATE utf8mb4_bin NOT NULL COMMENT '分类名字',
  `cat_icon` varchar(1024) CHARACTER SET utf8mb4 COLLATE utf8mb4_bin DEFAULT NULL COMMENT '栏目图标',
  `visible` tinyint(1) NOT NULL DEFAULT '1' COMMENT '是否显示(0不显示)',
  `parent_id` bigint(20) DEFAULT '0' COMMENT '父元素id',
  `create_time` datetime DEFAULT NULL COMMENT '添加时间',
  `update_time` datetime DEFAULT NULL COMMENT '修改时间',
  `remark` varchar(255) CHARACTER SET utf8mb4 COLLATE utf8mb4_bin DEFAULT NULL COMMENT '描述',
  `update_by` varchar(64) DEFAULT '',
  `create_by` varchar(64) DEFAULT '',
  `cat_url` varchar(255) DEFAULT NULL COMMENT '类目地址',
  `parent` bit(1) DEFAULT b'0' COMMENT '节点 0 默认非节点',
  `ancestors` varchar(50) DEFAULT NULL COMMENT '祖级列表',
  `perms` varchar(255) DEFAULT NULL COMMENT '权限字符',
  `keywords` varchar(255) DEFAULT NULL COMMENT '关键词',
  `description` varchar(255) CHARACTER SET utf8mb4 COLLATE utf8mb4_bin DEFAULT NULL COMMENT '描述',
  `order_num` int(11) DEFAULT '0' COMMENT '排序',
  `cat_count` bigint(20) DEFAULT '0' COMMENT '关联文章数',
  `cat_type` tinyint(2) DEFAULT '0' COMMENT '类别类型:0为分类类型',
  PRIMARY KEY (`cat_id`)
) ENGINE=InnoDB AUTO_INCREMENT=56 DEFAULT CHARSET=utf8 COMMENT='分类表';
/*!40101 SET character_set_client = @saved_cs_client */;

--
-- Dumping data for table `cms_category`
--

LOCK TABLES `cms_category` WRITE;
/*!40000 ALTER TABLE `cms_category` DISABLE KEYS */;
INSERT INTO `cms_category` VALUES (50,'cesad',NULL,0,55,'2022-11-18 22:52:59','2022-12-02 09:59:05',NULL,'admin','',NULL,'\0','0,55',NULL,NULL,NULL,0,3,0),(51,'我是子类',NULL,0,50,'2022-11-19 08:57:24','2022-12-02 09:59:05',NULL,'admin','','smtp.163.com','','0,55,50',NULL,NULL,NULL,0,1,0),(52,'我是子',NULL,0,50,'2022-11-20 20:04:33','2022-12-02 09:59:05',NULL,'admin','admin',NULL,'','0,55,50',NULL,NULL,NULL,0,2,0),(53,'只顶顶顶',NULL,0,50,'2022-12-01 11:27:54','2022-12-02 09:59:05',NULL,'admin','admin',NULL,'\0','0,55,50',NULL,NULL,NULL,0,0,0),(54,'v吧v程序从',NULL,0,53,'2022-12-01 11:28:24','2022-12-02 09:59:05',NULL,'admin','admin',NULL,'','0,55,50,53',NULL,NULL,NULL,0,0,0),(55,'vxcvxc',NULL,0,0,'2022-12-01 11:29:26','2022-12-02 09:59:05',NULL,'admin','admin',NULL,'\0','0',NULL,NULL,NULL,0,0,0);
/*!40000 ALTER TABLE `cms_category` ENABLE KEYS */;
UNLOCK TABLES;

--
-- Table structure for table `cms_collect_record`
--

DROP TABLE IF EXISTS `cms_collect_record`;
/*!40101 SET @saved_cs_client     = @@character_set_client */;
 SET character_set_client = utf8mb4 ;
CREATE TABLE `cms_collect_record` (
  `record_id` bigint(20) NOT NULL AUTO_INCREMENT COMMENT '主键',
  `article_id` bigint(20) NOT NULL COMMENT '文章id',
  `user_id` bigint(20) NOT NULL COMMENT '用户Id',
  `create_time` timestamp NOT NULL COMMENT '创建时间',
  `update_time` timestamp NULL DEFAULT NULL COMMENT '更新时间',
  `remark` varchar(128) DEFAULT NULL COMMENT '备注',
  `ip` varchar(128) DEFAULT NULL COMMENT 'ip',
  `visible` tinyint(1) DEFAULT '1' COMMENT '状态',
  `user_system` varchar(128) DEFAULT NULL COMMENT '用户使用系统/或者浏览器',
  `user_bower` varchar(128) DEFAULT NULL COMMENT '用户浏览器',
  PRIMARY KEY (`record_id`)
) ENGINE=InnoDB DEFAULT CHARSET=utf8 COMMENT='喜欢操作记录';
/*!40101 SET character_set_client = @saved_cs_client */;

--
-- Dumping data for table `cms_collect_record`
--

LOCK TABLES `cms_collect_record` WRITE;
/*!40000 ALTER TABLE `cms_collect_record` DISABLE KEYS */;
/*!40000 ALTER TABLE `cms_collect_record` ENABLE KEYS */;
UNLOCK TABLES;

--
-- Table structure for table `cms_column`
--

DROP TABLE IF EXISTS `cms_column`;
/*!40101 SET @saved_cs_client     = @@character_set_client */;
 SET character_set_client = utf8mb4 ;
CREATE TABLE `cms_column` (
  `column_id` bigint(20) NOT NULL AUTO_INCREMENT COMMENT '栏目导航id',
  `column_name` varchar(255) CHARACTER SET utf8mb4 COLLATE utf8mb4_0900_ai_ci NOT NULL COMMENT '栏目名字',
  `column_icon` varchar(1024) CHARACTER SET utf8mb4 COLLATE utf8mb4_0900_ai_ci DEFAULT NULL COMMENT '栏目图标',
  `visible` tinyint(1) DEFAULT NULL COMMENT '是否显示(1显示，0不显示)',
  `parent_id` bigint(20) DEFAULT NULL COMMENT '父元素id',
  `parent` bit(1) DEFAULT NULL COMMENT '是否是目录',
  `create_time` datetime DEFAULT '0002-11-30 00:00:00' COMMENT '添加时间',
  `update_time` datetime DEFAULT NULL COMMENT '修改时间',
  `remark` varchar(255) CHARACTER SET utf8mb4 COLLATE utf8mb4_0900_ai_ci DEFAULT NULL COMMENT '描述',
  `open_type` tinyint(1) DEFAULT NULL COMMENT '打开方式',
  `perms` varchar(255) DEFAULT '' COMMENT '权限字符',
  `column_url` varchar(255) DEFAULT NULL COMMENT '栏目链接',
  `update_by` varchar(64) DEFAULT '' COMMENT '更新人',
  `create_by` varchar(64) DEFAULT '' COMMENT '创建人',
  `ancestors` varchar(50) DEFAULT NULL COMMENT '祖级列表',
  `keywords` varchar(255) DEFAULT '' COMMENT '关键词',
  `description` varchar(255) CHARACTER SET utf8mb4 COLLATE utf8mb4_0900_ai_ci DEFAULT '' COMMENT '描述',
  `order_num` int(11) DEFAULT '0' COMMENT '排序',
  `column_type` tinyint(2) DEFAULT NULL COMMENT '导航类型',
  PRIMARY KEY (`column_id`)
) ENGINE=InnoDB AUTO_INCREMENT=25 DEFAULT CHARSET=utf8 COMMENT='内容菜单';
/*!40101 SET character_set_client = @saved_cs_client */;

--
-- Dumping data for table `cms_column`
--

LOCK TABLES `cms_column` WRITE;
/*!40000 ALTER TABLE `cms_column` DISABLE KEYS */;
INSERT INTO `cms_column` VALUES (23,'我是目录a',NULL,0,0,'\0','2022-11-22 10:22:25','2022-12-02 09:21:33',NULL,1,'',NULL,'admin','admin','0','','',0,0),(24,'我是子节点',NULL,0,23,'','2022-11-22 10:22:47','2022-12-16 22:15:18',NULL,0,'',NULL,'admin','admin','0,23','','',0,1);
/*!40000 ALTER TABLE `cms_column` ENABLE KEYS */;
UNLOCK TABLES;

--
-- Table structure for table `cms_comment`
--

DROP TABLE IF EXISTS `cms_comment`;
/*!40101 SET @saved_cs_client     = @@character_set_client */;
 SET character_set_client = utf8mb4 ;
CREATE TABLE `cms_comment` (
  `comment_id` bigint(20) NOT NULL AUTO_INCREMENT COMMENT '评论id',
  `type_id` varchar(64) CHARACTER SET utf8 COLLATE utf8_general_ci NOT NULL COMMENT '类型ID',
  `parent_id` bigint(20) NOT NULL DEFAULT '0' COMMENT '主楼|为0为主楼',
  `from_by` bigint(20) NOT NULL COMMENT '发布人（用户id_昵称）',
  `reply_by` bigint(20) DEFAULT NULL COMMENT '回复的人（用户id_昵称）',
  `content` text CHARACTER SET utf8mb4 COLLATE utf8mb4_0900_ai_ci NOT NULL COMMENT '内容',
  `comment_type` tinyint(1) NOT NULL DEFAULT '0' COMMENT '评论类型',
  `visible` tinyint(1) DEFAULT '0' COMMENT '状态',
  `ip` varchar(32) CHARACTER SET utf8 COLLATE utf8_general_ci DEFAULT NULL COMMENT 'ip',
  `user_system` varchar(128) CHARACTER SET utf8 COLLATE utf8_general_ci DEFAULT NULL COMMENT '用户使用系统/或者浏览器',
  `user_bower` varchar(128) CHARACTER SET utf8 COLLATE utf8_general_ci DEFAULT NULL COMMENT '用户浏览器',
  `remark` varchar(128) CHARACTER SET utf8 COLLATE utf8_general_ci DEFAULT NULL COMMENT '备注',
  `order_num` int(11) DEFAULT '0' COMMENT '排序',
  `create_time` datetime DEFAULT NULL COMMENT '添加时间',
  `update_time` datetime DEFAULT NULL COMMENT '修改时间',
  `nasty_count` int(11) DEFAULT '0' COMMENT '讨厌统计',
  `like_count` int(11) DEFAULT '0' COMMENT '喜欢统计',
  PRIMARY KEY (`comment_id`)
) ENGINE=InnoDB AUTO_INCREMENT=40 DEFAULT CHARSET=utf8 COLLATE=utf8_bin COMMENT='评论表';
/*!40101 SET character_set_client = @saved_cs_client */;

--
-- Dumping data for table `cms_comment`
--

LOCK TABLES `cms_comment` WRITE;
/*!40000 ALTER TABLE `cms_comment` DISABLE KEYS */;
/*!40000 ALTER TABLE `cms_comment` ENABLE KEYS */;
UNLOCK TABLES;

--
-- Table structure for table `cms_comment_hand`
--

DROP TABLE IF EXISTS `cms_comment_hand`;
/*!40101 SET @saved_cs_client     = @@character_set_client */;
 SET character_set_client = utf8mb4 ;
CREATE TABLE `cms_comment_hand` (
  `hand_id` bigint(20) NOT NULL AUTO_INCREMENT COMMENT '评论id',
  `type_id` varchar(64) NOT NULL COMMENT '类型ID',
  `comment_id` bigint(20) NOT NULL COMMENT '评论id',
  `user_id` bigint(20) NOT NULL COMMENT '用户Id',
  `visible` tinyint(1) NOT NULL COMMENT '操作 状态1喜欢，2讨厌，3取消喜欢，4取消讨厌',
  `ip` varchar(128) DEFAULT NULL COMMENT 'ip',
  `user_system` varchar(128) DEFAULT NULL COMMENT '用户使用系统/或者浏览器',
  `user_bower` varchar(128) DEFAULT NULL COMMENT '用户浏览器',
  `create_time` datetime DEFAULT NULL COMMENT '添加时间',
  `update_time` datetime DEFAULT NULL COMMENT '修改时间',
  PRIMARY KEY (`hand_id`,`type_id`,`comment_id`,`user_id`)
) ENGINE=InnoDB AUTO_INCREMENT=36 DEFAULT CHARSET=utf8 COMMENT='评论记录表';
/*!40101 SET character_set_client = @saved_cs_client */;

--
-- Dumping data for table `cms_comment_hand`
--

LOCK TABLES `cms_comment_hand` WRITE;
/*!40000 ALTER TABLE `cms_comment_hand` DISABLE KEYS */;
/*!40000 ALTER TABLE `cms_comment_hand` ENABLE KEYS */;
UNLOCK TABLES;

--
-- Table structure for table `cms_contact`
--

DROP TABLE IF EXISTS `cms_contact`;
/*!40101 SET @saved_cs_client     = @@character_set_client */;
 SET character_set_client = utf8mb4 ;
CREATE TABLE `cms_contact` (
  `contact_id` int(11) NOT NULL AUTO_INCREMENT COMMENT '反馈id',
  `subject` varchar(32) CHARACTER SET utf8mb4 COLLATE utf8mb4_0900_ai_ci DEFAULT NULL COMMENT '主题',
  `content` varchar(1024) CHARACTER SET utf8mb4 COLLATE utf8mb4_0900_ai_ci DEFAULT NULL COMMENT '内容',
  `handler` varchar(64) DEFAULT NULL COMMENT '处理人',
  `email` varchar(64) DEFAULT NULL COMMENT '邮件',
  `touch` varchar(64) DEFAULT NULL COMMENT '联系方式',
  `visible` tinyint(1) DEFAULT '0' COMMENT '状态0 未查看',
  `create_time` datetime DEFAULT NULL COMMENT '添加时间',
  `contact_type` tinyint(1) DEFAULT NULL COMMENT '类型',
  `handle_result` varchar(1024) CHARACTER SET utf8mb4 COLLATE utf8mb4_0900_ai_ci DEFAULT NULL COMMENT '结果',
  `handle_time` datetime DEFAULT NULL COMMENT '处理时间',
  `create_by` varchar(64) DEFAULT NULL COMMENT '创建人',
  `remark` varchar(128) CHARACTER SET utf8mb4 COLLATE utf8mb4_0900_ai_ci DEFAULT NULL COMMENT '备注',
  `user_call` varchar(16) DEFAULT NULL COMMENT '称呼',
  PRIMARY KEY (`contact_id`)
) ENGINE=InnoDB AUTO_INCREMENT=9 DEFAULT CHARSET=utf8 COMMENT='反馈|建议';
/*!40101 SET character_set_client = @saved_cs_client */;

--
-- Dumping data for table `cms_contact`
--

LOCK TABLES `cms_contact` WRITE;
/*!40000 ALTER TABLE `cms_contact` DISABLE KEYS */;
INSERT INTO `cms_contact` VALUES (7,'测试反馈你大爷','<p><strong>啊大苏打阿大撒大撒啊实打实的</strong></p>','admin','634866553@qq.com',NULL,1,'2022-11-14 11:24:12',1,'<p>已经处理完成</p>','2022-11-15 10:17:26',NULL,NULL,'少时诵诗书是');
/*!40000 ALTER TABLE `cms_contact` ENABLE KEYS */;
UNLOCK TABLES;

--
-- Table structure for table `cms_like_record`
--

DROP TABLE IF EXISTS `cms_like_record`;
/*!40101 SET @saved_cs_client     = @@character_set_client */;
 SET character_set_client = utf8mb4 ;
CREATE TABLE `cms_like_record` (
  `record_id` bigint(20) NOT NULL AUTO_INCREMENT COMMENT '主键',
  `article_id` bigint(20) NOT NULL COMMENT '文章id',
  `user_id` bigint(20) NOT NULL COMMENT '用户Id',
  `create_time` timestamp NULL DEFAULT NULL COMMENT '创建时间',
  `update_time` timestamp NULL DEFAULT NULL COMMENT '更新时间',
  `ip` varchar(128) DEFAULT NULL COMMENT 'ip',
  `visible` tinyint(1) DEFAULT '1' COMMENT '状态',
  `user_system` varchar(128) DEFAULT NULL COMMENT '用户使用系统/或者浏览器',
  `user_bower` varchar(128) DEFAULT NULL COMMENT '用户浏览器',
  PRIMARY KEY (`record_id`)
) ENGINE=InnoDB AUTO_INCREMENT=17 DEFAULT CHARSET=utf8 COMMENT='喜欢操作记录';
/*!40101 SET character_set_client = @saved_cs_client */;

--
-- Dumping data for table `cms_like_record`
--

LOCK TABLES `cms_like_record` WRITE;
/*!40000 ALTER TABLE `cms_like_record` DISABLE KEYS */;
/*!40000 ALTER TABLE `cms_like_record` ENABLE KEYS */;
UNLOCK TABLES;

--
-- Table structure for table `cms_link`
--

DROP TABLE IF EXISTS `cms_link`;
/*!40101 SET @saved_cs_client     = @@character_set_client */;
 SET character_set_client = utf8mb4 ;
CREATE TABLE `cms_link` (
  `link_id` int(10) unsigned NOT NULL AUTO_INCREMENT COMMENT '链接id',
  `link_url` varchar(200) NOT NULL COMMENT '链接地址',
  `link_name` varchar(50) CHARACTER SET utf8mb4 COLLATE utf8mb4_0900_ai_ci DEFAULT NULL COMMENT '链接名',
  `link_suggest` varchar(300) CHARACTER SET utf8mb4 COLLATE utf8mb4_0900_ai_ci DEFAULT NULL COMMENT '链接介绍',
  `link_favicon` varchar(255) CHARACTER SET utf8mb4 COLLATE utf8mb4_0900_ai_ci DEFAULT NULL COMMENT '链接LOGO',
  `visible` tinyint(1) unsigned DEFAULT NULL COMMENT '状态',
  `remark` varchar(1024) CHARACTER SET utf8mb4 COLLATE utf8mb4_0900_ai_ci DEFAULT NULL COMMENT '备注',
  `create_time` datetime DEFAULT NULL COMMENT '添加时间',
  `update_time` datetime DEFAULT NULL COMMENT '更新时间',
  `update_by` varchar(64) DEFAULT '' COMMENT '创建人',
  `create_by` varchar(64) DEFAULT '' COMMENT '修改人',
  `order_num` int(11) DEFAULT '0' COMMENT '排序',
  `group_name` varchar(64) CHARACTER SET utf8mb4 COLLATE utf8mb4_0900_ai_ci NOT NULL COMMENT '分组名',
  `open_type` tinyint(1) DEFAULT '0' COMMENT '打开方式',
  `link_type` tinyint(2) DEFAULT '0' COMMENT '链接类型',
  PRIMARY KEY (`link_id`) USING BTREE
) ENGINE=InnoDB AUTO_INCREMENT=6 DEFAULT CHARSET=utf8 ROW_FORMAT=COMPACT COMMENT='友情链接';
/*!40101 SET character_set_client = @saved_cs_client */;

--
-- Dumping data for table `cms_link`
--

LOCK TABLES `cms_link` WRITE;
/*!40000 ALTER TABLE `cms_link` DISABLE KEYS */;
INSERT INTO `cms_link` VALUES (4,'smtp.163.com','的犯规犯规得分',NULL,'/dev-api/server/oss/download/image/2022/11/16/404_20221116201854A004.png',1,NULL,'2022-11-15 16:48:19','2022-11-17 10:39:49','admin','',0,'烦烦烦烦烦烦',1,0),(5,'smtp.163.com','十分士大夫',NULL,'/dev-api/server/oss/download/image/2022/11/16/44_20221116200721A003.png',1,NULL,'2022-11-16 20:02:01','2022-11-17 10:39:49','admin','',0,'测试',1,0);
/*!40000 ALTER TABLE `cms_link` ENABLE KEYS */;
UNLOCK TABLES;

--
-- Table structure for table `cms_log_record`
--

DROP TABLE IF EXISTS `cms_log_record`;
/*!40101 SET @saved_cs_client     = @@character_set_client */;
 SET character_set_client = utf8mb4 ;
CREATE TABLE `cms_log_record` (
  `log_id` bigint(20) NOT NULL AUTO_INCREMENT COMMENT '记录ID',
  `title` varchar(50) DEFAULT '' COMMENT '模块标题',
  `business_type` int(2) DEFAULT '0' COMMENT '业务类型（0其它 1新增 2修改 3删除）',
  `method` varchar(100) DEFAULT '' COMMENT '方法名称',
  `request_method` varchar(10) DEFAULT '' COMMENT '请求方式',
  `operator_type` int(2) DEFAULT '0' COMMENT '操作类别（0其它 1用户）',
  `oper_url` varchar(255) DEFAULT '' COMMENT '请求URL',
  `oper_ip` varchar(50) DEFAULT '' COMMENT '主机地址',
  `oper_location` varchar(255) DEFAULT '' COMMENT '操作地点',
  `oper_param` varchar(2000) DEFAULT '' COMMENT '请求参数',
  `json_result` varchar(2000) DEFAULT '' COMMENT '返回参数',
  `status` int(1) DEFAULT '0' COMMENT '操作状态（0正常 1异常）',
  `error_msg` varchar(2000) DEFAULT '' COMMENT '错误消息',
  `oper_time` datetime DEFAULT NULL COMMENT '操作时间',
  `oper_bower` varchar(128) DEFAULT '' COMMENT '使用浏览器',
  `oper_system` varchar(128) DEFAULT '' COMMENT '使用系统',
  `log_type` int(2) DEFAULT '0' COMMENT '日志类型',
  PRIMARY KEY (`log_id`)
) ENGINE=InnoDB AUTO_INCREMENT=6752 DEFAULT CHARSET=utf8 COMMENT='内容请求记录表';
/*!40101 SET character_set_client = @saved_cs_client */;

--
-- Dumping data for table `cms_log_record`
--

LOCK TABLES `cms_log_record` WRITE;
/*!40000 ALTER TABLE `cms_log_record` DISABLE KEYS */;
/*!40000 ALTER TABLE `cms_log_record` ENABLE KEYS */;
UNLOCK TABLES;

--
-- Table structure for table `cms_look_record`
--

DROP TABLE IF EXISTS `cms_look_record`;
/*!40101 SET @saved_cs_client     = @@character_set_client */;
 SET character_set_client = utf8mb4 ;
CREATE TABLE `cms_look_record` (
  `record_id` bigint(20) NOT NULL AUTO_INCREMENT COMMENT '主键',
  `article_id` bigint(20) NOT NULL COMMENT '文章id',
  `user_id` bigint(20) DEFAULT NULL COMMENT '用户Id',
  `create_time` timestamp NOT NULL COMMENT '创建时间',
  `update_time` timestamp NULL DEFAULT NULL COMMENT '更新时间',
  `ip` varchar(128) DEFAULT NULL COMMENT 'ip',
  `visible` tinyint(1) DEFAULT '1' COMMENT '状态',
  `user_system` varchar(128) DEFAULT NULL COMMENT '用户使用系统/或者浏览器',
  `user_bower` varchar(128) DEFAULT NULL COMMENT '用户浏览器',
  PRIMARY KEY (`record_id`)
) ENGINE=InnoDB AUTO_INCREMENT=942 DEFAULT CHARSET=utf8 COMMENT='浏览记录';
/*!40101 SET character_set_client = @saved_cs_client */;

--
-- Dumping data for table `cms_look_record`
--

LOCK TABLES `cms_look_record` WRITE;
/*!40000 ALTER TABLE `cms_look_record` DISABLE KEYS */;
/*!40000 ALTER TABLE `cms_look_record` ENABLE KEYS */;
UNLOCK TABLES;

--
-- Table structure for table `cms_nasty_record`
--

DROP TABLE IF EXISTS `cms_nasty_record`;
/*!40101 SET @saved_cs_client     = @@character_set_client */;
 SET character_set_client = utf8mb4 ;
CREATE TABLE `cms_nasty_record` (
  `record_id` bigint(20) NOT NULL AUTO_INCREMENT COMMENT '主键',
  `article_id` bigint(20) NOT NULL COMMENT '文章id',
  `user_id` bigint(20) NOT NULL COMMENT '用户Id',
  `create_time` timestamp NOT NULL COMMENT '创建时间',
  `update_time` timestamp NULL DEFAULT NULL COMMENT '更新时间',
  `ip` varchar(128) DEFAULT NULL COMMENT 'ip',
  `visible` tinyint(1) DEFAULT '1' COMMENT '状态',
  `user_system` varchar(128) DEFAULT NULL COMMENT '用户使用系统/或者浏览器',
  `user_bower` varchar(128) DEFAULT NULL COMMENT '用户浏览器',
  PRIMARY KEY (`record_id`)
) ENGINE=InnoDB AUTO_INCREMENT=7 DEFAULT CHARSET=utf8 COMMENT='不喜欢操作记录';
/*!40101 SET character_set_client = @saved_cs_client */;

--
-- Dumping data for table `cms_nasty_record`
--

LOCK TABLES `cms_nasty_record` WRITE;
/*!40000 ALTER TABLE `cms_nasty_record` DISABLE KEYS */;
/*!40000 ALTER TABLE `cms_nasty_record` ENABLE KEYS */;
UNLOCK TABLES;

--
-- Table structure for table `cms_score_record`
--

DROP TABLE IF EXISTS `cms_score_record`;
/*!40101 SET @saved_cs_client     = @@character_set_client */;
 SET character_set_client = utf8mb4 ;
CREATE TABLE `cms_score_record` (
  `record_id` bigint(20) NOT NULL AUTO_INCREMENT COMMENT '主键',
  `article_id` bigint(20) NOT NULL COMMENT '文章id',
  `user_id` bigint(20) NOT NULL COMMENT '用户Id',
  `create_time` timestamp NOT NULL COMMENT '创建时间',
  `remark` varchar(128) DEFAULT NULL COMMENT '备注',
  `ip` varchar(128) DEFAULT NULL COMMENT 'ip',
  `user_system` varchar(128) DEFAULT NULL COMMENT '用户使用系统/或者浏览器',
  `user_bower` varchar(128) DEFAULT NULL COMMENT '用户浏览器',
  `visible` tinyint(1) DEFAULT '1' COMMENT '状态',
  `score` tinyint(4) DEFAULT NULL COMMENT '评分',
  `update_time` timestamp NULL DEFAULT NULL COMMENT '更新时间',
  PRIMARY KEY (`record_id`)
) ENGINE=InnoDB DEFAULT CHARSET=utf8 COMMENT='评分表';
/*!40101 SET character_set_client = @saved_cs_client */;

--
-- Dumping data for table `cms_score_record`
--

LOCK TABLES `cms_score_record` WRITE;
/*!40000 ALTER TABLE `cms_score_record` DISABLE KEYS */;
/*!40000 ALTER TABLE `cms_score_record` ENABLE KEYS */;
UNLOCK TABLES;

--
-- Table structure for table `cms_share_record`
--

DROP TABLE IF EXISTS `cms_share_record`;
/*!40101 SET @saved_cs_client     = @@character_set_client */;
 SET character_set_client = utf8mb4 ;
CREATE TABLE `cms_share_record` (
  `record_id` bigint(20) NOT NULL AUTO_INCREMENT COMMENT '主键',
  `article_id` bigint(20) NOT NULL COMMENT '文章id',
  `user_id` bigint(20) NOT NULL COMMENT '用户Id',
  `create_time` timestamp NOT NULL COMMENT '创建时间',
  `update_time` timestamp NULL DEFAULT NULL COMMENT '更新时间',
  `ip` varchar(128) DEFAULT NULL COMMENT 'ip',
  `visible` tinyint(1) DEFAULT NULL COMMENT '状态',
  `user_system` varchar(128) DEFAULT NULL COMMENT '用户使用系统/或者浏览器',
  `user_bower` varchar(128) DEFAULT NULL COMMENT '用户浏览器',
  `share_url` varchar(128) DEFAULT NULL COMMENT '分享地址',
  PRIMARY KEY (`record_id`)
) ENGINE=InnoDB DEFAULT CHARSET=utf8 COMMENT='喜欢操作记录';
/*!40101 SET character_set_client = @saved_cs_client */;

--
-- Dumping data for table `cms_share_record`
--

LOCK TABLES `cms_share_record` WRITE;
/*!40000 ALTER TABLE `cms_share_record` DISABLE KEYS */;
/*!40000 ALTER TABLE `cms_share_record` ENABLE KEYS */;
UNLOCK TABLES;

--
-- Table structure for table `cms_tag`
--

DROP TABLE IF EXISTS `cms_tag`;
/*!40101 SET @saved_cs_client     = @@character_set_client */;
 SET character_set_client = utf8mb4 ;
CREATE TABLE `cms_tag` (
  `tag_id` bigint(20) NOT NULL AUTO_INCREMENT COMMENT '标签id',
  `tag_name` varchar(64) CHARACTER SET utf8mb4 COLLATE utf8mb4_0900_ai_ci NOT NULL COMMENT '标签名',
  `create_by` varchar(64) DEFAULT '' COMMENT '创建人ID',
  `create_time` datetime DEFAULT NULL COMMENT '创建时间',
  `remark` varchar(255) CHARACTER SET utf8mb4 COLLATE utf8mb4_0900_ai_ci DEFAULT NULL COMMENT '描述',
  `update_by` varchar(64) DEFAULT '' COMMENT '更新人',
  `update_time` datetime DEFAULT NULL COMMENT '更新时间',
  `tag_url` varchar(255) DEFAULT NULL COMMENT '标签路径',
  `visible` tinyint(1) NOT NULL DEFAULT '1' COMMENT '标签状态',
  `perms` varchar(45) DEFAULT NULL COMMENT '权限字符串',
  `tag_ico` varchar(1024) CHARACTER SET utf8mb4 COLLATE utf8mb4_0900_ai_ci DEFAULT NULL COMMENT '标签图标',
  `keywords` varchar(255) DEFAULT NULL COMMENT '关键词',
  `description` varchar(255) CHARACTER SET utf8mb4 COLLATE utf8mb4_0900_ai_ci DEFAULT NULL COMMENT '描述',
  `order_num` int(11) NOT NULL DEFAULT '0' COMMENT '排序',
  `tag_type` tinyint(2) NOT NULL DEFAULT '0' COMMENT '标签类型:0为文章标签',
  `tag_count` bigint(20) DEFAULT '0' COMMENT '关联文章数',
  PRIMARY KEY (`tag_id`)
) ENGINE=InnoDB AUTO_INCREMENT=10 DEFAULT CHARSET=utf8 COMMENT='内容标签';
/*!40101 SET character_set_client = @saved_cs_client */;

--
-- Dumping data for table `cms_tag`
--

LOCK TABLES `cms_tag` WRITE;
/*!40000 ALTER TABLE `cms_tag` DISABLE KEYS */;
INSERT INTO `cms_tag` VALUES (9,'把你们那边吗','admin','2022-12-01 13:39:54',NULL,'',NULL,NULL,0,NULL,NULL,NULL,NULL,0,0,1);
/*!40000 ALTER TABLE `cms_tag` ENABLE KEYS */;
UNLOCK TABLES;

--
-- Table structure for table `cms_theme`
--

DROP TABLE IF EXISTS `cms_theme`;
/*!40101 SET @saved_cs_client     = @@character_set_client */;
 SET character_set_client = utf8mb4 ;
CREATE TABLE `cms_theme` (
  `web_id` bigint(20) NOT NULL COMMENT '站点ID',
  `theme_name` varchar(255) CHARACTER SET utf8mb4 COLLATE utf8mb4_0900_ai_ci NOT NULL COMMENT '主题名',
  `create_by` varchar(64) DEFAULT '' COMMENT '上传者ID',
  `theme_author` varchar(255) DEFAULT NULL COMMENT '主题作者',
  `create_time` datetime DEFAULT NULL COMMENT '上传时间',
  `theme_info` varchar(255) CHARACTER SET utf8mb4 COLLATE utf8mb4_0900_ai_ci DEFAULT NULL COMMENT '主题介绍',
  `theme_enabled` tinyint(4) DEFAULT NULL COMMENT '是否启用',
  `theme_update` varchar(255) DEFAULT NULL COMMENT '是否可以更新，为空不可更新',
  `theme_touch` json DEFAULT NULL COMMENT '联系方式',
  `theme_version` varchar(255) DEFAULT NULL COMMENT '主题版本号',
  PRIMARY KEY (`web_id`,`theme_name`)
) ENGINE=InnoDB DEFAULT CHARSET=utf8 COMMENT='主题表';
/*!40101 SET character_set_client = @saved_cs_client */;

--
-- Dumping data for table `cms_theme`
--

LOCK TABLES `cms_theme` WRITE;
/*!40000 ALTER TABLE `cms_theme` DISABLE KEYS */;
INSERT INTO `cms_theme` VALUES (1,'zgblog','admin','止戈','2022-12-09 13:40:44','zgCms系统默认博客主题',0,NULL,'{\"mail\": \"634866553@qq.com\", \"phone\": 17678999448}','v.1.0'),(1,'zgblog2','admin','止戈','2022-12-09 13:40:44','zgCms系统默认博客主题',0,NULL,'{\"mail\": \"634866553@qq.com\", \"phone\": 17678999448}','v.1.0');
/*!40000 ALTER TABLE `cms_theme` ENABLE KEYS */;
UNLOCK TABLES;

--
-- Table structure for table `cms_third`
--

DROP TABLE IF EXISTS `cms_third`;
/*!40101 SET @saved_cs_client     = @@character_set_client */;
 SET character_set_client = utf8mb4 ;
CREATE TABLE `cms_third` (
  `id` int(10) unsigned NOT NULL AUTO_INCREMENT COMMENT 'ID',
  `user_id` int(10) unsigned NOT NULL DEFAULT '0' COMMENT '会员ID',
  `platform` varchar(30) NOT NULL DEFAULT '' COMMENT '第三方应用',
  `openid` varchar(50) NOT NULL DEFAULT '' COMMENT '第三方唯一ID',
  `openname` varchar(50) NOT NULL DEFAULT '' COMMENT '第三方会员昵称',
  `access_token` varchar(255) NOT NULL DEFAULT '' COMMENT 'AccessToken',
  `refresh_token` varchar(255) NOT NULL DEFAULT 'RefreshToken',
  `expires_in` int(10) unsigned NOT NULL DEFAULT '0' COMMENT '有效期',
  `createtime` int(10) unsigned DEFAULT NULL COMMENT '创建时间',
  `updatetime` int(10) unsigned DEFAULT NULL COMMENT '更新时间',
  `logintime` int(10) unsigned DEFAULT NULL COMMENT '登录时间',
  `expiretime` int(10) unsigned DEFAULT NULL COMMENT '过期时间',
  PRIMARY KEY (`id`),
  UNIQUE KEY `platform` (`platform`,`openid`),
  KEY `user_id` (`user_id`,`platform`)
) ENGINE=InnoDB DEFAULT CHARSET=utf8 COMMENT='第三方登录表';
/*!40101 SET character_set_client = @saved_cs_client */;

--
-- Dumping data for table `cms_third`
--

LOCK TABLES `cms_third` WRITE;
/*!40000 ALTER TABLE `cms_third` DISABLE KEYS */;
/*!40000 ALTER TABLE `cms_third` ENABLE KEYS */;
UNLOCK TABLES;

--
-- Table structure for table `cms_union`
--

DROP TABLE IF EXISTS `cms_union`;
/*!40101 SET @saved_cs_client     = @@character_set_client */;
 SET character_set_client = utf8mb4 ;
CREATE TABLE `cms_union` (
  `shop_id` varchar(64) NOT NULL COMMENT '商品id',
  `shop_name` varchar(256) DEFAULT NULL COMMENT '商品名称',
  `shop_img` varchar(1024) DEFAULT NULL COMMENT '商品主图',
  `shop_index` varchar(1024) DEFAULT NULL COMMENT '商品详情页链接地址',
  `home_name` varchar(128) DEFAULT NULL COMMENT '店铺名称',
  `shop_price` decimal(10,2) DEFAULT NULL COMMENT '商品价格(单位：元)',
  `shop_sales` int(11) DEFAULT NULL COMMENT '商品月销量',
  `income_ratio` double DEFAULT NULL COMMENT '收入比率(%)',
  `commission` decimal(10,2) DEFAULT NULL COMMENT '佣金',
  `wang_name` varchar(128) DEFAULT NULL COMMENT '卖家旺旺',
  `sort_url` varchar(128) DEFAULT NULL COMMENT '淘宝客短链接(300天内有效)',
  `taoke_url` varchar(1024) DEFAULT NULL COMMENT '淘宝客链接',
  `coupon_count` int(11) DEFAULT NULL COMMENT '优惠券总量',
  `coupon_num` int(11) DEFAULT NULL COMMENT '优惠券剩余量',
  `coupon_price` decimal(10,2) DEFAULT NULL COMMENT '优惠券面额',
  `coupon_start_time` datetime DEFAULT NULL COMMENT '优惠券开始时间',
  `coupon_end_time` datetime DEFAULT NULL COMMENT '优惠券结束时间',
  `coupon_url` varchar(1024) DEFAULT NULL COMMENT '优惠券链接',
  `coupon_code` varchar(128) DEFAULT NULL COMMENT '优惠券淘口令(30天内有效)',
  `coupon_sort_url` varchar(128) DEFAULT NULL COMMENT '优惠券短链接(300天内有效)',
  `market_is` varchar(2) DEFAULT NULL COMMENT '是否为营销计划商品',
  `group_num` int(11) DEFAULT NULL COMMENT '拼团人数',
  `group_price` decimal(10,2) DEFAULT NULL COMMENT '拼团价',
  `group_commission` decimal(10,2) DEFAULT NULL COMMENT '团队佣金比例',
  `group_start_time` datetime DEFAULT NULL COMMENT '拼团开始时间',
  `group_end_time` datetime DEFAULT NULL COMMENT '拼团结束时间',
  `create_by` varchar(64) DEFAULT NULL COMMENT '创建人',
  `update_by` varchar(64) DEFAULT NULL COMMENT '更新人',
  `create_time` datetime DEFAULT NULL COMMENT '创建时间',
  `update_time` datetime DEFAULT NULL COMMENT '修改时间',
  `remark` varchar(1024) DEFAULT NULL COMMENT '备注',
  `visible` tinyint(1) DEFAULT NULL COMMENT '商品状态',
  `shop_content` mediumtext COMMENT '内容描述',
  `union_type` char(5) DEFAULT NULL COMMENT '联盟来源',
  `tags` varchar(45) DEFAULT NULL COMMENT '关联标签',
  `cats` varchar(45) DEFAULT NULL COMMENT '关联分类',
  PRIMARY KEY (`shop_id`)
) ENGINE=InnoDB DEFAULT CHARSET=utf8 COMMENT='联盟推广';
/*!40101 SET character_set_client = @saved_cs_client */;

--
-- Dumping data for table `cms_union`
--

LOCK TABLES `cms_union` WRITE;
/*!40000 ALTER TABLE `cms_union` DISABLE KEYS */;
/*!40000 ALTER TABLE `cms_union` ENABLE KEYS */;
UNLOCK TABLES;

--
-- Table structure for table `cms_web`
--

DROP TABLE IF EXISTS `cms_web`;
/*!40101 SET @saved_cs_client     = @@character_set_client */;
 SET character_set_client = utf8mb4 ;
CREATE TABLE `cms_web` (
  `web_id` int(11) NOT NULL AUTO_INCREMENT COMMENT '站点ID',
  `web_name` varchar(64) NOT NULL COMMENT '站点名',
  `web_url` varchar(64) NOT NULL COMMENT '站点地址',
  `create_time` datetime DEFAULT NULL COMMENT '添加时间',
  `update_time` datetime DEFAULT NULL COMMENT '修改时间',
  `update_by` varchar(64) DEFAULT '' COMMENT '修改人',
  `create_by` varchar(64) DEFAULT '' COMMENT '创建人',
  `remark` varchar(255) CHARACTER SET utf8mb4 COLLATE utf8mb4_bin DEFAULT NULL COMMENT '描述',
  `manage_ip` varchar(64) DEFAULT NULL COMMENT '管理Ip',
  PRIMARY KEY (`web_id`)
) ENGINE=InnoDB AUTO_INCREMENT=2 DEFAULT CHARSET=utf8 COMMENT='站点';
/*!40101 SET character_set_client = @saved_cs_client */;

--
-- Dumping data for table `cms_web`
--

LOCK TABLES `cms_web` WRITE;
/*!40000 ALTER TABLE `cms_web` DISABLE KEYS */;
INSERT INTO `cms_web` VALUES (1,'示例站点','http://127.0.0.1:8090','2022-12-06 18:25:32','2022-12-08 19:59:31','admin','','示例站点','127.0.0.1');
/*!40000 ALTER TABLE `cms_web` ENABLE KEYS */;
UNLOCK TABLES;

--
-- Table structure for table `gen_table`
--

DROP TABLE IF EXISTS `gen_table`;
/*!40101 SET @saved_cs_client     = @@character_set_client */;
 SET character_set_client = utf8mb4 ;
CREATE TABLE `gen_table` (
  `table_id` bigint(20) NOT NULL AUTO_INCREMENT COMMENT '编号',
  `table_name` varchar(200) DEFAULT '' COMMENT '表名称',
  `table_comment` varchar(500) DEFAULT '' COMMENT '表描述',
  `sub_table_name` varchar(64) DEFAULT NULL COMMENT '关联子表的表名',
  `sub_table_fk_name` varchar(64) DEFAULT NULL COMMENT '子表关联的外键名',
  `class_name` varchar(100) DEFAULT '' COMMENT '实体类名称',
  `tpl_category` varchar(200) DEFAULT 'crud' COMMENT '使用的模板（crud单表操作 tree树表操作）',
  `package_name` varchar(100) DEFAULT NULL COMMENT '生成包路径',
  `module_name` varchar(30) DEFAULT NULL COMMENT '生成模块名',
  `business_name` varchar(30) DEFAULT NULL COMMENT '生成业务名',
  `function_name` varchar(50) DEFAULT NULL COMMENT '生成功能名',
  `function_author` varchar(50) DEFAULT NULL COMMENT '生成功能作者',
  `gen_type` char(1) DEFAULT '0' COMMENT '生成代码方式（0zip压缩包 1自定义路径）',
  `gen_path` varchar(200) DEFAULT '/' COMMENT '生成路径（不填默认项目路径）',
  `options` varchar(1000) DEFAULT NULL COMMENT '其它生成选项',
  `create_by` varchar(64) DEFAULT '' COMMENT '创建者',
  `create_time` datetime DEFAULT NULL COMMENT '创建时间',
  `update_by` varchar(64) DEFAULT '' COMMENT '更新者',
  `update_time` datetime DEFAULT NULL COMMENT '更新时间',
  `remark` varchar(500) DEFAULT NULL COMMENT '备注',
  PRIMARY KEY (`table_id`)
) ENGINE=InnoDB AUTO_INCREMENT=14 DEFAULT CHARSET=utf8mb4 COLLATE=utf8mb4_0900_ai_ci COMMENT='代码生成业务表';
/*!40101 SET character_set_client = @saved_cs_client */;

--
-- Dumping data for table `gen_table`
--

LOCK TABLES `gen_table` WRITE;
/*!40000 ALTER TABLE `gen_table` DISABLE KEYS */;
INSERT INTO `gen_table` VALUES (3,'cms_article','文章表',NULL,NULL,'CmsArticle','crud','com.oly.cms','cms','article','文章','zhige','0','/','{\"parentMenuId\":\"\"}','admin','2022-11-11 20:55:38','','2022-11-20 23:05:33','文章'),(4,'cms_article_count','文章统计表',NULL,NULL,'CmsArticleCount','crud','com.grace.system','system','count','文章统计','grace','0','/',NULL,'admin','2022-11-11 20:55:38','',NULL,NULL),(5,'cms_article_tag','文章关联标签',NULL,NULL,'CmsArticleTag','crud','com.grace.system','system','tag','文章关联标签','grace','0','/',NULL,'admin','2022-11-11 20:55:38','',NULL,NULL),(11,'cms_theme','主题表',NULL,NULL,'CmsTheme','crud','com.grace.system','cms','theme','主题','zhiGe','0','/','{\"parentMenuId\":\"\"}','admin','2022-11-11 20:55:38','','2022-12-06 20:55:10','主题表'),(13,'cms_web','站点',NULL,NULL,'CmsWeb','crud','com.oly.cms','cms','web','站点','zhiGe','0','/','{\"parentMenuId\":\"\"}','admin','2022-12-06 11:02:07','','2022-12-06 11:07:02','内容站点');
/*!40000 ALTER TABLE `gen_table` ENABLE KEYS */;
UNLOCK TABLES;

--
-- Table structure for table `gen_table_column`
--

DROP TABLE IF EXISTS `gen_table_column`;
/*!40101 SET @saved_cs_client     = @@character_set_client */;
 SET character_set_client = utf8mb4 ;
CREATE TABLE `gen_table_column` (
  `column_id` bigint(20) NOT NULL AUTO_INCREMENT COMMENT '编号',
  `table_id` varchar(64) DEFAULT NULL COMMENT '归属表编号',
  `column_name` varchar(200) DEFAULT NULL COMMENT '列名称',
  `column_comment` varchar(500) DEFAULT NULL COMMENT '列描述',
  `column_type` varchar(100) DEFAULT NULL COMMENT '列类型',
  `java_type` varchar(500) DEFAULT NULL COMMENT 'JAVA类型',
  `java_field` varchar(200) DEFAULT NULL COMMENT 'JAVA字段名',
  `is_pk` char(1) DEFAULT NULL COMMENT '是否主键（1是）',
  `is_increment` char(1) DEFAULT NULL COMMENT '是否自增（1是）',
  `is_required` char(1) DEFAULT NULL COMMENT '是否必填（1是）',
  `is_insert` char(1) DEFAULT NULL COMMENT '是否为插入字段（1是）',
  `is_edit` char(1) DEFAULT NULL COMMENT '是否编辑字段（1是）',
  `is_list` char(1) DEFAULT NULL COMMENT '是否列表字段（1是）',
  `is_query` char(1) DEFAULT NULL COMMENT '是否查询字段（1是）',
  `query_type` varchar(200) DEFAULT 'EQ' COMMENT '查询方式（等于、不等于、大于、小于、范围）',
  `html_type` varchar(200) DEFAULT NULL COMMENT '显示类型（文本框、文本域、下拉框、复选框、单选框、日期控件）',
  `dict_type` varchar(200) DEFAULT '' COMMENT '字典类型',
  `sort` int(11) DEFAULT NULL COMMENT '排序',
  `create_by` varchar(64) DEFAULT '' COMMENT '创建者',
  `create_time` datetime DEFAULT NULL COMMENT '创建时间',
  `update_by` varchar(64) DEFAULT '' COMMENT '更新者',
  `update_time` datetime DEFAULT NULL COMMENT '更新时间',
  PRIMARY KEY (`column_id`)
) ENGINE=InnoDB AUTO_INCREMENT=178 DEFAULT CHARSET=utf8mb4 COLLATE=utf8mb4_0900_ai_ci COMMENT='代码生成业务表字段';
/*!40101 SET character_set_client = @saved_cs_client */;

--
-- Dumping data for table `gen_table_column`
--

LOCK TABLES `gen_table_column` WRITE;
/*!40000 ALTER TABLE `gen_table_column` DISABLE KEYS */;
INSERT INTO `gen_table_column` VALUES (28,'3','article_id','文章id','bigint(20)','Long','articleId','1','1',NULL,'1',NULL,NULL,'1','EQ','input','',1,'admin','2022-11-11 20:55:38','','2022-11-20 23:05:33'),(29,'3','article_title','文章标题','varchar(255)','String','articleTitle','0','0','1','1','1','1','1','EQ','input','',2,'admin','2022-11-11 20:55:38','','2022-11-20 23:05:33'),(30,'3','create_by','发表人','varchar(64)','String','createBy','0','0','1','1',NULL,NULL,'1','EQ','input','',3,'admin','2022-11-11 20:55:38','','2022-11-20 23:05:33'),(31,'3','create_time','创建时间','datetime','Date','createTime','0','0','1','1',NULL,NULL,NULL,'EQ','datetime','',4,'admin','2022-11-11 20:55:38','','2022-11-20 23:05:33'),(32,'3','update_by','更新人','varchar(64)','String','updateBy','0','0',NULL,'1','1',NULL,NULL,'EQ','input','',5,'admin','2022-11-11 20:55:38','','2022-11-20 23:05:33'),(33,'3','update_time','更新时间','datetime','Date','updateTime','0','0',NULL,'1','1',NULL,NULL,'EQ','datetime','',6,'admin','2022-11-11 20:55:38','','2022-11-20 23:05:33'),(34,'3','article_type','文章类型','tinyint(2)','Integer','articleType','0','0','1','1','1','1','1','EQ','select','',7,'admin','2022-11-11 20:55:38','','2022-11-20 23:05:33'),(35,'3','article_content','文章内容','mediumtext','String','articleContent','0','0','1','1','1','1','0','EQ','editor','',8,'admin','2022-11-11 20:55:38','','2022-11-20 23:05:33'),(36,'3','article_build','编辑器','tinyint(2)','Integer','articleBuild','0','0','1','1','1','1','0','EQ','input','',9,'admin','2022-11-11 20:55:38','','2022-11-20 23:05:33'),(37,'3','article_top','顶置级别','tinyint(2)','Integer','articleTop','0','0',NULL,'1','1','1','1','EQ','input','',10,'admin','2022-11-11 20:55:38','','2022-11-20 23:05:33'),(38,'3','article_img','预览缩略图','varchar(1024)','String','articleImg','0','0',NULL,'1','1','1','0','EQ','textarea','',11,'admin','2022-11-11 20:55:38','','2022-11-20 23:05:33'),(39,'3','article_summary','文章预览','varchar(255)','String','articleSummary','0','0',NULL,'1','1','1','0','EQ','input','',12,'admin','2022-11-11 20:55:38','','2022-11-20 23:05:33'),(40,'3','visible','状态','tinyint(1)','Integer','visible','0','0','1','1','1','1','1','EQ','input','',13,'admin','2022-11-11 20:55:38','','2022-11-20 23:05:33'),(41,'3','allow_comment','是否允许回复 0关闭 1开启','tinyint(1)','Integer','allowComment','0','0','1','1','1','1','0','EQ','input','',14,'admin','2022-11-11 20:55:38','','2022-11-20 23:05:33'),(42,'3','reprint_url','转载url','varchar(255)','String','reprintUrl','0','0',NULL,'1','1','1','0','EQ','input','',15,'admin','2022-11-11 20:55:38','','2022-11-20 23:05:33'),(43,'3','article_url','文章链接别名','varchar(255)','String','articleUrl','0','0',NULL,'1','1','1','0','EQ','input','',16,'admin','2022-11-11 20:55:38','','2022-11-20 23:05:33'),(44,'3','keywords','关键词','varchar(255)','String','keywords','0','0',NULL,'1','1','1','0','EQ','input','',17,'admin','2022-11-11 20:55:38','','2022-11-20 23:05:33'),(45,'3','description','描述','varchar(255)','String','description','0','0',NULL,'1','1','1','0','EQ','input','',18,'admin','2022-11-11 20:55:38','','2022-11-20 23:05:33'),(46,'3','article_md','md源码','mediumtext','String','articleMd','0','0',NULL,'1','1','1','0','EQ','textarea','',19,'admin','2022-11-11 20:55:38','','2022-11-20 23:05:33'),(47,'4','article_id','文章Id','bigint(20)','Long','articleId','1','0',NULL,'1',NULL,NULL,NULL,'EQ','input','',1,'admin','2022-11-11 20:55:38','',NULL),(48,'4','article_look','浏览数','bigint(20)','Long','articleLook','0','0',NULL,'1','1','1','1','EQ','input','',2,'admin','2022-11-11 20:55:38','',NULL),(49,'4','article_like','喜欢数','bigint(20)','Long','articleLike','0','0',NULL,'1','1','1','1','EQ','input','',3,'admin','2022-11-11 20:55:38','',NULL),(50,'4','article_nasty','不喜欢数','bigint(20)','Long','articleNasty','0','0',NULL,'1','1','1','1','EQ','input','',4,'admin','2022-11-11 20:55:38','',NULL),(51,'4','article_discuss','讨论数','bigint(20)','Long','articleDiscuss','0','0',NULL,'1','1','1','1','EQ','input','',5,'admin','2022-11-11 20:55:38','',NULL),(52,'4','article_score','评分','float(4,2)','BigDecimal','articleScore','0','0',NULL,'1','1','1','1','EQ','input','',6,'admin','2022-11-11 20:55:38','',NULL),(53,'4','article_share','分享数','bigint(20)','Long','articleShare','0','0',NULL,'1','1','1','1','EQ','input','',7,'admin','2022-11-11 20:55:38','',NULL),(54,'4','article_collect','收藏数','bigint(20)','Long','articleCollect','0','0',NULL,'1','1','1','1','EQ','input','',8,'admin','2022-11-11 20:55:38','',NULL),(55,'5','article_id','文章id','bigint(20)','Long','articleId','1','0',NULL,'1',NULL,NULL,NULL,'EQ','input','',1,'admin','2022-11-11 20:55:38','',NULL),(56,'5','tag_id','标签','bigint(20)','Long','tagId','1','0',NULL,'1',NULL,NULL,NULL,'EQ','input','',2,'admin','2022-11-11 20:55:38','',NULL),(139,'11','theme_id','主题ID','int(11)','Long','themeId','1','1',NULL,'1',NULL,'1',NULL,'EQ','input','',1,'admin','2022-11-11 20:55:38','','2022-12-06 20:55:10'),(140,'11','theme_name','主题名','varchar(255)','String','themeName','0','0','1','1','0','1','0','LIKE','input','',3,'admin','2022-11-11 20:55:38','','2022-12-06 20:55:10'),(141,'11','create_by','上传者ID','varchar(64)','String','createBy','0','0',NULL,'1',NULL,'1',NULL,'EQ','input','',4,'admin','2022-11-11 20:55:38','','2022-12-06 20:55:10'),(142,'11','theme_author','主题作者','varchar(255)','String','themeAuthor','0','0',NULL,'1','0','1','0','EQ','input','',5,'admin','2022-11-11 20:55:38','','2022-12-06 20:55:10'),(143,'11','create_time','上传时间','datetime','Date','createTime','0','0',NULL,'1',NULL,'1',NULL,'EQ','datetime','',6,'admin','2022-11-11 20:55:38','','2022-12-06 20:55:10'),(144,'11','theme_info','主题介绍','varchar(255)','String','themeInfo','0','0',NULL,'1','0','1','0','EQ','input','',7,'admin','2022-11-11 20:55:38','','2022-12-06 20:55:10'),(145,'11','theme_enabled','是否启用','tinyint(4)','Integer','themeEnabled','0','0',NULL,'1','0','1','0','EQ','input','',8,'admin','2022-11-11 20:55:38','','2022-12-06 20:55:10'),(146,'11','theme_update','更新地址','varchar(255)','String','themeUpdate','0','0',NULL,'1','0','1','1','EQ','input','',9,'admin','2022-11-11 20:55:38','','2022-12-06 20:55:10'),(147,'11','theme_touch','联系方式','varchar(255)','String','themeTouch','0','0',NULL,'1','0','1','1','EQ','input','',10,'admin','2022-11-11 20:55:38','','2022-12-06 20:55:10'),(148,'11','theme_version','主题版本号','varchar(255)','String','themeVersion','0','0',NULL,'1','0','1','1','EQ','input','',11,'admin','2022-11-11 20:55:38','','2022-12-06 20:55:10'),(169,'13','web_id','站点ID','int(11)','Long','webId','1','1',NULL,'1',NULL,NULL,NULL,'EQ','input','',1,'admin','2022-12-06 11:02:07','','2022-12-06 11:07:02'),(170,'13','web_name','站点名','varchar(64)','String','webName','0','0','1','1','1','1','1','LIKE','input','',2,'admin','2022-12-06 11:02:07','','2022-12-06 11:07:02'),(171,'13','web_ip','站点Ip','varchar(64)','String','webIp','0','0','1','1','1','1','1','EQ','input','',3,'admin','2022-12-06 11:02:07','','2022-12-06 11:07:02'),(172,'13','create_time','添加时间','datetime','Date','createTime','0','0',NULL,'1','0','1','1','EQ','datetime','',4,'admin','2022-12-06 11:02:07','','2022-12-06 11:07:02'),(173,'13','update_time','修改时间','datetime','Date','updateTime','0','0',NULL,'0','1',NULL,NULL,'EQ','datetime','',5,'admin','2022-12-06 11:02:07','','2022-12-06 11:07:02'),(174,'13','update_by','更新人','varchar(64)','String','updateBy','0','0',NULL,'0','1',NULL,NULL,'EQ','input','',6,'admin','2022-12-06 11:02:07','','2022-12-06 11:07:02'),(175,'13','create_by','创建人','varchar(64)','String','createBy','0','0',NULL,'1','0','1','1','EQ','input','',7,'admin','2022-12-06 11:02:07','','2022-12-06 11:07:02'),(176,'13','remark','描述','varchar(255)','String','remark','0','0',NULL,'1','1','1',NULL,'EQ','input','',8,'admin','2022-12-06 11:02:07','','2022-12-06 11:07:02'),(177,'11','web_id','站点ID','int(11)','Long','webId','0','0','1','1','0','1','0','EQ','input','',2,'','2022-12-06 20:46:37','','2022-12-06 20:55:10');
/*!40000 ALTER TABLE `gen_table_column` ENABLE KEYS */;
UNLOCK TABLES;

--
-- Table structure for table `oly_mail`
--

DROP TABLE IF EXISTS `oly_mail`;
/*!40101 SET @saved_cs_client     = @@character_set_client */;
 SET character_set_client = utf8mb4 ;
CREATE TABLE `oly_mail` (
  `mail_id` bigint(20) NOT NULL AUTO_INCREMENT COMMENT 'ID',
  `from_mail` varchar(50) DEFAULT NULL COMMENT '发送者邮箱',
  `create_by` varchar(64) DEFAULT NULL COMMENT '创建人 默认为空',
  `create_time` datetime DEFAULT NULL COMMENT '创建时间',
  `to_mail` varchar(50) DEFAULT NULL COMMENT '接收者邮箱',
  `subject` varchar(255) CHARACTER SET utf8mb4 COLLATE utf8mb4_0900_ai_ci DEFAULT NULL COMMENT '主题',
  `content` text CHARACTER SET utf8mb4 COLLATE utf8mb4_0900_ai_ci COMMENT '内容',
  `mail_type` tinyint(1) DEFAULT '0' COMMENT '邮件类型 文本 附件 模板',
  `send_time` datetime DEFAULT NULL COMMENT '发送时间',
  `copy_to` varchar(255) DEFAULT NULL COMMENT '抄送用户',
  `remark` varchar(255) DEFAULT NULL COMMENT '描述',
  `mail_used` tinyint(1) DEFAULT NULL COMMENT '邮件用途',
  `bcc_to` varchar(255) DEFAULT NULL COMMENT '密送用户',
  `visible` tinyint(1) DEFAULT NULL COMMENT '邮件状态  0.未发送 1.已发送',
  `attach_keys` varchar(1024) DEFAULT NULL COMMENT '附件地址:按照逗号分隔',
  PRIMARY KEY (`mail_id`)
) ENGINE=InnoDB AUTO_INCREMENT=49 DEFAULT CHARSET=utf8 COMMENT='邮件表';
/*!40101 SET character_set_client = @saved_cs_client */;

--
-- Dumping data for table `oly_mail`
--

LOCK TABLES `oly_mail` WRITE;
/*!40000 ALTER TABLE `oly_mail` DISABLE KEYS */;
INSERT INTO `oly_mail` VALUES (47,'m17678999448@163.com',NULL,'2022-11-11 10:24:49','634866553@qq.com','测试邮件爱爱爱爱','<p>测试邮件爱爱爱爱测试邮件爱爱爱爱测试邮件爱爱爱爱测试邮件<span style=\"background-color: rgb(0, 41, 102);\">爱爱爱爱测试邮件爱爱爱爱</span></p>',1,'2022-11-11 10:24:48',NULL,NULL,0,NULL,1,NULL);
/*!40000 ALTER TABLE `oly_mail` ENABLE KEYS */;
UNLOCK TABLES;

--
-- Table structure for table `oly_oss`
--

DROP TABLE IF EXISTS `oly_oss`;
/*!40101 SET @saved_cs_client     = @@character_set_client */;
 SET character_set_client = utf8mb4 ;
CREATE TABLE `oly_oss` (
  `id` bigint(20) NOT NULL AUTO_INCREMENT,
  `create_by` varchar(64) DEFAULT '' COMMENT '创建者',
  `create_time` datetime DEFAULT NULL COMMENT '创建时间',
  `file_name` varchar(128) DEFAULT NULL COMMENT '文件名',
  `size` bigint(20) DEFAULT NULL COMMENT '文件大小',
  `fk` varchar(256) DEFAULT NULL COMMENT '唯一路径',
  `file_type` varchar(64) DEFAULT NULL COMMENT '文件类型',
  `domain` varchar(128) DEFAULT NULL COMMENT '域名',
  `remark` varchar(500) DEFAULT NULL COMMENT '备注',
  `oss_type` varchar(16) DEFAULT 'native' COMMENT '储存类型 ',
  PRIMARY KEY (`id`)
) ENGINE=InnoDB AUTO_INCREMENT=471 DEFAULT CHARSET=utf8 COMMENT='文件存储';
/*!40101 SET character_set_client = @saved_cs_client */;

--
-- Dumping data for table `oly_oss`
--

LOCK TABLES `oly_oss` WRITE;
/*!40000 ALTER TABLE `oly_oss` DISABLE KEYS */;
INSERT INTO `oly_oss` VALUES (362,'','2022-11-16 00:43:03','44.png',19064,'image/2022/11/16/44_20221116004303A004.png','image','/server/oss/download/',NULL,'native'),(363,'','2022-11-16 00:45:17','44.png',19064,'image/2022/11/16/44_20221116004517A005.png','image','/server/oss/download/',NULL,'native'),(364,'','2022-11-16 00:46:55','44.png',19064,'image/2022/11/16/44_20221116004655A006.png','image','/server/oss/download/',NULL,'native'),(365,'','2022-11-16 00:48:50','44.png',19064,'image/2022/11/16/44_20221116004850A007.png','image','/server/oss/download/',NULL,'native'),(366,'','2022-11-16 00:50:24','44.png',19064,'image/2022/11/16/44_20221116005024A008.png','image','/server/oss/download/',NULL,'native'),(367,'','2022-11-16 00:51:00','44.png',19064,'image/2022/11/16/44_20221116005100A009.png','image','/server/oss/download/',NULL,'native'),(368,'','2022-11-16 00:51:40','44.png',19064,'image/2022/11/16/44_20221116005140A010.png','image','/server/oss/download/',NULL,'native'),(369,'','2022-11-16 00:52:11','44.png',19064,'image/2022/11/16/44_20221116005211A011.png','image','/server/oss/download/',NULL,'native'),(370,'','2022-11-16 00:53:08','44.png',19064,'image/2022/11/16/44_20221116005308A012.png','image','/server/oss/download/',NULL,'native'),(371,'','2022-11-16 00:57:50','44.png',19064,'image/2022/11/16/44_20221116005750A013.png','image','/server/oss/download/',NULL,'native'),(372,'','2022-11-16 01:03:06','44.png',19064,'image/2022/11/16/44_20221116010306A014.png','image','/server/oss/download/',NULL,'native'),(373,'','2022-11-16 01:17:28','44.png',19064,'image/2022/11/16/44_20221116011728A015.png','image','/server/oss/download/',NULL,'native'),(374,'','2022-11-16 01:18:01','44.png',19064,'image/2022/11/16/44_20221116011801A016.png','image','/server/oss/download/',NULL,'native'),(375,'','2022-11-16 01:25:14','44.png',19064,'image/2022/11/16/44_20221116012514A017.png','image','/server/oss/download/',NULL,'native'),(376,'','2022-11-16 09:20:48','44.png',19064,'image/2022/11/16/44_20221116092048A001.png','image','/server/oss/download/',NULL,'native'),(377,'','2022-11-16 09:20:57','100sh.jpg',209684,'image/2022/11/16/100sh_20221116092057A002.jpg','image','/server/oss/download/',NULL,'native'),(378,'','2022-11-16 09:21:04','44.png',19064,'image/2022/11/16/44_20221116092104A003.png','image','/server/oss/download/',NULL,'native'),(379,'','2022-11-16 09:21:25','44.png',19064,'image/2022/11/16/44_20221116092125A004.png','image','/server/oss/download/',NULL,'native'),(380,'','2022-11-16 09:23:47','44.png',19064,'image/2022/11/16/44_20221116092347A005.png','image','/server/oss/download/',NULL,'native'),(381,'','2022-11-16 09:24:38','44.png',19064,'image/2022/11/16/44_20221116092438A006.png','image','/server/oss/download/',NULL,'native'),(382,'','2022-11-16 09:25:04','44.png',19064,'image/2022/11/16/44_20221116092504A007.png','image','/server/oss/download/',NULL,'native'),(383,'','2022-11-16 09:26:33','44.png',19064,'image/2022/11/16/44_20221116092633A008.png','image','/server/oss/download/',NULL,'native'),(384,'','2022-11-16 09:26:50','44.png',19064,'image/2022/11/16/44_20221116092650A009.png','image','/server/oss/download/',NULL,'native'),(385,'','2022-11-16 09:28:06','44.png',19064,'image/2022/11/16/44_20221116092806A010.png','image','/server/oss/download/',NULL,'native'),(386,'','2022-11-16 09:29:57','44.png',19064,'image/2022/11/16/44_20221116092957A011.png','image','/server/oss/download/',NULL,'native'),(387,'','2022-11-16 09:31:35','44.png',19064,'image/2022/11/16/44_20221116093135A012.png','image','/server/oss/download/',NULL,'native'),(388,'','2022-11-16 09:52:02','44.png',19064,'image/2022/11/16/44_20221116095202A013.png','image','/server/oss/download/',NULL,'native'),(389,'','2022-11-16 09:53:32','44.png',19064,'image/2022/11/16/44_20221116095332A014.png','image','/server/oss/download/',NULL,'native'),(390,'','2022-11-16 10:01:43','44.png',19064,'image/2022/11/16/44_20221116100143A015.png','image','/server/oss/download/',NULL,'native'),(391,'','2022-11-16 10:07:50','44.png',19064,'image/2022/11/16/44_20221116100750A016.png','image','/server/oss/download/',NULL,'native'),(392,'','2022-11-16 10:12:45','44.png',19064,'image/2022/11/16/44_20221116101245A017.png','image','/server/oss/download/',NULL,'native'),(393,'','2022-11-16 10:14:27','44.png',19064,'image/2022/11/16/44_20221116101427A018.png','image','/server/oss/download/',NULL,'native'),(394,'','2022-11-16 10:17:06','44.png',19064,'image/2022/11/16/44_20221116101706A019.png','image','/server/oss/download/',NULL,'native'),(395,'','2022-11-16 10:17:44','44.png',19064,'image/2022/11/16/44_20221116101744A020.png','image','/server/oss/download/',NULL,'native'),(396,'','2022-11-16 10:18:44','44.png',19064,'image/2022/11/16/44_20221116101844A021.png','image','/server/oss/download/',NULL,'native'),(397,'','2022-11-16 20:01:23','44.png',19064,'image/2022/11/16/44_20221116200123A001.png','image','/server/oss/download/',NULL,'native'),(398,'','2022-11-16 20:03:04','44.png',19064,'image/2022/11/16/44_20221116200304A002.png','image','/server/oss/download/',NULL,'native'),(399,'','2022-11-16 20:07:21','44.png',19064,'image/2022/11/16/44_20221116200721A003.png','image','/server/oss/download/',NULL,'native'),(400,'','2022-11-16 20:18:54','404.png',35850,'image/2022/11/16/404_20221116201854A004.png','image','/server/oss/download/',NULL,'native'),(401,'','2022-11-17 22:43:52','44.png',19064,'image/2022/11/17/44_20221117224352A001.png','image','/server/oss/download/',NULL,'native'),(402,'','2022-11-18 22:52:53','44.png',19064,'image/2022/11/18/44_20221118225253A001.png','image','/server/oss/download/',NULL,'native'),(403,'','2022-11-19 00:49:18','44.png',19064,'image/2022/11/19/44_20221119004918A002.png','image','/server/oss/download/',NULL,'native'),(404,'','2022-11-19 00:50:50','44.png',19064,'image/2022/11/19/44_20221119005050A003.png','image','/server/oss/download/',NULL,'native'),(405,'','2022-11-19 00:53:02','44.png',19064,'image/2022/11/19/44_20221119005302A004.png','image','/server/oss/download/',NULL,'native'),(406,'','2022-11-19 00:55:15','44.png',19064,'image/2022/11/19/44_20221119005515A005.png','image','/server/oss/download/',NULL,'native'),(407,'','2022-11-19 01:06:43','44.png',19064,'image/2022/11/19/44_20221119010643A006.png','image','/server/oss/download/',NULL,'native'),(408,'','2022-11-19 01:07:00','44.png',19064,'image/2022/11/19/44_20221119010700A007.png','image','/server/oss/download/',NULL,'native'),(409,'','2022-11-19 01:12:15','44.png',19064,'image/2022/11/19/44_20221119011215A008.png','image','/server/oss/download/',NULL,'native'),(410,'','2022-11-19 01:21:01','44.png',19064,'image/2022/11/19/44_20221119012101A009.png','image','/server/oss/download/',NULL,'native'),(411,'','2022-11-19 08:51:09','44.png',19064,'image/2022/11/19/44_20221119085109A001.png','image','/server/oss/download/',NULL,'native'),(412,'','2022-11-19 08:51:17','44.png',19064,'image/2022/11/19/44_20221119085117A002.png','image','/server/oss/download/',NULL,'native'),(413,'','2022-11-19 08:52:15','44.png',19064,'image/2022/11/19/44_20221119085215A003.png','image','/server/oss/download/',NULL,'native'),(414,'','2022-11-19 08:52:28','404.png',35850,'image/2022/11/19/404_20221119085228A004.png','image','/server/oss/download/',NULL,'native'),(415,'','2022-11-19 08:57:19','404.png',35850,'image/2022/11/19/404_20221119085719A005.png','image','/server/oss/download/',NULL,'native'),(416,'','2022-11-23 09:17:30','44.png',19064,'image/2022/11/23/44_20221123091730A001.png','image','/server/oss/download/',NULL,'native'),(417,'','2022-11-23 09:21:19','44.png',19064,'image/2022/11/23/44_20221123092119A002.png','image','/server/oss/download/',NULL,'native'),(418,'','2022-11-23 09:22:22','44.png',19064,'image/2022/11/23/44_20221123092222A003.png','image','/server/oss/download/',NULL,'native'),(419,'','2022-11-23 09:22:44','100sh.jpg',209684,'image/2022/11/23/100sh_20221123092244A004.jpg','image','/server/oss/download/',NULL,'native'),(420,'','2022-11-23 09:25:00','44.png',19064,'image/2022/11/23/44_20221123092500A005.png','image','/server/oss/download/',NULL,'native'),(421,'','2022-11-23 09:25:30','44.png',19064,'image/2022/11/23/44_20221123092530A006.png','image','/server/oss/download/',NULL,'native'),(422,'','2022-11-23 09:25:48','44.png',19064,'image/2022/11/23/44_20221123092548A007.png','image','/server/oss/download/',NULL,'native'),(423,'','2022-11-23 09:29:57','44.png',19064,'image/2022/11/23/44_20221123092957A008.png','image','/server/oss/download/',NULL,'native'),(424,'','2022-11-23 09:36:23','44.png',19064,'image/2022/11/23/44_20221123093622A009.png','image','/server/oss/download/',NULL,'native'),(425,'','2022-11-23 09:37:40','44.png',19064,'image/2022/11/23/44_20221123093740A010.png','image','/server/oss/download/',NULL,'native'),(426,'','2022-11-23 09:38:42','44.png',19064,'image/2022/11/23/44_20221123093842A011.png','image','/server/oss/download/',NULL,'native'),(427,'','2022-11-23 09:40:10','44.png',19064,'image/2022/11/23/44_20221123094010A012.png','image','/server/oss/download/',NULL,'native'),(428,'','2022-11-23 09:41:59','44.png',19064,'image/2022/11/23/44_20221123094159A013.png','image','/server/oss/download/',NULL,'native'),(429,'','2022-11-23 09:42:14','100sh.jpg',209684,'image/2022/11/23/100sh_20221123094214A014.jpg','image','/server/oss/download/',NULL,'native'),(430,'','2022-11-23 09:45:53','44.png',19064,'image/2022/11/23/44_20221123094553A015.png','image','/server/oss/download/',NULL,'native'),(431,'','2022-11-23 09:46:17','404.jpg',16393,'image/2022/11/23/404_20221123094617A016.jpg','image','/server/oss/download/',NULL,'native'),(432,'','2022-11-23 09:50:10','44.png',19064,'image/2022/11/23/44_20221123095010A017.png','image','/server/oss/download/',NULL,'native'),(433,'','2022-11-23 09:51:10','44.png',19064,'image/2022/11/23/44_20221123095110A018.png','image','/server/oss/download/',NULL,'native'),(434,'','2022-11-23 09:59:14','44.png',19064,'image/2022/11/23/44_20221123095913A019.png','image','/server/oss/download/',NULL,'native'),(435,'','2022-11-27 01:23:22','44.png',19064,'image/2022/11/27/44_20221127012321A001.png','image','/server/oss/download/',NULL,'native'),(436,'','2022-11-27 01:23:56','44.png',19064,'image/2022/11/27/44_20221127012356A002.png','image','/server/oss/download/',NULL,'native'),(437,'','2022-11-27 11:56:44','44.png',19064,'image/2022/11/27/44_20221127115644A001.png','image','/server/oss/download/',NULL,'native'),(438,'','2022-11-27 11:56:49','404.png',35850,'image/2022/11/27/404_20221127115649A002.png','image','/server/oss/download/',NULL,'native'),(439,'','2022-11-27 11:56:55','404.png',35850,'image/2022/11/27/404_20221127115655A003.png','image','/server/oss/download/',NULL,'native'),(440,'','2022-11-27 11:57:18','44.png',19064,'image/2022/11/27/44_20221127115718A004.png','image','/server/oss/download/',NULL,'native'),(441,'','2022-11-27 12:01:25','44.png',19064,'image/2022/11/27/44_20221127120125A005.png','image','/server/oss/download/',NULL,'native'),(442,'','2022-11-27 12:01:30','100sh.jpg',209684,'image/2022/11/27/100sh_20221127120130A006.jpg','image','/server/oss/download/',NULL,'native'),(443,'','2022-11-27 19:12:27','44.png',19064,'image/2022/11/27/44_20221127191227A001.png','image','/server/oss/download/',NULL,'native'),(444,'','2022-11-27 19:12:31','404.png',35850,'image/2022/11/27/404_20221127191231A002.png','image','/server/oss/download/',NULL,'native'),(445,'','2022-11-27 20:22:01','44.png',19064,'image/2022/11/27/44_20221127202201A003.png','image','/server/oss/download/',NULL,'native'),(446,'','2022-11-27 20:22:04','100sh.jpg',209684,'image/2022/11/27/100sh_20221127202204A004.jpg','image','/server/oss/download/',NULL,'native'),(447,'','2022-11-27 20:22:08','404.png',35850,'image/2022/11/27/404_20221127202208A005.png','image','/server/oss/download/',NULL,'native'),(448,'','2022-11-27 20:28:11','44.png',19064,'image/2022/11/27/44_20221127202811A006.png','image','/server/oss/download/',NULL,'native'),(449,'','2022-11-27 20:28:14','100sh.jpg',209684,'image/2022/11/27/100sh_20221127202814A007.jpg','image','/server/oss/download/',NULL,'native'),(450,'','2022-11-27 20:28:17','404.jpg',16393,'image/2022/11/27/404_20221127202817A008.jpg','image','/server/oss/download/',NULL,'native'),(451,'','2022-11-27 20:31:03','44.png',19064,'image/2022/11/27/44_20221127203103A009.png','image','/server/oss/download/',NULL,'native'),(452,'','2022-11-27 20:32:38','44.png',19064,'image/2022/11/27/44_20221127203238A010.png','image','/server/oss/download/',NULL,'native'),(453,'','2022-11-27 20:34:45','44.png',19064,'image/2022/11/27/44_20221127203445A011.png','image','/server/oss/download/',NULL,'native'),(454,'','2022-11-27 20:40:56','44.png',19064,'image/2022/11/27/44_20221127204056A012.png','image','/server/oss/download/',NULL,'native'),(455,'','2022-11-27 20:51:11','44.png',19064,'image/2022/11/27/44_20221127205111A013.png','image','/server/oss/download/',NULL,'native'),(456,'','2022-11-27 21:05:07','44.png',19064,'image/2022/11/27/44_20221127210507A014.png','image','/server/oss/download/',NULL,'native'),(457,'','2022-11-27 21:05:17','100sh.jpg',209684,'image/2022/11/27/100sh_20221127210517A015.jpg','image','/server/oss/download/',NULL,'native'),(458,'','2022-11-27 21:09:25','44.png',19064,'image/2022/11/27/44_20221127210924A016.png','image','/server/oss/download/',NULL,'native'),(459,'','2022-11-27 21:09:51','44.png',19064,'image/2022/11/27/44_20221127210950A017.png','image','/server/oss/download/',NULL,'native'),(460,'','2022-11-27 21:13:33','44.png',19064,'image/2022/11/27/44_20221127211333A018.png','image','/server/oss/download/',NULL,'native'),(461,'','2022-11-27 21:14:45','44.png',19064,'image/2022/11/27/44_20221127211445A019.png','image','/server/oss/download/',NULL,'native'),(462,'','2022-11-27 21:33:00','44.png',19064,'image/2022/11/27/44_20221127213300A020.png','image','/server/oss/download/',NULL,'native'),(463,'','2022-11-27 21:35:00','100sh.jpg',209684,'image/2022/11/27/100sh_20221127213500A021.jpg','image','/server/oss/download/',NULL,'native'),(464,'','2022-11-27 21:41:29','404.png',35850,'image/2022/11/27/404_20221127214129A022.png','image','/server/oss/download/',NULL,'native'),(465,'','2022-11-27 21:47:16','404.jpg',16393,'image/2022/11/27/404_20221127214716A023.jpg','image','/server/oss/download/',NULL,'native'),(466,'','2022-11-27 23:56:40','44.png',19064,'image/2022/11/27/44_20221127235640A024.png','image','/server/oss/download/',NULL,'native'),(467,'','2022-11-27 23:56:56','44.png',19064,'image/2022/11/27/44_20221127235656A025.png','image','/server/oss/download/',NULL,'native'),(468,'','2022-11-28 18:30:47','44.png',19064,'image/2022/11/28/44_20221128183047A001.png','image','/server/oss/download/',NULL,'native'),(469,'','2022-12-01 11:23:48','44.png',19064,'image/2022/12/01/44_20221201112347A001.png','image','/server/oss/download/',NULL,'native'),(470,'','2022-12-11 10:36:27','404_20221105135247A001.jpg',16393,'image/2022/12/11/404_20221105135247A001_20221211103627A001.jpg','image','/server/oss/download/',NULL,'native');
/*!40000 ALTER TABLE `oly_oss` ENABLE KEYS */;
UNLOCK TABLES;

--
-- Table structure for table `oly_template`
--

DROP TABLE IF EXISTS `oly_template`;
/*!40101 SET @saved_cs_client     = @@character_set_client */;
 SET character_set_client = utf8mb4 ;
CREATE TABLE `oly_template` (
  `template_id` bigint(20) NOT NULL AUTO_INCREMENT COMMENT '模板Id',
  `template_name` varchar(32) CHARACTER SET utf8mb4 COLLATE utf8mb4_0900_ai_ci NOT NULL COMMENT '模板名',
  `parent_id` bigint(20) NOT NULL DEFAULT '0' COMMENT '父模板id',
  `create_by` varchar(64) NOT NULL DEFAULT '' COMMENT '创建人',
  `update_by` varchar(64) DEFAULT '' COMMENT '更新人',
  `create_time` timestamp NULL DEFAULT NULL COMMENT '创建时间',
  `update_time` timestamp NULL DEFAULT NULL COMMENT '更新时间',
  `template_type` tinyint(4) NOT NULL COMMENT '类型',
  `visible` tinyint(4) NOT NULL COMMENT '模板状态',
  `built` tinyint(4) NOT NULL COMMENT '是否内置',
  `perms` varchar(128) CHARACTER SET utf8mb4 COLLATE utf8mb4_0900_ai_ci DEFAULT NULL COMMENT '权限字符',
  `order_num` tinyint(4) NOT NULL COMMENT '显示顺序',
  `ancestors` varchar(128) DEFAULT NULL COMMENT '祖级列表',
  `template_url` varchar(1024) DEFAULT NULL COMMENT '模板路径',
  `template_param` varchar(2048) CHARACTER SET utf8mb4 COLLATE utf8mb4_0900_ai_ci DEFAULT NULL COMMENT '模板数据',
  `remark` varchar(128) CHARACTER SET utf8mb4 COLLATE utf8mb4_0900_ai_ci DEFAULT NULL COMMENT '备注',
  PRIMARY KEY (`template_id`)
) ENGINE=InnoDB AUTO_INCREMENT=12 DEFAULT CHARSET=utf8 COMMENT='模板模型';
/*!40101 SET character_set_client = @saved_cs_client */;

--
-- Dumping data for table `oly_template`
--

LOCK TABLES `oly_template` WRITE;
/*!40000 ALTER TABLE `oly_template` DISABLE KEYS */;
/*!40000 ALTER TABLE `oly_template` ENABLE KEYS */;
UNLOCK TABLES;

--
-- Table structure for table `qrtz_blob_triggers`
--

DROP TABLE IF EXISTS `qrtz_blob_triggers`;
/*!40101 SET @saved_cs_client     = @@character_set_client */;
 SET character_set_client = utf8mb4 ;
CREATE TABLE `qrtz_blob_triggers` (
  `sched_name` varchar(120) NOT NULL COMMENT '调度名称',
  `trigger_name` varchar(200) NOT NULL COMMENT 'qrtz_triggers表trigger_name的外键',
  `trigger_group` varchar(200) NOT NULL COMMENT 'qrtz_triggers表trigger_group的外键',
  `blob_data` blob COMMENT '存放持久化Trigger对象',
  PRIMARY KEY (`sched_name`,`trigger_name`,`trigger_group`),
  CONSTRAINT `qrtz_blob_triggers_ibfk_1` FOREIGN KEY (`sched_name`, `trigger_name`, `trigger_group`) REFERENCES `qrtz_triggers` (`sched_name`, `trigger_name`, `trigger_group`)
) ENGINE=InnoDB DEFAULT CHARSET=utf8mb4 COLLATE=utf8mb4_0900_ai_ci COMMENT='Blob类型的触发器表';
/*!40101 SET character_set_client = @saved_cs_client */;

--
-- Dumping data for table `qrtz_blob_triggers`
--

LOCK TABLES `qrtz_blob_triggers` WRITE;
/*!40000 ALTER TABLE `qrtz_blob_triggers` DISABLE KEYS */;
/*!40000 ALTER TABLE `qrtz_blob_triggers` ENABLE KEYS */;
UNLOCK TABLES;

--
-- Table structure for table `qrtz_calendars`
--

DROP TABLE IF EXISTS `qrtz_calendars`;
/*!40101 SET @saved_cs_client     = @@character_set_client */;
 SET character_set_client = utf8mb4 ;
CREATE TABLE `qrtz_calendars` (
  `sched_name` varchar(120) NOT NULL COMMENT '调度名称',
  `calendar_name` varchar(200) NOT NULL COMMENT '日历名称',
  `calendar` blob NOT NULL COMMENT '存放持久化calendar对象',
  PRIMARY KEY (`sched_name`,`calendar_name`)
) ENGINE=InnoDB DEFAULT CHARSET=utf8mb4 COLLATE=utf8mb4_0900_ai_ci COMMENT='日历信息表';
/*!40101 SET character_set_client = @saved_cs_client */;

--
-- Dumping data for table `qrtz_calendars`
--

LOCK TABLES `qrtz_calendars` WRITE;
/*!40000 ALTER TABLE `qrtz_calendars` DISABLE KEYS */;
/*!40000 ALTER TABLE `qrtz_calendars` ENABLE KEYS */;
UNLOCK TABLES;

--
-- Table structure for table `qrtz_cron_triggers`
--

DROP TABLE IF EXISTS `qrtz_cron_triggers`;
/*!40101 SET @saved_cs_client     = @@character_set_client */;
 SET character_set_client = utf8mb4 ;
CREATE TABLE `qrtz_cron_triggers` (
  `sched_name` varchar(120) NOT NULL COMMENT '调度名称',
  `trigger_name` varchar(200) NOT NULL COMMENT 'qrtz_triggers表trigger_name的外键',
  `trigger_group` varchar(200) NOT NULL COMMENT 'qrtz_triggers表trigger_group的外键',
  `cron_expression` varchar(200) NOT NULL COMMENT 'cron表达式',
  `time_zone_id` varchar(80) DEFAULT NULL COMMENT '时区',
  PRIMARY KEY (`sched_name`,`trigger_name`,`trigger_group`),
  CONSTRAINT `qrtz_cron_triggers_ibfk_1` FOREIGN KEY (`sched_name`, `trigger_name`, `trigger_group`) REFERENCES `qrtz_triggers` (`sched_name`, `trigger_name`, `trigger_group`)
) ENGINE=InnoDB DEFAULT CHARSET=utf8mb4 COLLATE=utf8mb4_0900_ai_ci COMMENT='Cron类型的触发器表';
/*!40101 SET character_set_client = @saved_cs_client */;

--
-- Dumping data for table `qrtz_cron_triggers`
--

LOCK TABLES `qrtz_cron_triggers` WRITE;
/*!40000 ALTER TABLE `qrtz_cron_triggers` DISABLE KEYS */;
/*!40000 ALTER TABLE `qrtz_cron_triggers` ENABLE KEYS */;
UNLOCK TABLES;

--
-- Table structure for table `qrtz_fired_triggers`
--

DROP TABLE IF EXISTS `qrtz_fired_triggers`;
/*!40101 SET @saved_cs_client     = @@character_set_client */;
 SET character_set_client = utf8mb4 ;
CREATE TABLE `qrtz_fired_triggers` (
  `sched_name` varchar(120) NOT NULL COMMENT '调度名称',
  `entry_id` varchar(95) NOT NULL COMMENT '调度器实例id',
  `trigger_name` varchar(200) NOT NULL COMMENT 'qrtz_triggers表trigger_name的外键',
  `trigger_group` varchar(200) NOT NULL COMMENT 'qrtz_triggers表trigger_group的外键',
  `instance_name` varchar(200) NOT NULL COMMENT '调度器实例名',
  `fired_time` bigint(13) NOT NULL COMMENT '触发的时间',
  `sched_time` bigint(13) NOT NULL COMMENT '定时器制定的时间',
  `priority` int(11) NOT NULL COMMENT '优先级',
  `state` varchar(16) NOT NULL COMMENT '状态',
  `job_name` varchar(200) DEFAULT NULL COMMENT '任务名称',
  `job_group` varchar(200) DEFAULT NULL COMMENT '任务组名',
  `is_nonconcurrent` varchar(1) DEFAULT NULL COMMENT '是否并发',
  `requests_recovery` varchar(1) DEFAULT NULL COMMENT '是否接受恢复执行',
  PRIMARY KEY (`sched_name`,`entry_id`)
) ENGINE=InnoDB DEFAULT CHARSET=utf8mb4 COLLATE=utf8mb4_0900_ai_ci COMMENT='已触发的触发器表';
/*!40101 SET character_set_client = @saved_cs_client */;

--
-- Dumping data for table `qrtz_fired_triggers`
--

LOCK TABLES `qrtz_fired_triggers` WRITE;
/*!40000 ALTER TABLE `qrtz_fired_triggers` DISABLE KEYS */;
/*!40000 ALTER TABLE `qrtz_fired_triggers` ENABLE KEYS */;
UNLOCK TABLES;

--
-- Table structure for table `qrtz_job_details`
--

DROP TABLE IF EXISTS `qrtz_job_details`;
/*!40101 SET @saved_cs_client     = @@character_set_client */;
 SET character_set_client = utf8mb4 ;
CREATE TABLE `qrtz_job_details` (
  `sched_name` varchar(120) NOT NULL COMMENT '调度名称',
  `job_name` varchar(200) NOT NULL COMMENT '任务名称',
  `job_group` varchar(200) NOT NULL COMMENT '任务组名',
  `description` varchar(250) DEFAULT NULL COMMENT '相关介绍',
  `job_class_name` varchar(250) NOT NULL COMMENT '执行任务类名称',
  `is_durable` varchar(1) NOT NULL COMMENT '是否持久化',
  `is_nonconcurrent` varchar(1) NOT NULL COMMENT '是否并发',
  `is_update_data` varchar(1) NOT NULL COMMENT '是否更新数据',
  `requests_recovery` varchar(1) NOT NULL COMMENT '是否接受恢复执行',
  `job_data` blob COMMENT '存放持久化job对象',
  PRIMARY KEY (`sched_name`,`job_name`,`job_group`)
) ENGINE=InnoDB DEFAULT CHARSET=utf8mb4 COLLATE=utf8mb4_0900_ai_ci COMMENT='任务详细信息表';
/*!40101 SET character_set_client = @saved_cs_client */;

--
-- Dumping data for table `qrtz_job_details`
--

LOCK TABLES `qrtz_job_details` WRITE;
/*!40000 ALTER TABLE `qrtz_job_details` DISABLE KEYS */;
/*!40000 ALTER TABLE `qrtz_job_details` ENABLE KEYS */;
UNLOCK TABLES;

--
-- Table structure for table `qrtz_locks`
--

DROP TABLE IF EXISTS `qrtz_locks`;
/*!40101 SET @saved_cs_client     = @@character_set_client */;
 SET character_set_client = utf8mb4 ;
CREATE TABLE `qrtz_locks` (
  `sched_name` varchar(120) NOT NULL COMMENT '调度名称',
  `lock_name` varchar(40) NOT NULL COMMENT '悲观锁名称',
  PRIMARY KEY (`sched_name`,`lock_name`)
) ENGINE=InnoDB DEFAULT CHARSET=utf8mb4 COLLATE=utf8mb4_0900_ai_ci COMMENT='存储的悲观锁信息表';
/*!40101 SET character_set_client = @saved_cs_client */;

--
-- Dumping data for table `qrtz_locks`
--

LOCK TABLES `qrtz_locks` WRITE;
/*!40000 ALTER TABLE `qrtz_locks` DISABLE KEYS */;
/*!40000 ALTER TABLE `qrtz_locks` ENABLE KEYS */;
UNLOCK TABLES;

--
-- Table structure for table `qrtz_paused_trigger_grps`
--

DROP TABLE IF EXISTS `qrtz_paused_trigger_grps`;
/*!40101 SET @saved_cs_client     = @@character_set_client */;
 SET character_set_client = utf8mb4 ;
CREATE TABLE `qrtz_paused_trigger_grps` (
  `sched_name` varchar(120) NOT NULL COMMENT '调度名称',
  `trigger_group` varchar(200) NOT NULL COMMENT 'qrtz_triggers表trigger_group的外键',
  PRIMARY KEY (`sched_name`,`trigger_group`)
) ENGINE=InnoDB DEFAULT CHARSET=utf8mb4 COLLATE=utf8mb4_0900_ai_ci COMMENT='暂停的触发器表';
/*!40101 SET character_set_client = @saved_cs_client */;

--
-- Dumping data for table `qrtz_paused_trigger_grps`
--

LOCK TABLES `qrtz_paused_trigger_grps` WRITE;
/*!40000 ALTER TABLE `qrtz_paused_trigger_grps` DISABLE KEYS */;
/*!40000 ALTER TABLE `qrtz_paused_trigger_grps` ENABLE KEYS */;
UNLOCK TABLES;

--
-- Table structure for table `qrtz_scheduler_state`
--

DROP TABLE IF EXISTS `qrtz_scheduler_state`;
/*!40101 SET @saved_cs_client     = @@character_set_client */;
 SET character_set_client = utf8mb4 ;
CREATE TABLE `qrtz_scheduler_state` (
  `sched_name` varchar(120) NOT NULL COMMENT '调度名称',
  `instance_name` varchar(200) NOT NULL COMMENT '实例名称',
  `last_checkin_time` bigint(13) NOT NULL COMMENT '上次检查时间',
  `checkin_interval` bigint(13) NOT NULL COMMENT '检查间隔时间',
  PRIMARY KEY (`sched_name`,`instance_name`)
) ENGINE=InnoDB DEFAULT CHARSET=utf8mb4 COLLATE=utf8mb4_0900_ai_ci COMMENT='调度器状态表';
/*!40101 SET character_set_client = @saved_cs_client */;

--
-- Dumping data for table `qrtz_scheduler_state`
--

LOCK TABLES `qrtz_scheduler_state` WRITE;
/*!40000 ALTER TABLE `qrtz_scheduler_state` DISABLE KEYS */;
/*!40000 ALTER TABLE `qrtz_scheduler_state` ENABLE KEYS */;
UNLOCK TABLES;

--
-- Table structure for table `qrtz_simple_triggers`
--

DROP TABLE IF EXISTS `qrtz_simple_triggers`;
/*!40101 SET @saved_cs_client     = @@character_set_client */;
 SET character_set_client = utf8mb4 ;
CREATE TABLE `qrtz_simple_triggers` (
  `sched_name` varchar(120) NOT NULL COMMENT '调度名称',
  `trigger_name` varchar(200) NOT NULL COMMENT 'qrtz_triggers表trigger_name的外键',
  `trigger_group` varchar(200) NOT NULL COMMENT 'qrtz_triggers表trigger_group的外键',
  `repeat_count` bigint(7) NOT NULL COMMENT '重复的次数统计',
  `repeat_interval` bigint(12) NOT NULL COMMENT '重复的间隔时间',
  `times_triggered` bigint(10) NOT NULL COMMENT '已经触发的次数',
  PRIMARY KEY (`sched_name`,`trigger_name`,`trigger_group`),
  CONSTRAINT `qrtz_simple_triggers_ibfk_1` FOREIGN KEY (`sched_name`, `trigger_name`, `trigger_group`) REFERENCES `qrtz_triggers` (`sched_name`, `trigger_name`, `trigger_group`)
) ENGINE=InnoDB DEFAULT CHARSET=utf8mb4 COLLATE=utf8mb4_0900_ai_ci COMMENT='简单触发器的信息表';
/*!40101 SET character_set_client = @saved_cs_client */;

--
-- Dumping data for table `qrtz_simple_triggers`
--

LOCK TABLES `qrtz_simple_triggers` WRITE;
/*!40000 ALTER TABLE `qrtz_simple_triggers` DISABLE KEYS */;
/*!40000 ALTER TABLE `qrtz_simple_triggers` ENABLE KEYS */;
UNLOCK TABLES;

--
-- Table structure for table `qrtz_simprop_triggers`
--

DROP TABLE IF EXISTS `qrtz_simprop_triggers`;
/*!40101 SET @saved_cs_client     = @@character_set_client */;
 SET character_set_client = utf8mb4 ;
CREATE TABLE `qrtz_simprop_triggers` (
  `sched_name` varchar(120) NOT NULL COMMENT '调度名称',
  `trigger_name` varchar(200) NOT NULL COMMENT 'qrtz_triggers表trigger_name的外键',
  `trigger_group` varchar(200) NOT NULL COMMENT 'qrtz_triggers表trigger_group的外键',
  `str_prop_1` varchar(512) DEFAULT NULL COMMENT 'String类型的trigger的第一个参数',
  `str_prop_2` varchar(512) DEFAULT NULL COMMENT 'String类型的trigger的第二个参数',
  `str_prop_3` varchar(512) DEFAULT NULL COMMENT 'String类型的trigger的第三个参数',
  `int_prop_1` int(11) DEFAULT NULL COMMENT 'int类型的trigger的第一个参数',
  `int_prop_2` int(11) DEFAULT NULL COMMENT 'int类型的trigger的第二个参数',
  `long_prop_1` bigint(20) DEFAULT NULL COMMENT 'long类型的trigger的第一个参数',
  `long_prop_2` bigint(20) DEFAULT NULL COMMENT 'long类型的trigger的第二个参数',
  `dec_prop_1` decimal(13,4) DEFAULT NULL COMMENT 'decimal类型的trigger的第一个参数',
  `dec_prop_2` decimal(13,4) DEFAULT NULL COMMENT 'decimal类型的trigger的第二个参数',
  `bool_prop_1` varchar(1) DEFAULT NULL COMMENT 'Boolean类型的trigger的第一个参数',
  `bool_prop_2` varchar(1) DEFAULT NULL COMMENT 'Boolean类型的trigger的第二个参数',
  PRIMARY KEY (`sched_name`,`trigger_name`,`trigger_group`),
  CONSTRAINT `qrtz_simprop_triggers_ibfk_1` FOREIGN KEY (`sched_name`, `trigger_name`, `trigger_group`) REFERENCES `qrtz_triggers` (`sched_name`, `trigger_name`, `trigger_group`)
) ENGINE=InnoDB DEFAULT CHARSET=utf8mb4 COLLATE=utf8mb4_0900_ai_ci COMMENT='同步机制的行锁表';
/*!40101 SET character_set_client = @saved_cs_client */;

--
-- Dumping data for table `qrtz_simprop_triggers`
--

LOCK TABLES `qrtz_simprop_triggers` WRITE;
/*!40000 ALTER TABLE `qrtz_simprop_triggers` DISABLE KEYS */;
/*!40000 ALTER TABLE `qrtz_simprop_triggers` ENABLE KEYS */;
UNLOCK TABLES;

--
-- Table structure for table `qrtz_triggers`
--

DROP TABLE IF EXISTS `qrtz_triggers`;
/*!40101 SET @saved_cs_client     = @@character_set_client */;
 SET character_set_client = utf8mb4 ;
CREATE TABLE `qrtz_triggers` (
  `sched_name` varchar(120) NOT NULL COMMENT '调度名称',
  `trigger_name` varchar(200) NOT NULL COMMENT '触发器的名字',
  `trigger_group` varchar(200) NOT NULL COMMENT '触发器所属组的名字',
  `job_name` varchar(200) NOT NULL COMMENT 'qrtz_job_details表job_name的外键',
  `job_group` varchar(200) NOT NULL COMMENT 'qrtz_job_details表job_group的外键',
  `description` varchar(250) DEFAULT NULL COMMENT '相关介绍',
  `next_fire_time` bigint(13) DEFAULT NULL COMMENT '上一次触发时间（毫秒）',
  `prev_fire_time` bigint(13) DEFAULT NULL COMMENT '下一次触发时间（默认为-1表示不触发）',
  `priority` int(11) DEFAULT NULL COMMENT '优先级',
  `trigger_state` varchar(16) NOT NULL COMMENT '触发器状态',
  `trigger_type` varchar(8) NOT NULL COMMENT '触发器的类型',
  `start_time` bigint(13) NOT NULL COMMENT '开始时间',
  `end_time` bigint(13) DEFAULT NULL COMMENT '结束时间',
  `calendar_name` varchar(200) DEFAULT NULL COMMENT '日程表名称',
  `misfire_instr` smallint(2) DEFAULT NULL COMMENT '补偿执行的策略',
  `job_data` blob COMMENT '存放持久化job对象',
  PRIMARY KEY (`sched_name`,`trigger_name`,`trigger_group`),
  KEY `sched_name` (`sched_name`,`job_name`,`job_group`),
  CONSTRAINT `qrtz_triggers_ibfk_1` FOREIGN KEY (`sched_name`, `job_name`, `job_group`) REFERENCES `qrtz_job_details` (`sched_name`, `job_name`, `job_group`)
) ENGINE=InnoDB DEFAULT CHARSET=utf8mb4 COLLATE=utf8mb4_0900_ai_ci COMMENT='触发器详细信息表';
/*!40101 SET character_set_client = @saved_cs_client */;

--
-- Dumping data for table `qrtz_triggers`
--

LOCK TABLES `qrtz_triggers` WRITE;
/*!40000 ALTER TABLE `qrtz_triggers` DISABLE KEYS */;
/*!40000 ALTER TABLE `qrtz_triggers` ENABLE KEYS */;
UNLOCK TABLES;

--
-- Table structure for table `sys_config`
--

DROP TABLE IF EXISTS `sys_config`;
/*!40101 SET @saved_cs_client     = @@character_set_client */;
 SET character_set_client = utf8mb4 ;
CREATE TABLE `sys_config` (
  `config_id` int(5) NOT NULL AUTO_INCREMENT COMMENT '参数主键',
  `config_name` varchar(100) DEFAULT '' COMMENT '参数名称',
  `config_key` varchar(100) DEFAULT '' COMMENT '参数键名',
  `config_value` varchar(500) DEFAULT '' COMMENT '参数键值',
  `config_type` char(1) DEFAULT 'N' COMMENT '系统内置（Y是 N否）',
  `create_by` varchar(64) DEFAULT '' COMMENT '创建者',
  `create_time` datetime DEFAULT NULL COMMENT '创建时间',
  `update_by` varchar(64) DEFAULT '' COMMENT '更新者',
  `update_time` datetime DEFAULT NULL COMMENT '更新时间',
  `remark` varchar(500) DEFAULT NULL COMMENT '备注',
  `config_group` varchar(16) CHARACTER SET utf8mb4 COLLATE utf8mb4_0900_ai_ci NOT NULL COMMENT '配置组',
  `config_value_type` tinyint(2) NOT NULL COMMENT '参数类型',
  PRIMARY KEY (`config_id`)
) ENGINE=InnoDB AUTO_INCREMENT=141 DEFAULT CHARSET=utf8mb4 COLLATE=utf8mb4_0900_ai_ci COMMENT='参数配置表';
/*!40101 SET character_set_client = @saved_cs_client */;

--
-- Dumping data for table `sys_config`
--

LOCK TABLES `sys_config` WRITE;
/*!40000 ALTER TABLE `sys_config` DISABLE KEYS */;
INSERT INTO `sys_config` VALUES (1,'主框架页-默认皮肤样式名称','sys.index.skinName','skin-blue','Y','admin','2022-10-13 22:28:22','',NULL,'蓝色 skin-blue、绿色 skin-green、紫色 skin-purple、红色 skin-red、黄色 skin-yellow','',0),(2,'用户管理-账号初始密码','sys.user.initPassword','123456','Y','admin','2022-10-13 22:28:22','admin','2022-11-04 14:41:37','初始化密码 123456','sysUser',3),(3,'主框架页-侧边栏主题','sys.index.sideTheme','theme-dark','Y','admin','2022-10-13 22:28:22','',NULL,'深色主题theme-dark，浅色主题theme-light','',0),(4,'账号自助-验证码开关','sys.account.captchaEnabled','true','Y','admin','2022-10-13 22:28:22','',NULL,'是否开启验证码功能（true开启，false关闭）','',0),(5,'账号自助-是否开启用户注册功能','sys.account.registerUser','false','Y','admin','2022-10-13 22:28:22','',NULL,'是否开启注册用户功能（true开启，false关闭）','',0),(102,'oly.oss.support.type','oly.oss.support.type','music,video,image,document,compress','N','admin','2022-11-04 16:33:17','admin','2022-11-28 11:37:25',NULL,'ossConfig',3),(103,'oly.oss.used','oly.oss.used','native','N','admin','2022-11-04 16:33:17','admin','2022-11-28 11:37:25',NULL,'ossConfig',3),(104,'oly.oss.zh.py','oly.oss.zh.py','false','N','admin','2022-11-04 21:00:34','admin','2022-11-28 11:37:25',NULL,'ossConfig',3),(105,'oly.oss.max.length','oly.oss.max.length','100','N','admin','2022-11-04 21:01:09','admin','2022-11-28 11:37:25',NULL,'ossConfig',0),(106,'oly.oss.image.maxSize','oly.oss.image.maxSize','1000','N','admin','2022-11-04 21:01:09','admin','2022-11-28 11:37:25',NULL,'ossConfig',0),(107,'oly.oss.music.maxSize','oly.oss.music.maxSize','1000','N','admin','2022-11-04 21:01:09','admin','2022-11-28 11:37:25',NULL,'ossConfig',0),(108,'oly.oss.video.maxSize','oly.oss.video.maxSize','1000','N','admin','2022-11-04 21:01:09','admin','2022-11-28 11:37:25',NULL,'ossConfig',0),(109,'oly.oss.document.maxSize','oly.oss.document.maxSize','1000','N','admin','2022-11-04 21:01:09','admin','2022-11-28 11:37:25',NULL,'ossConfig',0),(110,'oly.oss.compress.maxSize','oly.oss.compress.maxSize','1001','N','admin','2022-11-04 21:01:09','admin','2022-11-28 11:37:25',NULL,'ossConfig',0),(111,'oly.oss.native.domain','oly.oss.native.domain','/server/oss/download/','N','admin','2022-11-05 21:19:53','admin','2022-11-28 11:37:25',NULL,'ossConfig',3),(112,'oly.mail.username','oly.mail.username','m17678999448@163.com','N','admin','2022-11-07 20:32:39','admin','2022-11-11 10:15:15',NULL,'mailConfig',3),(113,'oly.mail.password','oly.mail.password','m634866553','N','admin','2022-11-07 20:32:40','admin','2022-11-11 10:15:15',NULL,'mailConfig',3),(114,'oly.mail.from.name','oly.mail.from.name','hush','N','admin','2022-11-07 20:32:40','admin','2022-11-11 10:15:15',NULL,'mailConfig',3),(115,'oly.mail.host','oly.mail.host','smtp.163.com','N','admin','2022-11-07 20:32:40','admin','2022-11-11 10:15:15',NULL,'mailConfig',3),(116,'oly.mail.protocol','oly.mail.protocol','smtp','N','admin','2022-11-07 20:32:40','admin','2022-11-11 10:15:15',NULL,'mailConfig',3),(117,'oly.mail.enabled','oly.mail.enabled','true','N','admin','2022-11-07 20:35:10','admin','2022-11-27 11:47:19',NULL,'mailConfig',2),(118,'oly.mail.starttls','oly.mail.starttls','false','N','admin','2022-11-07 20:35:10','admin','2022-11-27 11:47:10',NULL,'mailConfig',2),(119,'oly.mail.ssl.port','oly.mail.ssl.port','465','N','admin','2022-11-11 10:12:55','admin','2022-11-11 10:15:15',NULL,'mailConfig',3),(120,'oly.cms.articleCat.maxNum','oly.cms.articleCat.maxNum','2','N','admin','2022-11-26 14:41:11','admin','2022-11-28 19:41:32',NULL,'cmsConfig',0),(121,'oly.cms.articleTag.maxNum','oly.cms.articleTag.maxNum','4','N','admin','2022-11-26 14:41:11','admin','2022-11-28 19:41:32',NULL,'cmsConfig',0),(122,'oly.cms.articleKey.maxNum','oly.cms.articleKey.maxNum','4','N','admin','2022-11-26 14:41:11','admin','2022-11-28 19:41:32',NULL,'cmsConfig',0),(123,'oly.cms.articleImg.maxNum','oly.cms.articleImg.maxNum','3','N','admin','2022-11-26 14:41:12','admin','2022-11-28 19:41:32',NULL,'cmsConfig',0),(124,'oly.cms.articleVisible.default','oly.cms.articleVisible.default','1','N','admin','2022-11-26 19:15:42','admin','2022-11-28 19:41:32',NULL,'cmsConfig',3),(129,'最新发布','oly.web.theme.zgblog.post.now','10','N','','2022-12-09 13:40:44','admin','2022-12-16 22:16:29','最新发布请求条数','1_zgblog',0),(130,'文章推荐','oly.web.theme.zgblog.post.top','10','N','','2022-12-09 13:40:44','admin','2022-12-16 22:16:29','文章推荐请求条数','1_zgblog',0),(131,'阅读排行','oly.web.theme.zgblog.post.look','10','N','','2022-12-09 13:40:44','admin','2022-12-16 22:16:29','阅读排行请求条数','1_zgblog',0),(132,'主导航','oly.web.theme.zgblog.menu.main','23','N','','2022-12-09 13:40:44','admin','2022-12-17 09:42:02','主导航根节点','1_zgblog',3),(133,'oly.web.article.supportType','oly.web.article.supportType','0','N','admin','2022-12-11 10:09:56','admin','2022-12-16 22:16:29',NULL,'1_zgblog',3),(134,'oly.theme.used','oly.theme.used','true','N','admin','2022-12-11 10:09:56','admin','2022-12-16 22:16:29',NULL,'1_zgblog',2),(135,'oly.web.title','oly.web.title','豆腐干豆腐干','N','admin','2022-12-11 10:10:17','admin','2022-12-16 22:16:29',NULL,'1_zgblog',3),(136,'oly.web.logo','oly.web.logo','/dev-api/server/oss/download/image/2022/12/11/404_20221105135247A001_20221211103627A001.jpg','N','admin','2022-12-11 10:36:29','admin','2022-12-16 22:16:29',NULL,'1_zgblog',3),(137,'oly.web.comment.enable','oly.web.comment.enable','true','N','admin','2022-12-12 11:28:22','admin','2022-12-16 22:16:29',NULL,'1_zgblog',2),(138,'oly.web.domain','oly.web.domain','我惹我','N','admin','2022-12-12 21:18:51','admin','2022-12-16 22:16:29',NULL,'1_zgblog',3),(139,'oly.web.theme.zgblog.docs.order','oly.web.theme.zgblog.docs.order','ASC','N','admin','2022-12-13 21:17:21','admin','2022-12-16 22:16:29',NULL,'1_zgblog',3),(140,'oly.web.theme.zgblog.union.order','oly.web.theme.zgblog.union.order','ASC','N','admin','2022-12-13 21:17:50','admin','2022-12-16 22:16:29',NULL,'1_zgblog',3);
/*!40000 ALTER TABLE `sys_config` ENABLE KEYS */;
UNLOCK TABLES;

--
-- Table structure for table `sys_dept`
--

DROP TABLE IF EXISTS `sys_dept`;
/*!40101 SET @saved_cs_client     = @@character_set_client */;
 SET character_set_client = utf8mb4 ;
CREATE TABLE `sys_dept` (
  `dept_id` bigint(20) NOT NULL AUTO_INCREMENT COMMENT '部门id',
  `parent_id` bigint(20) DEFAULT '0' COMMENT '父部门id',
  `ancestors` varchar(50) DEFAULT '' COMMENT '祖级列表',
  `dept_name` varchar(30) DEFAULT '' COMMENT '部门名称',
  `order_num` int(4) DEFAULT '0' COMMENT '显示顺序',
  `leader` varchar(20) DEFAULT NULL COMMENT '负责人',
  `phone` varchar(11) DEFAULT NULL COMMENT '联系电话',
  `email` varchar(50) DEFAULT NULL COMMENT '邮箱',
  `status` char(1) DEFAULT '0' COMMENT '部门状态（0正常 1停用）',
  `del_flag` char(1) DEFAULT '0' COMMENT '删除标志（0代表存在 2代表删除）',
  `create_by` varchar(64) DEFAULT '' COMMENT '创建者',
  `create_time` datetime DEFAULT NULL COMMENT '创建时间',
  `update_by` varchar(64) DEFAULT '' COMMENT '更新者',
  `update_time` datetime DEFAULT NULL COMMENT '更新时间',
  PRIMARY KEY (`dept_id`)
) ENGINE=InnoDB AUTO_INCREMENT=200 DEFAULT CHARSET=utf8mb4 COLLATE=utf8mb4_0900_ai_ci COMMENT='部门表';
/*!40101 SET character_set_client = @saved_cs_client */;

--
-- Dumping data for table `sys_dept`
--

LOCK TABLES `sys_dept` WRITE;
/*!40000 ALTER TABLE `sys_dept` DISABLE KEYS */;
INSERT INTO `sys_dept` VALUES (100,0,'0','若依科技',0,'若依','15888888888','ry@qq.com','0','0','admin','2022-10-13 22:28:18','',NULL),(101,100,'0,100','深圳总公司',1,'若依','15888888888','ry@qq.com','0','0','admin','2022-10-13 22:28:18','',NULL),(102,100,'0,100','长沙分公司',2,'若依','15888888888','ry@qq.com','0','0','admin','2022-10-13 22:28:18','',NULL),(103,101,'0,100,101','研发部门',1,'若依','15888888888','ry@qq.com','0','0','admin','2022-10-13 22:28:18','',NULL),(104,101,'0,100,101','市场部门',2,'若依','15888888888','ry@qq.com','0','0','admin','2022-10-13 22:28:18','',NULL),(105,101,'0,100,101','测试部门',3,'若依','15888888888','ry@qq.com','0','0','admin','2022-10-13 22:28:18','',NULL),(106,101,'0,100,101','财务部门',4,'若依','15888888888','ry@qq.com','0','0','admin','2022-10-13 22:28:18','',NULL),(107,101,'0,100,101','运维部门',5,'若依','15888888888','ry@qq.com','0','0','admin','2022-10-13 22:28:18','',NULL),(108,102,'0,100,102','市场部门',1,'若依','15888888888','ry@qq.com','0','0','admin','2022-10-13 22:28:18','',NULL),(109,102,'0,100,102','财务部门',2,'若依','15888888888','ry@qq.com','0','0','admin','2022-10-13 22:28:18','',NULL);
/*!40000 ALTER TABLE `sys_dept` ENABLE KEYS */;
UNLOCK TABLES;

--
-- Table structure for table `sys_dict_data`
--

DROP TABLE IF EXISTS `sys_dict_data`;
/*!40101 SET @saved_cs_client     = @@character_set_client */;
 SET character_set_client = utf8mb4 ;
CREATE TABLE `sys_dict_data` (
  `dict_code` bigint(20) NOT NULL AUTO_INCREMENT COMMENT '字典编码',
  `dict_sort` int(4) DEFAULT '0' COMMENT '字典排序',
  `dict_label` varchar(100) DEFAULT '' COMMENT '字典标签',
  `dict_value` varchar(100) DEFAULT '' COMMENT '字典键值',
  `dict_type` varchar(100) DEFAULT '' COMMENT '字典类型',
  `css_class` varchar(100) DEFAULT NULL COMMENT '样式属性（其他样式扩展）',
  `list_class` varchar(100) DEFAULT NULL COMMENT '表格回显样式',
  `is_default` char(1) DEFAULT 'N' COMMENT '是否默认（Y是 N否）',
  `status` char(1) DEFAULT '0' COMMENT '状态（0正常 1停用）',
  `create_by` varchar(64) DEFAULT '' COMMENT '创建者',
  `create_time` datetime DEFAULT NULL COMMENT '创建时间',
  `update_by` varchar(64) DEFAULT '' COMMENT '更新者',
  `update_time` datetime DEFAULT NULL COMMENT '更新时间',
  `remark` varchar(500) DEFAULT NULL COMMENT '备注',
  PRIMARY KEY (`dict_code`)
) ENGINE=InnoDB AUTO_INCREMENT=142 DEFAULT CHARSET=utf8mb4 COLLATE=utf8mb4_0900_ai_ci COMMENT='字典数据表';
/*!40101 SET character_set_client = @saved_cs_client */;

--
-- Dumping data for table `sys_dict_data`
--

LOCK TABLES `sys_dict_data` WRITE;
/*!40000 ALTER TABLE `sys_dict_data` DISABLE KEYS */;
INSERT INTO `sys_dict_data` VALUES (1,1,'男','0','sys_user_sex','','','Y','0','admin','2022-10-13 22:28:22','',NULL,'性别男'),(2,2,'女','1','sys_user_sex','','','N','0','admin','2022-10-13 22:28:22','',NULL,'性别女'),(3,3,'未知','2','sys_user_sex','','','N','0','admin','2022-10-13 22:28:22','',NULL,'性别未知'),(4,1,'显示','0','sys_show_hide','','primary','Y','0','admin','2022-10-13 22:28:22','admin','2022-11-15 14:17:38','显示状态'),(5,2,'隐藏','1','sys_show_hide','','danger','N','0','admin','2022-10-13 22:28:22','admin','2022-11-15 14:17:56','隐藏状态'),(6,1,'正常','0','sys_normal_disable','','primary','Y','0','admin','2022-10-13 22:28:22','',NULL,'正常状态'),(7,2,'停用','1','sys_normal_disable','','danger','N','0','admin','2022-10-13 22:28:22','',NULL,'停用状态'),(8,1,'正常','0','sys_job_status','','primary','Y','0','admin','2022-10-13 22:28:22','',NULL,'正常状态'),(9,2,'暂停','1','sys_job_status','','danger','N','0','admin','2022-10-13 22:28:22','',NULL,'停用状态'),(10,1,'默认','DEFAULT','sys_job_group','','','Y','0','admin','2022-10-13 22:28:22','',NULL,'默认分组'),(11,2,'系统','SYSTEM','sys_job_group','','','N','0','admin','2022-10-13 22:28:22','',NULL,'系统分组'),(12,1,'是','Y','sys_yes_no','','primary','Y','0','admin','2022-10-13 22:28:22','',NULL,'系统默认是'),(13,2,'否','N','sys_yes_no','','danger','N','0','admin','2022-10-13 22:28:22','',NULL,'系统默认否'),(14,1,'通知','1','sys_notice_type','','warning','Y','0','admin','2022-10-13 22:28:22','',NULL,'通知'),(15,2,'公告','2','sys_notice_type','','success','N','0','admin','2022-10-13 22:28:22','',NULL,'公告'),(16,1,'正常','0','sys_notice_status','','primary','Y','0','admin','2022-10-13 22:28:22','',NULL,'正常状态'),(17,2,'关闭','1','sys_notice_status','','danger','N','0','admin','2022-10-13 22:28:22','',NULL,'关闭状态'),(18,99,'其他','0','sys_oper_type','','info','N','0','admin','2022-10-13 22:28:22','',NULL,'其他操作'),(19,1,'新增','1','sys_oper_type','','info','N','0','admin','2022-10-13 22:28:22','',NULL,'新增操作'),(20,2,'修改','2','sys_oper_type','','info','N','0','admin','2022-10-13 22:28:22','',NULL,'修改操作'),(21,3,'删除','3','sys_oper_type','','danger','N','0','admin','2022-10-13 22:28:22','',NULL,'删除操作'),(22,4,'授权','4','sys_oper_type','','primary','N','0','admin','2022-10-13 22:28:22','',NULL,'授权操作'),(23,5,'导出','5','sys_oper_type','','warning','N','0','admin','2022-10-13 22:28:22','',NULL,'导出操作'),(24,6,'导入','6','sys_oper_type','','warning','N','0','admin','2022-10-13 22:28:22','',NULL,'导入操作'),(25,7,'强退','7','sys_oper_type','','danger','N','0','admin','2022-10-13 22:28:22','',NULL,'强退操作'),(26,8,'生成代码','8','sys_oper_type','','warning','N','0','admin','2022-10-13 22:28:22','',NULL,'生成操作'),(27,9,'清空数据','9','sys_oper_type','','danger','N','0','admin','2022-10-13 22:28:22','',NULL,'清空操作'),(28,1,'成功','0','sys_common_status','','primary','N','0','admin','2022-10-13 22:28:22','',NULL,'正常状态'),(29,2,'失败','1','sys_common_status','','danger','N','0','admin','2022-10-13 22:28:22','',NULL,'停用状态'),(100,0,'数值','0','sys_config_value_type',NULL,'success','N','0','admin','2022-10-15 19:17:19','admin','2022-10-19 22:27:42','整型'),(101,1,'浮点','1','sys_config_value_type',NULL,'info','N','0','admin','2022-10-15 19:17:48','admin','2022-10-19 22:44:57','浮点类型'),(102,2,'布尔','2','sys_config_value_type',NULL,'danger','N','0','admin','2022-10-15 19:18:21','admin','2022-10-19 22:44:51','布尔类型'),(103,3,'字符','3','sys_config_value_type',NULL,'info','N','0','admin','2022-10-15 19:18:52','admin','2022-10-19 22:27:49','字符类型'),(104,0,'本地','native','sys_server_oss_list',NULL,'success','N','0','admin','2022-11-04 14:11:32','',NULL,'本地'),(105,1,'七牛','qiniu','sys_server_oss_list',NULL,'primary','N','0','admin','2022-11-04 14:12:04','admin','2022-11-05 09:56:47','七牛存储'),(106,0,'图片','image','sys_server_oss_types',NULL,'primary','N','0','admin','2022-11-04 14:24:37','',NULL,'图片类型'),(107,0,'音频','music','sys_server_oss_types',NULL,'success','N','0','admin','2022-11-04 14:25:25','',NULL,'音频类型'),(108,0,'视频','video','sys_server_oss_types',NULL,'success','N','0','admin','2022-11-04 14:25:59','',NULL,'视频类型'),(109,0,'文档','document','sys_server_oss_types',NULL,'info','N','0','admin','2022-11-04 14:26:33','',NULL,'文档类型'),(110,0,'压缩','compress','sys_server_oss_types',NULL,'success','N','0','admin','2022-11-04 14:27:20','',NULL,'压缩类型'),(111,0,'是','true','sys_true_false',NULL,'success','N','0','admin','2022-11-04 20:59:51','',NULL,'true'),(112,1,'否','false','sys_true_false',NULL,'primary','N','0','admin','2022-11-04 21:00:21','',NULL,'false'),(113,0,'文本','0','sys_server_mail_type',NULL,'success','N','0','admin','2022-11-11 16:33:26','',NULL,NULL),(114,1,'页面','1','sys_server_mail_type',NULL,'primary','N','0','admin','2022-11-11 16:34:03','admin','2022-11-11 16:34:37',NULL),(115,2,'模板','2','sys_server_mail_type',NULL,'info','N','0','admin','2022-11-11 16:34:32','',NULL,NULL),(116,0,'保存','0','sys_server_mail_visible',NULL,'primary','N','0','admin','2022-11-11 16:35:40','',NULL,NULL),(117,1,'已发送','1','sys_server_mail_visible',NULL,'primary','N','0','admin','2022-11-11 16:36:31','admin','2022-11-11 16:54:55',NULL),(118,2,'待发送','2','sys_server_mail_visible',NULL,'success','N','0','admin','2022-11-11 16:36:45','admin','2022-11-11 16:54:49',NULL),(119,3,'已失败','3','sys_server_mail_visible',NULL,'info','N','0','admin','2022-11-11 16:37:37','admin','2022-11-11 16:37:54',NULL),(120,0,'往来','0','sys_server_mail_used',NULL,'warning','N','0','admin','2022-11-11 16:40:56','admin','2022-11-11 16:43:10',NULL),(121,1,'验证码','1','sys_server_mail_used',NULL,'success','N','0','admin','2022-11-11 16:41:32','admin','2022-11-11 16:42:16',NULL),(122,2,'备份','2','sys_server_mail_used',NULL,'info','N','0','admin','2022-11-11 16:41:53','admin','2022-11-11 16:42:08',NULL),(123,3,'评论','3','sys_server_mail_used',NULL,'success','N','0','admin','2022-11-11 16:43:00','',NULL,NULL),(124,0,'建议','0','cms_contact_type',NULL,'success','N','0','admin','2022-11-14 13:56:53','',NULL,'建议'),(125,0,'错误','1','cms_contact_type',NULL,'primary','N','0','admin','2022-11-14 13:57:31','',NULL,'错误'),(126,0,'待处理','0','cms_contact_visible',NULL,'success','N','0','admin','2022-11-14 14:01:41','',NULL,'等待处理'),(127,1,'已处理','1','cms_contact_visible',NULL,'info','N','0','admin','2022-11-14 14:02:14','',NULL,'已经处理'),(128,0,'当前窗口','0','cms_link_open',NULL,'success','N','0','admin','2022-11-15 15:56:15','',NULL,'覆盖当前窗口'),(129,1,'新窗口','1','cms_link_open',NULL,'warning','N','0','admin','2022-11-15 15:56:47','',NULL,'在新窗口打开'),(130,1,'友情链接','0','cms_link_type',NULL,'success','N','0','admin','2022-11-15 16:02:38','',NULL,'友情链接'),(131,1,'文档','0','cms_support_type',NULL,'success','N','0','admin','2022-11-17 22:43:27','',NULL,'文档类型'),(132,0,'是','0','cms_yes_no',NULL,'success','N','0','admin','2022-11-18 19:13:33','',NULL,'是yas'),(133,1,'否','1','cms_yes_no',NULL,'warning','N','0','admin','2022-11-18 19:14:05','',NULL,'否N'),(134,0,'站内导航','0','cms_column_type',NULL,'success','N','0','admin','2022-11-21 12:30:09','',NULL,'站内导航'),(135,0,'站外导航','1','cms_column_type',NULL,'primary','N','0','admin','2022-11-21 12:31:13','admin','2022-12-01 19:55:49','站外导航'),(136,0,'图文','0','cms_article_type',NULL,'primary','N','0','admin','2022-11-24 21:12:29','',NULL,'图文'),(137,0,'隐藏','0','cms_article_visible',NULL,'primary','N','0','admin','2022-11-26 19:12:33','',NULL,'不显示'),(138,0,'审核','1','cms_article_visible',NULL,'primary','N','0','admin','2022-11-26 19:13:10','admin','2022-11-26 19:13:16','待审核'),(139,2,'通过','2','cms_article_visible',NULL,'success','N','0','admin','2022-11-26 19:13:50','',NULL,'通过'),(140,3,'草稿','3','cms_article_visible',NULL,'warning','N','0','admin','2022-11-26 19:14:35','',NULL,'草稿'),(141,4,'回收','4','cms_article_visible',NULL,'success','N','0','admin','2022-11-26 19:15:26','',NULL,'逻辑删除');
/*!40000 ALTER TABLE `sys_dict_data` ENABLE KEYS */;
UNLOCK TABLES;

--
-- Table structure for table `sys_dict_type`
--

DROP TABLE IF EXISTS `sys_dict_type`;
/*!40101 SET @saved_cs_client     = @@character_set_client */;
 SET character_set_client = utf8mb4 ;
CREATE TABLE `sys_dict_type` (
  `dict_id` bigint(20) NOT NULL AUTO_INCREMENT COMMENT '字典主键',
  `dict_name` varchar(100) DEFAULT '' COMMENT '字典名称',
  `dict_type` varchar(100) DEFAULT '' COMMENT '字典类型',
  `status` char(1) DEFAULT '0' COMMENT '状态（0正常 1停用）',
  `create_by` varchar(64) DEFAULT '' COMMENT '创建者',
  `create_time` datetime DEFAULT NULL COMMENT '创建时间',
  `update_by` varchar(64) DEFAULT '' COMMENT '更新者',
  `update_time` datetime DEFAULT NULL COMMENT '更新时间',
  `remark` varchar(500) DEFAULT NULL COMMENT '备注',
  PRIMARY KEY (`dict_id`),
  UNIQUE KEY `dict_type` (`dict_type`)
) ENGINE=InnoDB AUTO_INCREMENT=116 DEFAULT CHARSET=utf8mb4 COLLATE=utf8mb4_0900_ai_ci COMMENT='字典类型表';
/*!40101 SET character_set_client = @saved_cs_client */;

--
-- Dumping data for table `sys_dict_type`
--

LOCK TABLES `sys_dict_type` WRITE;
/*!40000 ALTER TABLE `sys_dict_type` DISABLE KEYS */;
INSERT INTO `sys_dict_type` VALUES (1,'用户性别','sys_user_sex','0','admin','2022-10-13 22:28:22','admin','2022-10-19 21:19:31','用户性别列表'),(2,'系统状态','sys_show_hide','0','admin','2022-10-13 22:28:22','admin','2022-11-18 19:19:02','状态显示或者隐藏'),(3,'系统开关','sys_normal_disable','0','admin','2022-10-13 22:28:22','',NULL,'系统开关列表'),(4,'任务状态','sys_job_status','0','admin','2022-10-13 22:28:22','',NULL,'任务状态列表'),(5,'任务分组','sys_job_group','0','admin','2022-10-13 22:28:22','',NULL,'任务分组列表'),(6,'系统是否','sys_yes_no','0','admin','2022-10-13 22:28:22','',NULL,'系统是否列表'),(7,'通知类型','sys_notice_type','0','admin','2022-10-13 22:28:22','',NULL,'通知类型列表'),(8,'通知状态','sys_notice_status','0','admin','2022-10-13 22:28:22','',NULL,'通知状态列表'),(9,'操作类型','sys_oper_type','0','admin','2022-10-13 22:28:22','',NULL,'操作类型列表'),(10,'系统状态','sys_common_status','0','admin','2022-10-13 22:28:22','admin','2022-10-19 21:19:35','登录状态列表'),(100,'参数类型','sys_config_value_type','0','admin','2022-10-15 19:14:51','admin','2022-11-11 16:30:09','参数值类型'),(101,'储存列表','sys_server_oss_list','0','admin','2022-11-04 14:10:28','',NULL,'储存列表'),(102,'存储类型','sys_server_oss_types','0','admin','2022-11-04 14:23:50','',NULL,'存储支持类型'),(103,'系统真假','sys_true_false','0','admin','2022-11-04 20:57:06','',NULL,'true false'),(104,'邮件类型','sys_server_mail_type','0','admin','2022-11-11 16:31:32','',NULL,'邮件类型'),(105,'邮件状态','sys_server_mail_visible','0','admin','2022-11-11 16:32:03','',NULL,NULL),(106,'邮件用途','sys_server_mail_used','0','admin','2022-11-11 16:32:28','',NULL,NULL),(107,'反馈类型','cms_contact_type','0','admin','2022-11-14 13:54:50','',NULL,NULL),(108,'反馈状态','cms_contact_visible','0','admin','2022-11-14 14:00:56','',NULL,NULL),(109,'打开方式','cms_link_open','0','admin','2022-11-15 15:55:07','',NULL,'内容链接打开方式'),(110,'链接类型','cms_link_type','0','admin','2022-11-15 16:01:38','',NULL,NULL),(111,'支持类型','cms_support_type','0','admin','2022-11-17 22:42:57','admin','2022-11-18 16:40:13','支持类型'),(112,'内容是否','cms_yes_no','0','admin','2022-11-18 19:12:38','admin','2022-11-18 22:52:35','内容是否'),(113,'导航类型','cms_column_type','0','admin','2022-11-21 12:28:13','',NULL,'导航类型'),(114,'文章类型','cms_article_type','0','admin','2022-11-24 21:09:39','',NULL,'文章类型'),(115,'文章状态','cms_article_visible','0','admin','2022-11-26 19:10:52','admin','2022-11-26 19:11:18','文章状态');
/*!40000 ALTER TABLE `sys_dict_type` ENABLE KEYS */;
UNLOCK TABLES;

--
-- Table structure for table `sys_job`
--

DROP TABLE IF EXISTS `sys_job`;
/*!40101 SET @saved_cs_client     = @@character_set_client */;
 SET character_set_client = utf8mb4 ;
CREATE TABLE `sys_job` (
  `job_id` bigint(20) NOT NULL AUTO_INCREMENT COMMENT '任务ID',
  `job_name` varchar(64) NOT NULL DEFAULT '' COMMENT '任务名称',
  `job_group` varchar(64) NOT NULL DEFAULT 'DEFAULT' COMMENT '任务组名',
  `invoke_target` varchar(500) NOT NULL COMMENT '调用目标字符串',
  `cron_expression` varchar(255) DEFAULT '' COMMENT 'cron执行表达式',
  `misfire_policy` varchar(20) DEFAULT '3' COMMENT '计划执行错误策略（1立即执行 2执行一次 3放弃执行）',
  `concurrent` char(1) DEFAULT '1' COMMENT '是否并发执行（0允许 1禁止）',
  `status` char(1) DEFAULT '0' COMMENT '状态（0正常 1暂停）',
  `create_by` varchar(64) DEFAULT '' COMMENT '创建者',
  `create_time` datetime DEFAULT NULL COMMENT '创建时间',
  `update_by` varchar(64) DEFAULT '' COMMENT '更新者',
  `update_time` datetime DEFAULT NULL COMMENT '更新时间',
  `remark` varchar(500) DEFAULT '' COMMENT '备注信息',
  PRIMARY KEY (`job_id`,`job_name`,`job_group`)
) ENGINE=InnoDB AUTO_INCREMENT=101 DEFAULT CHARSET=utf8mb4 COLLATE=utf8mb4_0900_ai_ci COMMENT='定时任务调度表';
/*!40101 SET character_set_client = @saved_cs_client */;

--
-- Dumping data for table `sys_job`
--

LOCK TABLES `sys_job` WRITE;
/*!40000 ALTER TABLE `sys_job` DISABLE KEYS */;
INSERT INTO `sys_job` VALUES (1,'系统默认（无参）','DEFAULT','ryTask.ryNoParams','0/10 * * * * ?','3','1','1','admin','2022-10-13 22:28:23','',NULL,''),(2,'系统默认（有参）','DEFAULT','ryTask.ryParams(\'ry\')','0/15 * * * * ?','3','1','1','admin','2022-10-13 22:28:23','',NULL,''),(3,'系统默认（多参）','DEFAULT','ryTask.ryMultipleParams(\'ry\', true, 2000L, 316.50D, 100)','0/20 * * * * ?','3','1','1','admin','2022-10-13 22:28:23','',NULL,'');
/*!40000 ALTER TABLE `sys_job` ENABLE KEYS */;
UNLOCK TABLES;

--
-- Table structure for table `sys_job_log`
--

DROP TABLE IF EXISTS `sys_job_log`;
/*!40101 SET @saved_cs_client     = @@character_set_client */;
 SET character_set_client = utf8mb4 ;
CREATE TABLE `sys_job_log` (
  `job_log_id` bigint(20) NOT NULL AUTO_INCREMENT COMMENT '任务日志ID',
  `job_name` varchar(64) NOT NULL COMMENT '任务名称',
  `job_group` varchar(64) NOT NULL COMMENT '任务组名',
  `invoke_target` varchar(500) NOT NULL COMMENT '调用目标字符串',
  `job_message` varchar(500) DEFAULT NULL COMMENT '日志信息',
  `status` char(1) DEFAULT '0' COMMENT '执行状态（0正常 1失败）',
  `exception_info` varchar(2000) DEFAULT '' COMMENT '异常信息',
  `create_time` datetime DEFAULT NULL COMMENT '创建时间',
  PRIMARY KEY (`job_log_id`)
) ENGINE=InnoDB DEFAULT CHARSET=utf8mb4 COLLATE=utf8mb4_0900_ai_ci COMMENT='定时任务调度日志表';
/*!40101 SET character_set_client = @saved_cs_client */;

--
-- Dumping data for table `sys_job_log`
--

LOCK TABLES `sys_job_log` WRITE;
/*!40000 ALTER TABLE `sys_job_log` DISABLE KEYS */;
/*!40000 ALTER TABLE `sys_job_log` ENABLE KEYS */;
UNLOCK TABLES;

--
-- Table structure for table `sys_logininfor`
--

DROP TABLE IF EXISTS `sys_logininfor`;
/*!40101 SET @saved_cs_client     = @@character_set_client */;
 SET character_set_client = utf8mb4 ;
CREATE TABLE `sys_logininfor` (
  `info_id` bigint(20) NOT NULL AUTO_INCREMENT COMMENT '访问ID',
  `user_name` varchar(50) DEFAULT '' COMMENT '用户账号',
  `ipaddr` varchar(128) DEFAULT '' COMMENT '登录IP地址',
  `login_location` varchar(255) DEFAULT '' COMMENT '登录地点',
  `browser` varchar(50) DEFAULT '' COMMENT '浏览器类型',
  `os` varchar(50) DEFAULT '' COMMENT '操作系统',
  `status` char(1) DEFAULT '0' COMMENT '登录状态（0成功 1失败）',
  `msg` varchar(255) DEFAULT '' COMMENT '提示消息',
  `login_time` datetime DEFAULT NULL COMMENT '访问时间',
  PRIMARY KEY (`info_id`)
) ENGINE=InnoDB AUTO_INCREMENT=309 DEFAULT CHARSET=utf8mb4 COLLATE=utf8mb4_0900_ai_ci COMMENT='系统访问记录';
/*!40101 SET character_set_client = @saved_cs_client */;

--
-- Dumping data for table `sys_logininfor`
--

LOCK TABLES `sys_logininfor` WRITE;
/*!40000 ALTER TABLE `sys_logininfor` DISABLE KEYS */;
INSERT INTO `sys_logininfor` VALUES (100,'admin','127.0.0.1','内网IP','Chrome 10','Windows 10','0','登录成功','2022-10-13 22:57:15'),(101,'admin','127.0.0.1','内网IP','Chrome 10','Windows 10','0','登录成功','2022-10-15 18:05:26'),(102,'admin','127.0.0.1','内网IP','Chrome 10','Windows 10','0','登录成功','2022-10-15 18:36:27'),(103,'admin','127.0.0.1','内网IP','Chrome 10','Windows 10','0','登录成功','2022-10-15 20:14:51'),(104,'admin','127.0.0.1','内网IP','Chrome 10','Windows 10','0','登录成功','2022-10-15 22:12:07'),(105,'admin','127.0.0.1','内网IP','Chrome 10','Windows 10','0','登录成功','2022-10-16 23:01:54'),(106,'admin','127.0.0.1','内网IP','Chrome 10','Windows 10','0','登录成功','2022-10-17 16:48:26'),(107,'admin','127.0.0.1','内网IP','Chrome 10','Windows 10','0','登录成功','2022-10-18 00:17:03'),(108,'admin','127.0.0.1','内网IP','Chrome 10','Windows 10','0','登录成功','2022-10-18 14:23:13'),(109,'admin','127.0.0.1','内网IP','Chrome 10','Windows 10','0','登录成功','2022-10-18 14:59:51'),(110,'admin','127.0.0.1','内网IP','Chrome 10','Windows 10','1','验证码错误','2022-10-19 21:19:12'),(111,'admin','127.0.0.1','内网IP','Chrome 10','Windows 10','0','登录成功','2022-10-19 21:19:16'),(112,'admin','127.0.0.1','内网IP','Chrome 10','Windows 10','0','登录成功','2022-10-20 00:29:11'),(113,'admin','127.0.0.1','内网IP','Chrome 10','Windows 10','0','登录成功','2022-10-21 11:41:42'),(114,'admin','127.0.0.1','内网IP','Chrome 10','Windows 10','0','登录成功','2022-11-01 13:48:15'),(115,'admin','127.0.0.1','内网IP','Chrome 10','Windows 10','0','登录成功','2022-11-02 08:15:27'),(116,'admin','127.0.0.1','内网IP','Chrome 10','Windows 10','0','登录成功','2022-11-02 08:57:49'),(117,'admin','127.0.0.1','内网IP','Chrome 10','Windows 10','0','登录成功','2022-11-02 18:56:07'),(118,'admin','127.0.0.1','内网IP','Chrome 10','Windows 10','0','登录成功','2022-11-02 20:37:04'),(119,'admin','127.0.0.1','内网IP','Chrome 10','Windows 10','0','登录成功','2022-11-03 00:08:03'),(120,'admin','127.0.0.1','内网IP','Chrome 10','Windows 10','0','登录成功','2022-11-04 11:38:11'),(121,'admin','127.0.0.1','内网IP','Chrome 10','Windows 10','0','登录成功','2022-11-04 14:06:47'),(122,'admin','127.0.0.1','内网IP','Chrome 10','Windows 10','0','登录成功','2022-11-04 16:33:09'),(123,'admin','127.0.0.1','内网IP','Chrome 10','Windows 10','0','登录成功','2022-11-04 20:53:50'),(124,'admin','127.0.0.1','内网IP','Chrome 10','Windows 10','0','登录成功','2022-11-04 22:15:13'),(125,'admin','127.0.0.1','内网IP','Chrome 10','Windows 10','0','登录成功','2022-11-05 00:28:09'),(126,'admin','127.0.0.1','内网IP','Chrome 10','Windows 10','0','登录成功','2022-11-05 09:54:54'),(127,'admin','127.0.0.1','内网IP','Chrome 10','Windows 10','0','登录成功','2022-11-05 11:04:46'),(128,'admin','127.0.0.1','内网IP','Chrome 10','Windows 10','0','登录成功','2022-11-05 13:13:43'),(129,'admin','127.0.0.1','内网IP','Chrome 10','Windows 10','0','登录成功','2022-11-05 13:39:01'),(130,'admin','127.0.0.1','内网IP','Chrome 10','Windows 10','0','登录成功','2022-11-05 15:52:34'),(131,'admin','127.0.0.1','内网IP','Chrome 10','Windows 10','0','登录成功','2022-11-05 16:28:26'),(132,'admin','127.0.0.1','内网IP','Chrome 10','Windows 10','0','登录成功','2022-11-05 21:00:36'),(133,'admin','127.0.0.1','内网IP','Chrome 10','Windows 10','0','退出成功','2022-11-05 21:26:17'),(134,'admin','127.0.0.1','内网IP','Chrome 10','Windows 10','0','登录成功','2022-11-05 21:26:27'),(135,'admin','127.0.0.1','内网IP','Chrome 10','Windows 10','0','退出成功','2022-11-05 21:26:45'),(136,'admin','127.0.0.1','内网IP','Chrome 10','Windows 10','0','登录成功','2022-11-05 21:26:52'),(137,'admin','127.0.0.1','内网IP','Chrome 10','Windows 10','0','登录成功','2022-11-05 23:01:21'),(138,'admin','127.0.0.1','内网IP','Chrome 10','Windows 10','0','登录成功','2022-11-06 08:11:15'),(139,'admin','127.0.0.1','内网IP','Chrome 10','Windows 10','0','退出成功','2022-11-06 08:14:16'),(140,'admin','127.0.0.1','内网IP','Chrome 10','Windows 10','0','登录成功','2022-11-06 08:14:22'),(141,'admin','127.0.0.1','内网IP','Chrome 10','Windows 10','0','退出成功','2022-11-06 08:25:25'),(142,'admin','127.0.0.1','内网IP','Chrome 10','Windows 10','1','验证码错误','2022-11-06 08:38:39'),(143,'admin','127.0.0.1','内网IP','Chrome 10','Windows 10','0','登录成功','2022-11-06 08:38:44'),(144,'admin','127.0.0.1','内网IP','Chrome 10','Windows 10','0','登录成功','2022-11-06 13:06:22'),(145,'admin','127.0.0.1','内网IP','Chrome 10','Windows 10','0','登录成功','2022-11-06 13:34:05'),(146,'admin','127.0.0.1','内网IP','Chrome 10','Windows 10','0','登录成功','2022-11-06 17:46:08'),(147,'admin','127.0.0.1','内网IP','Chrome 10','Windows 10','0','登录成功','2022-11-07 07:44:36'),(148,'admin','127.0.0.1','内网IP','Chrome 10','Windows 10','0','登录成功','2022-11-07 19:02:02'),(149,'admin','127.0.0.1','内网IP','Chrome 10','Windows 10','0','登录成功','2022-11-09 09:31:53'),(150,'admin','127.0.0.1','内网IP','Chrome 10','Windows 10','0','登录成功','2022-11-09 20:27:44'),(151,'admin','127.0.0.1','内网IP','Chrome 10','Windows 10','0','登录成功','2022-11-09 22:08:19'),(152,'admin','127.0.0.1','内网IP','Chrome 10','Windows 10','0','登录成功','2022-11-09 22:50:28'),(153,'admin','127.0.0.1','内网IP','Chrome 10','Windows 10','0','登录成功','2022-11-09 23:25:15'),(154,'admin','127.0.0.1','内网IP','Chrome 10','Windows 10','0','登录成功','2022-11-10 06:51:59'),(155,'admin','127.0.0.1','内网IP','Chrome 10','Windows 10','0','登录成功','2022-11-10 09:24:30'),(156,'admin','127.0.0.1','内网IP','Chrome 10','Windows 10','0','登录成功','2022-11-10 09:54:48'),(157,'admin','127.0.0.1','内网IP','Chrome 10','Windows 10','0','登录成功','2022-11-10 13:27:29'),(158,'admin','127.0.0.1','内网IP','Chrome 10','Windows 10','0','登录成功','2022-11-10 16:25:48'),(159,'admin','127.0.0.1','内网IP','Chrome 10','Windows 10','0','登录成功','2022-11-10 17:16:50'),(160,'admin','127.0.0.1','内网IP','Chrome 10','Windows 10','0','登录成功','2022-11-10 20:41:01'),(161,'admin','127.0.0.1','内网IP','Chrome 10','Windows 10','0','登录成功','2022-11-11 08:16:05'),(162,'admin','127.0.0.1','内网IP','Chrome 10','Windows 10','0','登录成功','2022-11-11 10:08:52'),(163,'admin','127.0.0.1','内网IP','Chrome 10','Windows 10','0','登录成功','2022-11-11 12:16:03'),(164,'admin','127.0.0.1','内网IP','Chrome 10','Windows 10','0','登录成功','2022-11-11 16:15:49'),(165,'admin','127.0.0.1','内网IP','Chrome 10','Windows 10','0','登录成功','2022-11-11 20:30:02'),(166,'admin','127.0.0.1','内网IP','Chrome 10','Windows 10','0','登录成功','2022-11-13 09:18:31'),(167,'admin','127.0.0.1','内网IP','Chrome 10','Windows 10','0','登录成功','2022-11-13 16:49:59'),(168,'admin','127.0.0.1','内网IP','Chrome 10','Windows 10','0','登录成功','2022-11-13 18:40:32'),(169,'admin','127.0.0.1','内网IP','Chrome 10','Windows 10','0','登录成功','2022-11-13 19:32:28'),(170,'admin','127.0.0.1','内网IP','Chrome 10','Windows 10','0','登录成功','2022-11-13 22:37:17'),(171,'admin','127.0.0.1','内网IP','Chrome 10','Windows 10','0','登录成功','2022-11-14 09:52:31'),(172,'admin','127.0.0.1','内网IP','Chrome 10','Windows 10','0','登录成功','2022-11-14 10:48:28'),(173,'admin','127.0.0.1','内网IP','Chrome 10','Windows 10','0','登录成功','2022-11-14 13:46:57'),(174,'admin','127.0.0.1','内网IP','Chrome 10','Windows 10','0','登录成功','2022-11-14 19:07:34'),(175,'admin','127.0.0.1','内网IP','Chrome 10','Windows 10','0','登录成功','2022-11-14 21:04:12'),(176,'admin','127.0.0.1','内网IP','Chrome 10','Windows 10','0','登录成功','2022-11-15 09:55:39'),(177,'admin','127.0.0.1','内网IP','Chrome 10','Windows 10','0','登录成功','2022-11-15 13:34:59'),(178,'admin','127.0.0.1','内网IP','Chrome 10','Windows 10','0','登录成功','2022-11-15 14:14:47'),(179,'admin','127.0.0.1','内网IP','Chrome 10','Windows 10','0','登录成功','2022-11-15 15:48:59'),(180,'admin','127.0.0.1','内网IP','Chrome 10','Windows 10','0','登录成功','2022-11-15 16:43:55'),(181,'admin','127.0.0.1','内网IP','Chrome 10','Windows 10','0','登录成功','2022-11-15 20:23:34'),(182,'admin','127.0.0.1','内网IP','Chrome 10','Windows 10','0','登录成功','2022-11-16 00:31:47'),(183,'admin','127.0.0.1','内网IP','Chrome 10','Windows 10','0','登录成功','2022-11-16 09:19:26'),(184,'admin','127.0.0.1','内网IP','Chrome 10','Windows 10','0','登录成功','2022-11-16 19:43:43'),(185,'admin','127.0.0.1','内网IP','Chrome 10','Windows 10','0','登录成功','2022-11-16 22:59:31'),(186,'admin','127.0.0.1','内网IP','Chrome 10','Windows 10','0','登录成功','2022-11-17 09:18:10'),(187,'admin','127.0.0.1','内网IP','Chrome 10','Windows 10','0','退出成功','2022-11-17 10:39:28'),(188,'admin','127.0.0.1','内网IP','Chrome 10','Windows 10','0','登录成功','2022-11-17 10:39:33'),(189,'admin','127.0.0.1','内网IP','Chrome 10','Windows 10','0','登录成功','2022-11-17 15:42:03'),(190,'admin','127.0.0.1','内网IP','Chrome 10','Windows 10','0','登录成功','2022-11-17 19:00:47'),(191,'admin','127.0.0.1','内网IP','Chrome 10','Windows 10','0','登录成功','2022-11-17 22:11:20'),(192,'admin','127.0.0.1','内网IP','Chrome 10','Windows 10','0','登录成功','2022-11-18 11:05:23'),(193,'admin','127.0.0.1','内网IP','Chrome 10','Windows 10','0','登录成功','2022-11-18 16:17:35'),(194,'admin','127.0.0.1','内网IP','Chrome 10','Windows 10','0','登录成功','2022-11-18 19:05:46'),(195,'admin','127.0.0.1','内网IP','Chrome 10','Windows 10','0','登录成功','2022-11-18 22:26:54'),(196,'admin','127.0.0.1','内网IP','Chrome 10','Windows 10','0','登录成功','2022-11-19 00:48:12'),(197,'admin','127.0.0.1','内网IP','Chrome 10','Windows 10','0','登录成功','2022-11-19 08:50:44'),(198,'admin','127.0.0.1','内网IP','Chrome 10','Windows 10','0','登录成功','2022-11-19 16:09:58'),(199,'admin','127.0.0.1','内网IP','Chrome 10','Windows 10','0','登录成功','2022-11-19 19:48:26'),(200,'admin','127.0.0.1','内网IP','Chrome 10','Windows 10','0','登录成功','2022-11-20 09:13:28'),(201,'admin','127.0.0.1','内网IP','Chrome 10','Windows 10','0','登录成功','2022-11-20 20:03:27'),(202,'admin','127.0.0.1','内网IP','Chrome 10','Windows 10','1','验证码错误','2022-11-20 22:46:38'),(203,'admin','127.0.0.1','内网IP','Chrome 10','Windows 10','0','登录成功','2022-11-20 22:46:43'),(204,'admin','127.0.0.1','内网IP','Chrome 10','Windows 10','0','登录成功','2022-11-21 09:04:07'),(205,'admin','127.0.0.1','内网IP','Chrome 10','Windows 10','0','登录成功','2022-11-21 12:23:32'),(206,'admin','127.0.0.1','内网IP','Chrome 10','Windows 10','0','登录成功','2022-11-21 20:34:08'),(207,'admin','127.0.0.1','内网IP','Chrome 10','Windows 10','0','登录成功','2022-11-22 10:21:50'),(208,'admin','127.0.0.1','内网IP','Chrome 10','Windows 10','0','登录成功','2022-11-22 16:20:46'),(209,'admin','127.0.0.1','内网IP','Chrome 10','Windows 10','0','登录成功','2022-11-22 18:07:47'),(210,'admin','127.0.0.1','内网IP','Chrome 10','Windows 10','0','登录成功','2022-11-22 23:12:03'),(211,'admin','127.0.0.1','内网IP','Chrome 10','Windows 10','0','登录成功','2022-11-23 09:03:26'),(212,'admin','127.0.0.1','内网IP','Chrome 10','Windows 10','0','登录成功','2022-11-23 12:11:28'),(213,'admin','127.0.0.1','内网IP','Chrome 10','Windows 10','0','登录成功','2022-11-23 13:25:02'),(214,'admin','127.0.0.1','内网IP','Chrome 10','Windows 10','0','登录成功','2022-11-23 16:14:38'),(215,'admin','127.0.0.1','内网IP','Chrome 10','Windows 10','0','登录成功','2022-11-23 22:41:47'),(216,'admin','127.0.0.1','内网IP','Chrome 10','Windows 10','0','登录成功','2022-11-23 23:24:30'),(217,'admin','127.0.0.1','内网IP','Chrome 10','Windows 10','0','登录成功','2022-11-24 14:55:47'),(218,'admin','127.0.0.1','内网IP','Chrome 10','Windows 10','0','登录成功','2022-11-24 16:55:30'),(219,'admin','127.0.0.1','内网IP','Chrome 10','Windows 10','0','登录成功','2022-11-24 18:25:42'),(220,'admin','127.0.0.1','内网IP','Chrome 10','Windows 10','0','登录成功','2022-11-24 21:01:10'),(221,'admin','127.0.0.1','内网IP','Chrome 10','Windows 10','0','登录成功','2022-11-25 14:53:01'),(222,'admin','127.0.0.1','内网IP','Chrome 10','Windows 10','0','登录成功','2022-11-25 15:47:44'),(223,'admin','127.0.0.1','内网IP','Chrome 10','Windows 10','0','登录成功','2022-11-25 18:08:38'),(224,'admin','127.0.0.1','内网IP','Chrome 10','Windows 10','0','登录成功','2022-11-25 22:45:34'),(225,'admin','127.0.0.1','内网IP','Chrome 10','Windows 10','0','登录成功','2022-11-25 23:47:06'),(226,'admin','127.0.0.1','内网IP','Chrome 10','Windows 10','0','登录成功','2022-11-26 14:19:15'),(227,'admin','127.0.0.1','内网IP','Chrome 10','Windows 10','1','验证码已失效','2022-11-26 17:31:24'),(228,'admin','127.0.0.1','内网IP','Chrome 10','Windows 10','0','登录成功','2022-11-26 17:31:28'),(229,'admin','127.0.0.1','内网IP','Chrome 10','Windows 10','0','登录成功','2022-11-26 19:07:16'),(230,'admin','127.0.0.1','内网IP','Chrome 10','Windows 10','0','登录成功','2022-11-26 21:12:22'),(231,'admin','127.0.0.1','内网IP','Chrome 10','Windows 10','0','登录成功','2022-11-27 00:50:29'),(232,'admin','127.0.0.1','内网IP','Chrome 10','Windows 10','0','登录成功','2022-11-27 01:23:08'),(233,'admin','127.0.0.1','内网IP','Chrome 10','Windows 10','0','登录成功','2022-11-27 09:59:45'),(234,'admin','127.0.0.1','内网IP','Chrome 10','Windows 10','0','登录成功','2022-11-27 11:43:41'),(235,'admin','127.0.0.1','内网IP','Chrome 10','Windows 10','0','登录成功','2022-11-27 12:40:51'),(236,'admin','127.0.0.1','内网IP','Chrome 10','Windows 10','0','登录成功','2022-11-27 15:24:04'),(237,'admin','127.0.0.1','内网IP','Chrome 10','Windows 10','0','登录成功','2022-11-27 17:37:01'),(238,'admin','127.0.0.1','内网IP','Chrome 10','Windows 10','0','登录成功','2022-11-27 23:56:19'),(239,'admin','127.0.0.1','内网IP','Chrome 10','Windows 10','0','登录成功','2022-11-28 09:25:23'),(240,'admin','127.0.0.1','内网IP','Chrome 10','Windows 10','0','登录成功','2022-11-28 11:22:06'),(241,'admin','127.0.0.1','内网IP','Chrome 10','Windows 10','0','退出成功','2022-11-28 11:24:12'),(242,'admin','127.0.0.1','内网IP','Chrome 10','Windows 10','0','登录成功','2022-11-28 11:24:19'),(243,'admin','127.0.0.1','内网IP','Chrome 10','Windows 10','0','退出成功','2022-11-28 11:27:24'),(244,'admin','127.0.0.1','内网IP','Chrome 10','Windows 10','0','登录成功','2022-11-28 11:27:29'),(245,'admin','127.0.0.1','内网IP','Chrome 10','Windows 10','0','登录成功','2022-11-28 13:42:14'),(246,'admin','127.0.0.1','内网IP','Chrome 10','Windows 10','0','登录成功','2022-11-28 15:18:30'),(247,'admin','127.0.0.1','内网IP','Chrome 10','Windows 10','0','登录成功','2022-11-28 16:39:36'),(248,'admin','127.0.0.1','内网IP','Chrome 10','Windows 10','0','登录成功','2022-11-28 18:01:08'),(249,'admin','127.0.0.1','内网IP','Chrome 10','Windows 10','0','登录成功','2022-11-28 19:40:39'),(250,'admin','127.0.0.1','内网IP','Chrome 10','Windows 10','0','登录成功','2022-11-28 23:32:07'),(251,'admin','127.0.0.1','内网IP','Chrome 10','Windows 10','1','验证码错误','2022-11-29 10:37:42'),(252,'admin','127.0.0.1','内网IP','Chrome 10','Windows 10','0','登录成功','2022-11-29 10:37:46'),(253,'admin','127.0.0.1','内网IP','Chrome 10','Windows 10','0','登录成功','2022-11-29 12:45:10'),(254,'admin','127.0.0.1','内网IP','Chrome 10','Windows 10','0','退出成功','2022-11-29 13:34:01'),(255,'admin','127.0.0.1','内网IP','Chrome 10','Windows 10','0','登录成功','2022-11-29 13:34:04'),(256,'admin','127.0.0.1','内网IP','Chrome 10','Windows 10','0','登录成功','2022-11-29 15:31:38'),(257,'admin','127.0.0.1','内网IP','Chrome 10','Windows 10','0','登录成功','2022-11-29 19:00:50'),(258,'admin','127.0.0.1','内网IP','Chrome 10','Windows 10','0','登录成功','2022-11-29 19:52:30'),(259,'admin','127.0.0.1','内网IP','Chrome 10','Windows 10','0','登录成功','2022-11-29 20:25:03'),(260,'admin','127.0.0.1','内网IP','Chrome 10','Windows 10','0','登录成功','2022-11-29 21:52:26'),(261,'admin','127.0.0.1','内网IP','Chrome 10','Windows 10','0','登录成功','2022-11-29 23:37:22'),(262,'admin','127.0.0.1','内网IP','Chrome 10','Windows 10','0','登录成功','2022-11-30 00:13:10'),(263,'admin','127.0.0.1','内网IP','Chrome 10','Windows 10','0','登录成功','2022-11-30 02:56:44'),(264,'admin','127.0.0.1','内网IP','Chrome 10','Windows 10','0','登录成功','2022-11-30 16:27:16'),(265,'admin','127.0.0.1','内网IP','Chrome 10','Windows 10','0','登录成功','2022-11-30 17:41:34'),(266,'admin','127.0.0.1','内网IP','Chrome 10','Windows 10','0','登录成功','2022-12-01 11:23:15'),(267,'admin','127.0.0.1','内网IP','Chrome 10','Windows 10','0','登录成功','2022-12-01 12:24:49'),(268,'admin','127.0.0.1','内网IP','Chrome 10','Windows 10','0','登录成功','2022-12-01 15:38:10'),(269,'admin','127.0.0.1','内网IP','Chrome 10','Windows 10','0','登录成功','2022-12-01 16:29:24'),(270,'admin','127.0.0.1','内网IP','Chrome 10','Windows 10','0','登录成功','2022-12-01 19:33:44'),(271,'admin','127.0.0.1','内网IP','Chrome 10','Windows 10','0','登录成功','2022-12-02 08:48:33'),(272,'admin','127.0.0.1','内网IP','Chrome 10','Windows 10','0','登录成功','2022-12-02 09:21:06'),(273,'admin','127.0.0.1','内网IP','Chrome 10','Windows 10','0','登录成功','2022-12-02 12:03:17'),(274,'admin','127.0.0.1','内网IP','Chrome 10','Windows 10','0','登录成功','2022-12-06 09:56:05'),(275,'admin','127.0.0.1','内网IP','Chrome 10','Windows 10','0','登录成功','2022-12-06 11:01:55'),(276,'admin','127.0.0.1','内网IP','Chrome 10','Windows 10','0','登录成功','2022-12-06 13:47:53'),(277,'admin','127.0.0.1','内网IP','Chrome 10','Windows 10','0','登录成功','2022-12-06 16:38:31'),(278,'admin','127.0.0.1','内网IP','Chrome 10','Windows 10','0','登录成功','2022-12-06 18:20:04'),(279,'admin','127.0.0.1','内网IP','Chrome 10','Windows 10','0','登录成功','2022-12-06 19:10:41'),(280,'admin','127.0.0.1','内网IP','Chrome 10','Windows 10','0','登录成功','2022-12-06 20:40:15'),(281,'admin','127.0.0.1','内网IP','Chrome 10','Windows 10','0','登录成功','2022-12-07 09:16:04'),(282,'admin','127.0.0.1','内网IP','Chrome 10','Windows 10','0','登录成功','2022-12-07 11:27:11'),(283,'admin','127.0.0.1','内网IP','Chrome 10','Windows 10','0','登录成功','2022-12-07 13:48:47'),(284,'admin','127.0.0.1','内网IP','Chrome 10','Windows 10','0','登录成功','2022-12-07 16:16:51'),(285,'admin','127.0.0.1','内网IP','Chrome 10','Windows 10','0','登录成功','2022-12-07 18:20:35'),(286,'admin','127.0.0.1','内网IP','Chrome 10','Windows 10','0','登录成功','2022-12-07 19:19:22'),(287,'admin','127.0.0.1','内网IP','Chrome 10','Windows 10','0','登录成功','2022-12-07 20:17:25'),(288,'admin','127.0.0.1','内网IP','Chrome 10','Windows 10','0','登录成功','2022-12-08 00:14:11'),(289,'admin','127.0.0.1','内网IP','Chrome 10','Windows 10','0','登录成功','2022-12-08 10:16:32'),(290,'admin','127.0.0.1','内网IP','Chrome 10','Windows 10','0','登录成功','2022-12-08 13:18:41'),(291,'admin','127.0.0.1','内网IP','Chrome 10','Windows 10','0','登录成功','2022-12-08 17:07:21'),(292,'admin','127.0.0.1','内网IP','Chrome 10','Windows 10','0','登录成功','2022-12-08 19:40:02'),(293,'admin','127.0.0.1','内网IP','Chrome 10','Windows 10','0','登录成功','2022-12-09 13:36:43'),(294,'admin','127.0.0.1','内网IP','Chrome 10','Windows 10','0','登录成功','2022-12-10 17:47:51'),(295,'admin','127.0.0.1','内网IP','Chrome 10','Windows 10','0','登录成功','2022-12-10 21:40:54'),(296,'admin','127.0.0.1','内网IP','Chrome 10','Windows 10','0','登录成功','2022-12-10 23:22:35'),(297,'admin','127.0.0.1','内网IP','Chrome 10','Windows 10','0','登录成功','2022-12-11 10:09:43'),(298,'admin','127.0.0.1','内网IP','Chrome 10','Windows 10','0','登录成功','2022-12-12 11:20:31'),(299,'admin','127.0.0.1','内网IP','Mobile Safari','Mac OS X (iPhone)','0','登录成功','2022-12-12 11:52:02'),(300,'admin','127.0.0.1','内网IP','Chrome 10','Windows 10','0','登录成功','2022-12-12 14:28:49'),(301,'admin','127.0.0.1','内网IP','Chrome 10','Windows 10','0','登录成功','2022-12-12 17:05:22'),(302,'admin','127.0.0.1','内网IP','Chrome 10','Windows 10','0','登录成功','2022-12-12 20:48:37'),(303,'admin','127.0.0.1','内网IP','Chrome 10','Windows 10','0','登录成功','2022-12-12 22:52:36'),(304,'admin','127.0.0.1','内网IP','Chrome 10','Windows 10','0','登录成功','2022-12-13 20:59:48'),(305,'admin','127.0.0.1','内网IP','Chrome 10','Windows 10','0','登录成功','2022-12-15 21:36:14'),(306,'admin','127.0.0.1','内网IP','Chrome 10','Windows 10','0','登录成功','2022-12-16 21:09:04'),(307,'admin','127.0.0.1','内网IP','Chrome 10','Windows 10','0','登录成功','2022-12-17 09:27:55'),(308,'admin','127.0.0.1','内网IP','Chrome 10','Windows 10','0','登录成功','2022-12-20 21:52:42');
/*!40000 ALTER TABLE `sys_logininfor` ENABLE KEYS */;
UNLOCK TABLES;

--
-- Table structure for table `sys_menu`
--

DROP TABLE IF EXISTS `sys_menu`;
/*!40101 SET @saved_cs_client     = @@character_set_client */;
 SET character_set_client = utf8mb4 ;
CREATE TABLE `sys_menu` (
  `menu_id` bigint(20) NOT NULL AUTO_INCREMENT COMMENT '菜单ID',
  `menu_name` varchar(50) NOT NULL COMMENT '菜单名称',
  `parent_id` bigint(20) DEFAULT '0' COMMENT '父菜单ID',
  `order_num` int(4) DEFAULT '0' COMMENT '显示顺序',
  `path` varchar(200) DEFAULT '' COMMENT '路由地址',
  `component` varchar(255) DEFAULT NULL COMMENT '组件路径',
  `query` varchar(255) DEFAULT NULL COMMENT '路由参数',
  `is_frame` int(1) DEFAULT '1' COMMENT '是否为外链（0是 1否）',
  `is_cache` int(1) DEFAULT '0' COMMENT '是否缓存（0缓存 1不缓存）',
  `menu_type` char(1) DEFAULT '' COMMENT '菜单类型（M目录 C菜单 F按钮）',
  `visible` char(1) DEFAULT '0' COMMENT '菜单状态（0显示 1隐藏）',
  `status` char(1) DEFAULT '0' COMMENT '菜单状态（0正常 1停用）',
  `perms` varchar(100) DEFAULT NULL COMMENT '权限标识',
  `icon` varchar(100) DEFAULT '#' COMMENT '菜单图标',
  `create_by` varchar(64) DEFAULT '' COMMENT '创建者',
  `create_time` datetime DEFAULT NULL COMMENT '创建时间',
  `update_by` varchar(64) DEFAULT '' COMMENT '更新者',
  `update_time` datetime DEFAULT NULL COMMENT '更新时间',
  `remark` varchar(500) DEFAULT '' COMMENT '备注',
  PRIMARY KEY (`menu_id`)
) ENGINE=InnoDB AUTO_INCREMENT=2047 DEFAULT CHARSET=utf8mb4 COLLATE=utf8mb4_0900_ai_ci COMMENT='菜单权限表';
/*!40101 SET character_set_client = @saved_cs_client */;

--
-- Dumping data for table `sys_menu`
--

LOCK TABLES `sys_menu` WRITE;
/*!40000 ALTER TABLE `sys_menu` DISABLE KEYS */;
INSERT INTO `sys_menu` VALUES (1,'系统管理',0,1,'system',NULL,'',1,0,'M','0','0','','system','admin','2022-10-13 22:28:18','',NULL,'系统管理目录'),(2,'系统监控',0,2,'monitor',NULL,'',1,0,'M','0','0','','monitor','admin','2022-10-13 22:28:18','admin','2022-11-19 19:51:56','系统监控目录'),(3,'系统工具',0,3,'tool',NULL,'',1,0,'M','0','0','','tool','admin','2022-10-13 22:28:18','',NULL,'系统工具目录'),(4,'若依官网',0,9,'http://grace.vip',NULL,'',0,0,'M','0','0','','guide','admin','2022-10-13 22:28:18','admin','2022-11-13 19:45:22','若依官网地址'),(100,'用户管理',1,1,'user','system/user/index','',1,0,'C','0','0','system:user:list','user','admin','2022-10-13 22:28:18','',NULL,'用户管理菜单'),(101,'角色管理',1,2,'role','system/role/index','',1,0,'C','0','0','system:role:list','peoples','admin','2022-10-13 22:28:18','',NULL,'角色管理菜单'),(102,'菜单管理',1,3,'menu','system/menu/index','',1,0,'C','0','0','system:menu:list','tree-table','admin','2022-10-13 22:28:18','',NULL,'菜单管理菜单'),(103,'部门管理',1,4,'dept','system/dept/index','',1,0,'C','0','0','system:dept:list','tree','admin','2022-10-13 22:28:18','',NULL,'部门管理菜单'),(104,'岗位管理',1,5,'post','system/post/index','',1,0,'C','0','0','system:post:list','post','admin','2022-10-13 22:28:18','',NULL,'岗位管理菜单'),(105,'字典管理',1,6,'dict','system/dict/index','',1,0,'C','0','0','system:dict:list','dict','admin','2022-10-13 22:28:18','',NULL,'字典管理菜单'),(106,'参数设置',1,7,'config','system/config/index','',1,0,'C','0','0','system:config:list','edit','admin','2022-10-13 22:28:18','',NULL,'参数设置菜单'),(107,'通知公告',1,8,'notice','system/notice/index','',1,0,'C','0','0','system:notice:list','message','admin','2022-10-13 22:28:18','',NULL,'通知公告菜单'),(108,'日志管理',1,9,'log','','',1,0,'M','0','0','','log','admin','2022-10-13 22:28:18','',NULL,'日志管理菜单'),(109,'在线用户',2,1,'online','monitor/online/index','',1,0,'C','0','0','monitor:online:list','online','admin','2022-10-13 22:28:18','admin','2022-12-01 12:49:37','在线用户菜单'),(110,'定时任务',2,2,'job','monitor/job/index','',1,0,'C','0','0','monitor:job:list','job','admin','2022-10-13 22:28:18','',NULL,'定时任务菜单'),(111,'数据监控',2,3,'druid','monitor/druid/index','',1,0,'C','0','0','monitor:druid:list','druid','admin','2022-10-13 22:28:19','',NULL,'数据监控菜单'),(112,'服务监控',2,4,'server','monitor/server/index','',1,0,'C','0','0','monitor:server:list','server','admin','2022-10-13 22:28:19','admin','2022-11-20 09:36:34','服务监控菜单'),(113,'缓存监控',2,5,'cache','monitor/cache/index','',1,0,'C','0','0','monitor:cache:list','redis','admin','2022-10-13 22:28:19','',NULL,'缓存监控菜单'),(114,'缓存列表',2,6,'cacheList','monitor/cache/list','',1,0,'C','0','0','monitor:cache:list','redis-list','admin','2022-10-13 22:28:19','',NULL,'缓存列表菜单'),(115,'表单构建',3,1,'build','tool/build/index','',1,0,'C','0','0','tool:build:list','build','admin','2022-10-13 22:28:19','',NULL,'表单构建菜单'),(116,'代码生成',3,2,'gen','tool/gen/index','',1,0,'C','0','0','tool:gen:list','code','admin','2022-10-13 22:28:19','',NULL,'代码生成菜单'),(117,'系统接口',3,3,'swagger','tool/swagger/index','',1,0,'C','0','0','tool:swagger:list','swagger','admin','2022-10-13 22:28:19','',NULL,'系统接口菜单'),(500,'操作日志',108,1,'operlog','monitor/operlog/index','',1,0,'C','0','0','monitor:operlog:list','form','admin','2022-10-13 22:28:19','',NULL,'操作日志菜单'),(501,'登录日志',108,2,'logininfor','monitor/logininfor/index','',1,0,'C','0','0','monitor:logininfor:list','logininfor','admin','2022-10-13 22:28:19','',NULL,'登录日志菜单'),(1000,'用户查询',100,1,'','','',1,0,'F','0','0','system:user:query','#','admin','2022-10-13 22:28:19','',NULL,''),(1001,'用户新增',100,2,'','','',1,0,'F','0','0','system:user:add','#','admin','2022-10-13 22:28:19','',NULL,''),(1002,'用户修改',100,3,'','','',1,0,'F','0','0','system:user:edit','#','admin','2022-10-13 22:28:19','',NULL,''),(1003,'用户删除',100,4,'','','',1,0,'F','0','0','system:user:remove','#','admin','2022-10-13 22:28:19','',NULL,''),(1004,'用户导出',100,5,'','','',1,0,'F','0','0','system:user:export','#','admin','2022-10-13 22:28:19','',NULL,''),(1005,'用户导入',100,6,'','','',1,0,'F','0','0','system:user:import','#','admin','2022-10-13 22:28:19','',NULL,''),(1006,'重置密码',100,7,'','','',1,0,'F','0','0','system:user:resetPwd','#','admin','2022-10-13 22:28:19','',NULL,''),(1007,'角色查询',101,1,'','','',1,0,'F','0','0','system:role:query','#','admin','2022-10-13 22:28:19','',NULL,''),(1008,'角色新增',101,2,'','','',1,0,'F','0','0','system:role:add','#','admin','2022-10-13 22:28:19','',NULL,''),(1009,'角色修改',101,3,'','','',1,0,'F','0','0','system:role:edit','#','admin','2022-10-13 22:28:19','',NULL,''),(1010,'角色删除',101,4,'','','',1,0,'F','0','0','system:role:remove','#','admin','2022-10-13 22:28:19','',NULL,''),(1011,'角色导出',101,5,'','','',1,0,'F','0','0','system:role:export','#','admin','2022-10-13 22:28:19','',NULL,''),(1012,'菜单查询',102,1,'','','',1,0,'F','0','0','system:menu:query','#','admin','2022-10-13 22:28:19','',NULL,''),(1013,'菜单新增',102,2,'','','',1,0,'F','0','0','system:menu:add','#','admin','2022-10-13 22:28:19','',NULL,''),(1014,'菜单修改',102,3,'','','',1,0,'F','0','0','system:menu:edit','#','admin','2022-10-13 22:28:19','',NULL,''),(1015,'菜单删除',102,4,'','','',1,0,'F','0','0','system:menu:remove','#','admin','2022-10-13 22:28:19','',NULL,''),(1016,'部门查询',103,1,'','','',1,0,'F','0','0','system:dept:query','#','admin','2022-10-13 22:28:19','',NULL,''),(1017,'部门新增',103,2,'','','',1,0,'F','0','0','system:dept:add','#','admin','2022-10-13 22:28:19','',NULL,''),(1018,'部门修改',103,3,'','','',1,0,'F','0','0','system:dept:edit','#','admin','2022-10-13 22:28:19','',NULL,''),(1019,'部门删除',103,4,'','','',1,0,'F','0','0','system:dept:remove','#','admin','2022-10-13 22:28:19','',NULL,''),(1020,'岗位查询',104,1,'','','',1,0,'F','0','0','system:post:query','#','admin','2022-10-13 22:28:19','',NULL,''),(1021,'岗位新增',104,2,'','','',1,0,'F','0','0','system:post:add','#','admin','2022-10-13 22:28:19','',NULL,''),(1022,'岗位修改',104,3,'','','',1,0,'F','0','0','system:post:edit','#','admin','2022-10-13 22:28:19','',NULL,''),(1023,'岗位删除',104,4,'','','',1,0,'F','0','0','system:post:remove','#','admin','2022-10-13 22:28:19','',NULL,''),(1024,'岗位导出',104,5,'','','',1,0,'F','0','0','system:post:export','#','admin','2022-10-13 22:28:19','',NULL,''),(1025,'字典查询',105,1,'#','','',1,0,'F','0','0','system:dict:query','#','admin','2022-10-13 22:28:19','',NULL,''),(1026,'字典新增',105,2,'#','','',1,0,'F','0','0','system:dict:add','#','admin','2022-10-13 22:28:19','',NULL,''),(1027,'字典修改',105,3,'#','','',1,0,'F','0','0','system:dict:edit','#','admin','2022-10-13 22:28:19','',NULL,''),(1028,'字典删除',105,4,'#','','',1,0,'F','0','0','system:dict:remove','#','admin','2022-10-13 22:28:19','',NULL,''),(1029,'字典导出',105,5,'#','','',1,0,'F','0','0','system:dict:export','#','admin','2022-10-13 22:28:19','',NULL,''),(1030,'参数查询',106,1,'#','','',1,0,'F','0','0','system:config:query','#','admin','2022-10-13 22:28:19','',NULL,''),(1031,'参数新增',106,2,'#','','',1,0,'F','0','0','system:config:add','#','admin','2022-10-13 22:28:19','',NULL,''),(1032,'参数修改',106,3,'#','','',1,0,'F','0','0','system:config:edit','#','admin','2022-10-13 22:28:19','',NULL,''),(1033,'参数删除',106,4,'#','','',1,0,'F','0','0','system:config:remove','#','admin','2022-10-13 22:28:19','',NULL,''),(1034,'参数导出',106,5,'#','','',1,0,'F','0','0','system:config:export','#','admin','2022-10-13 22:28:19','',NULL,''),(1035,'公告查询',107,1,'#','','',1,0,'F','0','0','system:notice:query','#','admin','2022-10-13 22:28:19','',NULL,''),(1036,'公告新增',107,2,'#','','',1,0,'F','0','0','system:notice:add','#','admin','2022-10-13 22:28:19','',NULL,''),(1037,'公告修改',107,3,'#','','',1,0,'F','0','0','system:notice:edit','#','admin','2022-10-13 22:28:19','',NULL,''),(1038,'公告删除',107,4,'#','','',1,0,'F','0','0','system:notice:remove','#','admin','2022-10-13 22:28:19','',NULL,''),(1039,'操作查询',500,1,'#','','',1,0,'F','0','0','monitor:operlog:query','#','admin','2022-10-13 22:28:19','',NULL,''),(1040,'操作删除',500,2,'#','','',1,0,'F','0','0','monitor:operlog:remove','#','admin','2022-10-13 22:28:19','',NULL,''),(1041,'日志导出',500,3,'#','','',1,0,'F','0','0','monitor:operlog:export','#','admin','2022-10-13 22:28:19','',NULL,''),(1042,'登录查询',501,1,'#','','',1,0,'F','0','0','monitor:logininfor:query','#','admin','2022-10-13 22:28:19','',NULL,''),(1043,'登录删除',501,2,'#','','',1,0,'F','0','0','monitor:logininfor:remove','#','admin','2022-10-13 22:28:19','',NULL,''),(1044,'日志导出',501,3,'#','','',1,0,'F','0','0','monitor:logininfor:export','#','admin','2022-10-13 22:28:19','',NULL,''),(1045,'账户解锁',501,4,'#','','',1,0,'F','0','0','monitor:logininfor:unlock','#','admin','2022-10-13 22:28:19','',NULL,''),(1046,'在线查询',109,1,'#','','',1,0,'F','0','0','monitor:online:query','#','admin','2022-10-13 22:28:19','',NULL,''),(1047,'批量强退',109,2,'#','','',1,0,'F','0','0','monitor:online:batchLogout','#','admin','2022-10-13 22:28:19','',NULL,''),(1048,'单条强退',109,3,'#','','',1,0,'F','0','0','monitor:online:forceLogout','#','admin','2022-10-13 22:28:19','',NULL,''),(1049,'任务查询',110,1,'#','','',1,0,'F','0','0','monitor:job:query','#','admin','2022-10-13 22:28:19','',NULL,''),(1050,'任务新增',110,2,'#','','',1,0,'F','0','0','monitor:job:add','#','admin','2022-10-13 22:28:19','',NULL,''),(1051,'任务修改',110,3,'#','','',1,0,'F','0','0','monitor:job:edit','#','admin','2022-10-13 22:28:19','',NULL,''),(1052,'任务删除',110,4,'#','','',1,0,'F','0','0','monitor:job:remove','#','admin','2022-10-13 22:28:19','',NULL,''),(1053,'状态修改',110,5,'#','','',1,0,'F','0','0','monitor:job:changeStatus','#','admin','2022-10-13 22:28:19','',NULL,''),(1054,'任务导出',110,6,'#','','',1,0,'F','0','0','monitor:job:export','#','admin','2022-10-13 22:28:19','',NULL,''),(1055,'生成查询',116,1,'#','','',1,0,'F','0','0','tool:gen:query','#','admin','2022-10-13 22:28:20','',NULL,''),(1056,'生成修改',116,2,'#','','',1,0,'F','0','0','tool:gen:edit','#','admin','2022-10-13 22:28:20','',NULL,''),(1057,'生成删除',116,3,'#','','',1,0,'F','0','0','tool:gen:remove','#','admin','2022-10-13 22:28:20','',NULL,''),(1058,'导入代码',116,4,'#','','',1,0,'F','0','0','tool:gen:import','#','admin','2022-10-13 22:28:20','',NULL,''),(1059,'预览代码',116,5,'#','','',1,0,'F','0','0','tool:gen:preview','#','admin','2022-10-13 22:28:20','',NULL,''),(1060,'生成代码',116,6,'#','','',1,0,'F','0','0','tool:gen:code','#','admin','2022-10-13 22:28:20','',NULL,''),(2000,'系统服务',0,4,'server',NULL,NULL,1,0,'M','0','0','','server','admin','2022-11-01 13:51:16','admin','2022-11-20 09:20:49',''),(2001,'储存服务',2000,1,'oss','server/oss/index',NULL,1,0,'C','0','0','server:oss:list','documentation','admin','2022-11-01 13:54:18','admin','2022-11-19 20:36:42',''),(2002,'邮件服务',2000,2,'mail','server/mail/index',NULL,1,0,'C','0','0','server:mail:list','email','admin','2022-11-07 19:13:32','admin','2022-11-19 20:36:48',''),(2003,'储存查询',2001,1,'',NULL,NULL,1,0,'F','0','0','server:mail:query','#','admin','2022-11-13 18:45:16','',NULL,''),(2004,'单个上传',2001,2,'',NULL,NULL,1,0,'F','0','0','server:oss:upload','#','admin','2022-11-13 18:47:13','',NULL,''),(2005,'文件删除',2001,3,'',NULL,NULL,1,0,'F','0','0','server:oss:remove','#','admin','2022-11-13 18:47:56','admin','2022-11-13 18:50:19',''),(2006,'储存配置',2001,4,'',NULL,NULL,1,0,'F','0','0','server:oss:config','#','admin','2022-11-13 18:51:08','',NULL,''),(2007,'邮件查询',2002,1,'',NULL,NULL,1,0,'F','0','0','server:mail:query','#','admin','2022-11-13 18:56:39','',NULL,''),(2008,'添加邮件',2002,2,'',NULL,NULL,1,0,'F','0','0','server:mail:add','#','admin','2022-11-13 18:57:55','',NULL,''),(2009,'修改邮件',2002,4,'',NULL,NULL,1,0,'F','0','0','server:mail:edit','#','admin','2022-11-13 18:59:30','admin','2022-11-13 19:34:14',''),(2010,'删除邮件',2002,3,'',NULL,NULL,1,0,'F','0','0','server:mail:remove','#','admin','2022-11-13 19:00:13','admin','2022-11-13 19:34:05',''),(2011,'邮件配置',2002,5,'',NULL,NULL,1,0,'F','0','0','server:mail:config','#','admin','2022-11-13 19:00:45','',NULL,''),(2012,'发送邮件',2002,6,'',NULL,NULL,1,0,'F','0','0','server:mail:send','#','admin','2022-11-13 19:33:55','',NULL,''),(2013,'内容管理',0,5,'cms',NULL,NULL,1,0,'M','0','0','','nested','admin','2022-11-13 19:47:02','admin','2022-11-19 20:57:47',''),(2014,'反馈管理',2013,4,'contact','cms/contact/index',NULL,1,0,'C','0','0','cms:contact:list','icon','admin','2022-11-13 20:16:45','admin','2022-12-02 12:04:19',''),(2015,'反馈查询',2014,1,'',NULL,NULL,1,0,'F','0','0','cms:contact:query','#','admin','2022-11-14 10:03:26','',NULL,''),(2016,'添加反馈',2014,2,'',NULL,NULL,1,0,'F','0','0','cms:contact:add','#','admin','2022-11-14 10:05:10','',NULL,''),(2017,'编辑反馈',2014,3,'',NULL,NULL,1,0,'F','0','0','cms:contact:edit','#','admin','2022-11-14 10:05:55','',NULL,''),(2018,'删除反馈',2014,4,'',NULL,NULL,1,0,'F','0','0','cms:contact:remove','#','admin','2022-11-14 10:06:36','',NULL,''),(2019,'链接管理',2013,7,'link','cms/link/index',NULL,1,0,'C','0','0','cms:link:list','guide','admin','2022-11-15 14:27:37','admin','2022-11-15 14:28:13',''),(2020,'链接查询',2019,1,'',NULL,NULL,1,0,'F','0','0','cms:link:query','#','admin','2022-11-17 19:02:58','',NULL,''),(2021,'添加链接',2019,2,'',NULL,NULL,1,0,'F','0','0','cms:link:add','#','admin','2022-11-17 19:03:53','',NULL,''),(2022,'编辑链接',2019,3,'',NULL,NULL,1,0,'F','0','0','cms:link:edit','#','admin','2022-11-17 19:04:17','',NULL,''),(2023,'删除链接',2019,4,'',NULL,NULL,1,0,'F','0','0','cms:link:remove','#','admin','2022-11-17 19:04:53','',NULL,''),(2024,'标签管理',2013,2,'tag','cms/tag/index',NULL,1,0,'C','0','0','cms:tag:list','dict','admin','2022-11-17 19:08:03','',NULL,''),(2025,'标签查询',2024,1,'',NULL,NULL,1,0,'F','0','0','cms:tag:query','#','admin','2022-11-17 19:10:30','',NULL,''),(2026,'添加标签',2024,2,'',NULL,NULL,1,0,'F','0','0','cms:tag:add','#','admin','2022-11-17 19:10:54','',NULL,''),(2027,'编辑标签',2024,3,'',NULL,NULL,1,0,'F','0','0','cms:tag:edit','#','admin','2022-11-17 19:11:20','',NULL,''),(2028,'删除标签',2024,4,'',NULL,NULL,1,0,'F','0','0','cms:tag:remove','#','admin','2022-11-17 19:11:48','',NULL,''),(2029,'分类管理',2013,3,'category','cms/category/index',NULL,1,0,'C','0','0','cms:category:list','cascader','admin','2022-11-18 22:28:57','admin','2022-11-26 14:23:33',''),(2030,'菜单管理',2013,1,'column','cms/column/index',NULL,1,0,'C','0','0','cms:column:list','tab','admin','2022-11-19 16:34:39','admin','2022-12-02 12:04:07',''),(2031,'文章管理',2013,1,'article','cms/article/index',NULL,1,0,'C','0','0','cms:article:list','button','admin','2022-11-19 16:45:01','admin','2022-11-20 09:35:36',''),(2032,'查询文章',2031,1,'',NULL,NULL,1,0,'F','0','0','cms:article:query','#','admin','2022-11-26 14:20:36','admin','2022-11-26 14:20:57',''),(2033,'添加文章',2031,2,'',NULL,NULL,1,0,'F','0','0','cms:article:add','#','admin','2022-11-26 14:21:34','admin','2022-11-26 14:21:55',''),(2034,'修改文章',2031,3,'',NULL,NULL,1,0,'F','0','0','cms:article:edit','#','admin','2022-11-26 14:22:18','',NULL,''),(2035,'移除文章',2031,4,'',NULL,NULL,1,0,'F','0','0','cms:article:remove','#','admin','2022-11-26 14:22:50','',NULL,''),(2036,'分类查询',2029,1,'',NULL,NULL,1,0,'F','0','0','cms:category:query','#','admin','2022-11-26 14:24:17','',NULL,''),(2037,'添加分类',2029,2,'',NULL,NULL,1,0,'F','0','0','cms:category:add','#','admin','2022-11-26 14:24:35','',NULL,''),(2038,'编辑分类',2029,3,'',NULL,NULL,1,0,'F','0','0','cms:category:edit','#','admin','2022-11-26 14:24:56','',NULL,''),(2039,'移除分类',2029,4,'',NULL,NULL,1,0,'F','0','0','cms:category:remove','#','admin','2022-11-26 14:25:24','',NULL,''),(2040,'菜单查询',2030,1,'',NULL,NULL,1,0,'F','0','0','cms:column:query','#','admin','2022-11-26 14:25:57','',NULL,''),(2041,'添加菜单',2030,2,'',NULL,NULL,1,0,'F','0','0','cms:column:add','#','admin','2022-11-26 14:26:19','',NULL,''),(2042,'编辑菜单',2030,3,'',NULL,NULL,1,0,'F','0','0','cms:column:edit','#','admin','2022-11-26 14:26:51','',NULL,''),(2043,'移除菜单',2030,4,'',NULL,NULL,1,0,'F','0','0','cms:column:remove','#','admin','2022-11-26 14:27:16','',NULL,''),(2044,'参数维护',2013,0,'setting','cms/setting/index',NULL,1,0,'C','0','0','cms:setting:list','swagger','admin','2022-11-26 14:30:25','admin','2022-12-02 12:03:53',''),(2045,'参数更新',2044,2,'',NULL,NULL,1,0,'F','0','0','cms:setting:edit','#','admin','2022-11-26 14:31:43','',NULL,''),(2046,'站点管理',2013,7,'web','cms/web/index',NULL,1,0,'C','0','0','cms:web:list','international','admin','2022-12-06 16:41:57','admin','2022-12-06 16:42:55','');
/*!40000 ALTER TABLE `sys_menu` ENABLE KEYS */;
UNLOCK TABLES;

--
-- Table structure for table `sys_notice`
--

DROP TABLE IF EXISTS `sys_notice`;
/*!40101 SET @saved_cs_client     = @@character_set_client */;
 SET character_set_client = utf8mb4 ;
CREATE TABLE `sys_notice` (
  `notice_id` int(4) NOT NULL AUTO_INCREMENT COMMENT '公告ID',
  `notice_title` varchar(50) NOT NULL COMMENT '公告标题',
  `notice_type` char(1) NOT NULL COMMENT '公告类型（1通知 2公告）',
  `notice_content` longblob COMMENT '公告内容',
  `status` char(1) DEFAULT '0' COMMENT '公告状态（0正常 1关闭）',
  `create_by` varchar(64) DEFAULT '' COMMENT '创建者',
  `create_time` datetime DEFAULT NULL COMMENT '创建时间',
  `update_by` varchar(64) DEFAULT '' COMMENT '更新者',
  `update_time` datetime DEFAULT NULL COMMENT '更新时间',
  `remark` varchar(255) DEFAULT NULL COMMENT '备注',
  PRIMARY KEY (`notice_id`)
) ENGINE=InnoDB AUTO_INCREMENT=11 DEFAULT CHARSET=utf8mb4 COLLATE=utf8mb4_0900_ai_ci COMMENT='通知公告表';
/*!40101 SET character_set_client = @saved_cs_client */;

--
-- Dumping data for table `sys_notice`
--

LOCK TABLES `sys_notice` WRITE;
/*!40000 ALTER TABLE `sys_notice` DISABLE KEYS */;
INSERT INTO `sys_notice` VALUES (1,'温馨提醒：2018-07-01 若依新版本发布啦','2','新版本内容','0','admin','2022-10-13 22:28:23','',NULL,'管理员'),(2,'维护通知：2018-07-01 若依系统凌晨维护','1','维护内容','0','admin','2022-10-13 22:28:23','',NULL,'管理员'),(10,'cheshi  boanji','1','<blockquote><strong>ghjghjhgjghjjghj</strong></blockquote>','0','admin','2022-11-09 22:26:19','admin','2022-11-10 09:26:06',NULL);
/*!40000 ALTER TABLE `sys_notice` ENABLE KEYS */;
UNLOCK TABLES;

--
-- Table structure for table `sys_oper_log`
--

DROP TABLE IF EXISTS `sys_oper_log`;
/*!40101 SET @saved_cs_client     = @@character_set_client */;
 SET character_set_client = utf8mb4 ;
CREATE TABLE `sys_oper_log` (
  `oper_id` bigint(20) NOT NULL AUTO_INCREMENT COMMENT '日志主键',
  `title` varchar(50) DEFAULT '' COMMENT '模块标题',
  `business_type` int(2) DEFAULT '0' COMMENT '业务类型（0其它 1新增 2修改 3删除）',
  `method` varchar(100) DEFAULT '' COMMENT '方法名称',
  `request_method` varchar(10) DEFAULT '' COMMENT '请求方式',
  `operator_type` int(1) DEFAULT '0' COMMENT '操作类别（0其它 1后台用户 2手机端用户）',
  `oper_name` varchar(50) DEFAULT '' COMMENT '操作人员',
  `dept_name` varchar(50) DEFAULT '' COMMENT '部门名称',
  `oper_url` varchar(255) DEFAULT '' COMMENT '请求URL',
  `oper_ip` varchar(128) DEFAULT '' COMMENT '主机地址',
  `oper_location` varchar(255) DEFAULT '' COMMENT '操作地点',
  `oper_param` varchar(2000) DEFAULT '' COMMENT '请求参数',
  `json_result` varchar(2000) DEFAULT '' COMMENT '返回参数',
  `status` int(1) DEFAULT '0' COMMENT '操作状态（0正常 1异常）',
  `error_msg` varchar(2000) DEFAULT '' COMMENT '错误消息',
  `oper_time` datetime DEFAULT NULL COMMENT '操作时间',
  PRIMARY KEY (`oper_id`)
) ENGINE=InnoDB AUTO_INCREMENT=903 DEFAULT CHARSET=utf8mb4 COLLATE=utf8mb4_0900_ai_ci COMMENT='操作日志记录';
/*!40101 SET character_set_client = @saved_cs_client */;

--
-- Dumping data for table `sys_oper_log`
--

LOCK TABLES `sys_oper_log` WRITE;
/*!40000 ALTER TABLE `sys_oper_log` DISABLE KEYS */;
INSERT INTO `sys_oper_log` VALUES (100,'参数管理',2,'com.grace.web.controller.system.SysConfigController.edit()','PUT',1,'admin',NULL,'/system/config','127.0.0.1','内网IP','{\"configGroup\":\"sysUser\",\"configId\":5,\"configKey\":\"sys.account.registerUser\",\"configName\":\"账号自助-是否开启用户注册功能\",\"configType\":\"Y\",\"configValue\":\"false\",\"configValueType\":0,\"createBy\":\"admin\",\"createTime\":\"2022-10-13 22:28:22\",\"params\":{},\"remark\":\"是否开启注册用户功能（true开启，false关闭）\",\"updateBy\":\"admin\"}',NULL,1,'预期类型检测不通过类型【0,参数false】','2022-10-15 18:38:14'),(101,'字典类型',1,'com.grace.web.controller.system.SysDictTypeController.add()','POST',1,'admin',NULL,'/system/dict/type','127.0.0.1','内网IP','{\"createBy\":\"admin\",\"dictName\":\"数值类型\",\"dictType\":\"sys_config_value_type\",\"params\":{},\"remark\":\"参数数值类型\",\"status\":\"0\"}','{\"msg\":\"操作成功\",\"code\":200}',0,NULL,'2022-10-15 19:14:51'),(102,'字典数据',1,'com.grace.web.controller.system.SysDictDataController.add()','POST',1,'admin',NULL,'/system/dict/data','127.0.0.1','内网IP','{\"createBy\":\"admin\",\"default\":false,\"dictLabel\":\"数值\",\"dictSort\":0,\"dictType\":\"sys_config_value_type\",\"dictValue\":\"0\",\"listClass\":\"default\",\"params\":{},\"remark\":\"整型\",\"status\":\"0\"}','{\"msg\":\"操作成功\",\"code\":200}',0,NULL,'2022-10-15 19:17:19'),(103,'字典数据',1,'com.grace.web.controller.system.SysDictDataController.add()','POST',1,'admin',NULL,'/system/dict/data','127.0.0.1','内网IP','{\"createBy\":\"admin\",\"default\":false,\"dictLabel\":\"浮点\",\"dictSort\":1,\"dictType\":\"sys_config_value_type\",\"dictValue\":\"1\",\"listClass\":\"default\",\"params\":{},\"remark\":\"浮点类型\",\"status\":\"0\"}','{\"msg\":\"操作成功\",\"code\":200}',0,NULL,'2022-10-15 19:17:48'),(104,'字典数据',1,'com.grace.web.controller.system.SysDictDataController.add()','POST',1,'admin',NULL,'/system/dict/data','127.0.0.1','内网IP','{\"createBy\":\"admin\",\"default\":false,\"dictLabel\":\"布尔\",\"dictSort\":2,\"dictType\":\"sys_config_value_type\",\"dictValue\":\"2\",\"listClass\":\"default\",\"params\":{},\"remark\":\"布尔类型\",\"status\":\"0\"}','{\"msg\":\"操作成功\",\"code\":200}',0,NULL,'2022-10-15 19:18:21'),(105,'字典数据',1,'com.grace.web.controller.system.SysDictDataController.add()','POST',1,'admin',NULL,'/system/dict/data','127.0.0.1','内网IP','{\"createBy\":\"admin\",\"default\":false,\"dictLabel\":\"字符\",\"dictSort\":3,\"dictType\":\"sys_config_value_type\",\"dictValue\":\"3\",\"listClass\":\"default\",\"params\":{},\"remark\":\"字符类型\",\"status\":\"0\"}','{\"msg\":\"操作成功\",\"code\":200}',0,NULL,'2022-10-15 19:18:53'),(106,'字典类型',2,'com.grace.web.controller.system.SysDictTypeController.edit()','PUT',1,'admin',NULL,'/system/dict/type','127.0.0.1','内网IP','{\"createBy\":\"admin\",\"createTime\":\"2022-10-15 19:14:51\",\"dictId\":100,\"dictName\":\"参数值类型\",\"dictType\":\"sys_config_value_type\",\"params\":{},\"remark\":\"参数值类型\",\"status\":\"0\",\"updateBy\":\"admin\"}','{\"msg\":\"操作成功\",\"code\":200}',0,NULL,'2022-10-15 19:20:00'),(107,'参数管理',2,'com.grace.web.controller.system.SysConfigController.edit()','PUT',1,'admin',NULL,'/system/config','127.0.0.1','内网IP','{\"configGroup\":\"sysUser\",\"configId\":2,\"configKey\":\"sys.user.initPassword\",\"configName\":\"用户管理-账号初始密码\",\"configType\":\"Y\",\"configValue\":\"123456\",\"configValueType\":3,\"createBy\":\"admin\",\"createTime\":\"2022-10-13 22:28:22\",\"params\":{},\"remark\":\"初始化密码 123456\",\"updateBy\":\"admin\"}','{\"msg\":\"操作成功\",\"code\":200}',0,NULL,'2022-10-15 19:23:17'),(108,'字典数据',2,'com.grace.web.controller.system.SysDictDataController.edit()','PUT',1,'admin',NULL,'/system/dict/data','127.0.0.1','内网IP','{\"createBy\":\"admin\",\"createTime\":\"2022-10-15 19:17:19\",\"default\":false,\"dictCode\":100,\"dictLabel\":\"数值\",\"dictSort\":0,\"dictType\":\"sys_config_value_type\",\"dictValue\":\"0\",\"isDefault\":\"N\",\"listClass\":\"success\",\"params\":{},\"remark\":\"整型\",\"status\":\"0\",\"updateBy\":\"admin\"}','{\"msg\":\"操作成功\",\"code\":200}',0,NULL,'2022-10-18 00:48:00'),(109,'字典数据',2,'com.grace.web.controller.system.SysDictDataController.edit()','PUT',1,'admin',NULL,'/system/dict/data','127.0.0.1','内网IP','{\"createBy\":\"admin\",\"createTime\":\"2022-10-15 19:17:48\",\"default\":false,\"dictCode\":101,\"dictLabel\":\"浮点\",\"dictSort\":1,\"dictType\":\"sys_config_value_type\",\"dictValue\":\"1\",\"isDefault\":\"N\",\"listClass\":\"info\",\"params\":{},\"remark\":\"浮点类型\",\"status\":\"0\",\"updateBy\":\"admin\"}','{\"msg\":\"操作成功\",\"code\":200}',0,NULL,'2022-10-18 00:48:06'),(110,'字典数据',2,'com.grace.web.controller.system.SysDictDataController.edit()','PUT',1,'admin',NULL,'/system/dict/data','127.0.0.1','内网IP','{\"createBy\":\"admin\",\"createTime\":\"2022-10-15 19:18:21\",\"default\":false,\"dictCode\":102,\"dictLabel\":\"布尔\",\"dictSort\":2,\"dictType\":\"sys_config_value_type\",\"dictValue\":\"2\",\"isDefault\":\"N\",\"listClass\":\"danger\",\"params\":{},\"remark\":\"布尔类型\",\"status\":\"0\",\"updateBy\":\"admin\"}','{\"msg\":\"操作成功\",\"code\":200}',0,NULL,'2022-10-18 00:48:12'),(111,'字典数据',2,'com.grace.web.controller.system.SysDictDataController.edit()','PUT',1,'admin',NULL,'/system/dict/data','127.0.0.1','内网IP','{\"createBy\":\"admin\",\"createTime\":\"2022-10-15 19:18:52\",\"default\":false,\"dictCode\":103,\"dictLabel\":\"字符\",\"dictSort\":3,\"dictType\":\"sys_config_value_type\",\"dictValue\":\"3\",\"isDefault\":\"N\",\"listClass\":\"info\",\"params\":{},\"remark\":\"字符类型\",\"status\":\"0\",\"updateBy\":\"admin\"}','{\"msg\":\"操作成功\",\"code\":200}',0,NULL,'2022-10-18 00:48:19'),(112,'代码生成',6,'com.grace.generator.controller.GenController.importTableSave()','POST',1,'admin',NULL,'/tool/gen/importTable','127.0.0.1','内网IP','\"oly_mail\"','{\"msg\":\"操作成功\",\"code\":200}',0,NULL,'2022-10-18 14:34:03'),(113,'代码生成',6,'com.grace.generator.controller.GenController.importTableSave()','POST',1,'admin',NULL,'/tool/gen/importTable','127.0.0.1','内网IP','\"oly_oss\"','{\"msg\":\"操作成功\",\"code\":200}',0,NULL,'2022-10-18 15:01:57'),(114,'字典类型',2,'com.grace.web.controller.system.SysDictTypeController.edit()','PUT',1,'admin',NULL,'/system/dict/type','127.0.0.1','内网IP','{\"createBy\":\"admin\",\"createTime\":\"2022-10-13 22:28:22\",\"dictId\":1,\"dictName\":\"用户性别\",\"dictType\":\"sys_user_sex\",\"params\":{},\"remark\":\"用户性别列表\",\"status\":\"0\",\"updateBy\":\"admin\"}','{\"msg\":\"操作成功\",\"code\":200}',0,NULL,'2022-10-19 21:19:31'),(115,'字典类型',2,'com.grace.web.controller.system.SysDictTypeController.edit()','PUT',1,'admin',NULL,'/system/dict/type','127.0.0.1','内网IP','{\"createBy\":\"admin\",\"createTime\":\"2022-10-13 22:28:22\",\"dictId\":10,\"dictName\":\"系统状态\",\"dictType\":\"sys_common_status\",\"params\":{},\"remark\":\"登录状态列表\",\"status\":\"0\",\"updateBy\":\"admin\"}','{\"msg\":\"操作成功\",\"code\":200}',0,NULL,'2022-10-19 21:19:35'),(116,'字典类型',9,'com.grace.web.controller.system.SysDictTypeController.refreshCache()','DELETE',1,'admin',NULL,'/system/dict/type/refreshCache','127.0.0.1','内网IP','{}','{\"msg\":\"操作成功\",\"code\":200}',0,NULL,'2022-10-19 21:19:37'),(117,'参数管理',2,'com.grace.web.controller.system.SysConfigController.edit()','PUT',1,'admin',NULL,'/system/config','127.0.0.1','内网IP','{\"configGroup\":\"sysUser\",\"configId\":2,\"configKey\":\"sys.user.initPassword\",\"configName\":\"用户管理-账号初始密码\",\"configType\":\"Y\",\"configValue\":\"123456\",\"configValueType\":3,\"createBy\":\"admin\",\"createTime\":\"2022-10-13 22:28:22\",\"params\":{},\"remark\":\"初始化密码 123456\",\"updateBy\":\"admin\",\"updateTime\":\"2022-10-15 19:23:17\"}','{\"msg\":\"操作成功\",\"code\":200}',0,NULL,'2022-10-19 21:19:58'),(118,'参数管理',2,'com.grace.web.controller.system.SysConfigController.edit()','PUT',1,'admin',NULL,'/system/config','127.0.0.1','内网IP','{\"configGroup\":\"sysUser\",\"configId\":2,\"configKey\":\"sys.user.initPassword\",\"configName\":\"用户管理-账号初始密码\",\"configType\":\"Y\",\"configValue\":\"123456\",\"configValueType\":3,\"createBy\":\"admin\",\"createTime\":\"2022-10-13 22:28:22\",\"params\":{},\"remark\":\"初始化密码 123456\",\"updateBy\":\"admin\",\"updateTime\":\"2022-10-19 21:19:58\"}','{\"msg\":\"操作成功\",\"code\":200}',0,NULL,'2022-10-19 21:20:07'),(119,'参数管理',2,'com.grace.web.controller.system.SysConfigController.edit()','PUT',1,'admin',NULL,'/system/config','127.0.0.1','内网IP','{\"configGroup\":\"sysUser\",\"configId\":2,\"configKey\":\"sys.user.initPassword\",\"configName\":\"用户管理-账号初始密码\",\"configType\":\"Y\",\"configValue\":\"123456\",\"configValueType\":2,\"createBy\":\"admin\",\"createTime\":\"2022-10-13 22:28:22\",\"params\":{},\"remark\":\"初始化密码 123456\",\"updateBy\":\"admin\",\"updateTime\":\"2022-10-19 21:20:07\"}',NULL,1,'预期类型检测不通过类型【2,参数123456】','2022-10-19 21:20:35'),(120,'参数管理',2,'com.grace.web.controller.system.SysConfigController.edit()','PUT',1,'admin',NULL,'/system/config','127.0.0.1','内网IP','{\"configGroup\":\"sysUser\",\"configId\":2,\"configKey\":\"sys.user.initPassword\",\"configName\":\"用户管理-账号初始密码\",\"configType\":\"Y\",\"configValue\":\"123456\",\"configValueType\":2,\"createBy\":\"admin\",\"createTime\":\"2022-10-13 22:28:22\",\"params\":{},\"remark\":\"初始化密码 123456\",\"updateBy\":\"admin\",\"updateTime\":\"2022-10-19 21:20:07\"}',NULL,1,'预期类型检测不通过类型【2,参数123456】','2022-10-19 21:20:41'),(121,'参数管理',2,'com.grace.web.controller.system.SysConfigController.edit()','PUT',1,'admin',NULL,'/system/config','127.0.0.1','内网IP','{\"configGroup\":\"sysUser\",\"configId\":2,\"configKey\":\"sys.user.initPassword\",\"configName\":\"用户管理-账号初始密码\",\"configType\":\"Y\",\"configValue\":\"123456\",\"configValueType\":3,\"createBy\":\"admin\",\"createTime\":\"2022-10-13 22:28:22\",\"params\":{},\"remark\":\"初始化密码 123456\",\"updateBy\":\"admin\",\"updateTime\":\"2022-10-19 21:20:07\"}','{\"msg\":\"操作成功\",\"code\":200}',0,NULL,'2022-10-19 21:23:15'),(122,'参数管理',2,'com.grace.web.controller.system.SysConfigController.edit()','PUT',1,'admin',NULL,'/system/config','127.0.0.1','内网IP','{\"configGroup\":\"sysUser\",\"configId\":2,\"configKey\":\"sys.user.initPassword\",\"configName\":\"用户管理-账号初始密码\",\"configType\":\"Y\",\"configValue\":\"123456\",\"configValueType\":3,\"createBy\":\"admin\",\"createTime\":\"2022-10-13 22:28:22\",\"params\":{},\"remark\":\"初始化密码 123456\",\"updateBy\":\"admin\",\"updateTime\":\"2022-10-19 21:23:15\"}','{\"msg\":\"操作成功\",\"code\":200}',0,NULL,'2022-10-19 21:23:34'),(123,'参数管理',2,'com.grace.web.controller.system.SysConfigController.edit()','PUT',1,'admin',NULL,'/system/config','127.0.0.1','内网IP','{\"configGroup\":\"sysUser\",\"configId\":2,\"configKey\":\"sys.user.initPassword\",\"configName\":\"用户管理-账号初始密码\",\"configType\":\"N\",\"configValue\":\"123456\",\"configValueType\":3,\"createBy\":\"admin\",\"createTime\":\"2022-10-13 22:28:22\",\"params\":{},\"remark\":\"初始化密码 123456\",\"updateBy\":\"admin\",\"updateTime\":\"2022-10-19 21:23:34\"}','{\"msg\":\"操作成功\",\"code\":200}',0,NULL,'2022-10-19 21:29:44'),(124,'参数管理',2,'com.grace.web.controller.system.SysConfigController.edit()','PUT',1,'admin',NULL,'/system/config','127.0.0.1','内网IP','{\"configGroup\":\"sysUser\",\"configId\":2,\"configKey\":\"sys.user.initPassword\",\"configName\":\"用户管理-账号初始密码\",\"configType\":\"Y\",\"configValue\":\"123456\",\"configValueType\":3,\"createBy\":\"admin\",\"createTime\":\"2022-10-13 22:28:22\",\"params\":{},\"remark\":\"初始化密码 123456\",\"updateBy\":\"admin\",\"updateTime\":\"2022-10-19 21:29:44\"}','{\"msg\":\"操作成功\",\"code\":200}',0,NULL,'2022-10-19 21:29:49'),(125,'参数管理',2,'com.grace.web.controller.system.SysConfigController.edit()','PUT',1,'admin',NULL,'/system/config','127.0.0.1','内网IP','{\"configGroup\":\"sysUser\",\"configId\":2,\"configKey\":\"sys.user.initPassword\",\"configName\":\"用户管理-账号初始密码\",\"configType\":\"Y\",\"configValue\":\"123456\",\"configValueType\":0,\"createBy\":\"admin\",\"createTime\":\"2022-10-13 22:28:22\",\"params\":{},\"remark\":\"初始化密码 123456\",\"updateBy\":\"admin\",\"updateTime\":\"2022-10-19 21:29:49\"}','{\"msg\":\"操作成功\",\"code\":200}',0,NULL,'2022-10-19 21:33:52'),(126,'参数管理',2,'com.grace.web.controller.system.SysConfigController.edit()','PUT',1,'admin',NULL,'/system/config','127.0.0.1','内网IP','{\"configGroup\":\"sysUser\",\"configId\":2,\"configKey\":\"sys.user.initPassword\",\"configName\":\"用户管理-账号初始密码\",\"configType\":\"Y\",\"configValue\":\"123456\",\"configValueType\":3,\"createBy\":\"admin\",\"createTime\":\"2022-10-13 22:28:22\",\"params\":{},\"remark\":\"初始化密码 123456\",\"updateBy\":\"admin\",\"updateTime\":\"2022-10-19 21:33:52\"}','{\"msg\":\"操作成功\",\"code\":200}',0,NULL,'2022-10-19 21:34:06'),(127,'字典数据',2,'com.grace.web.controller.system.SysDictDataController.edit()','PUT',1,'admin',NULL,'/system/dict/data','127.0.0.1','内网IP','{\"createBy\":\"admin\",\"createTime\":\"2022-10-15 19:17:19\",\"default\":false,\"dictCode\":100,\"dictLabel\":\"数值\",\"dictSort\":0,\"dictType\":\"sys_config_value_type\",\"dictValue\":\"0\",\"isDefault\":\"N\",\"listClass\":\"success\",\"params\":{},\"remark\":\"整型\",\"status\":\"1\",\"updateBy\":\"admin\"}','{\"msg\":\"操作成功\",\"code\":200}',0,NULL,'2022-10-19 21:56:35'),(128,'字典数据',2,'com.grace.web.controller.system.SysDictDataController.edit()','PUT',1,'admin',NULL,'/system/dict/data','127.0.0.1','内网IP','{\"createBy\":\"admin\",\"createTime\":\"2022-10-15 19:17:48\",\"default\":false,\"dictCode\":101,\"dictLabel\":\"浮点\",\"dictSort\":1,\"dictType\":\"sys_config_value_type\",\"dictValue\":\"1\",\"isDefault\":\"N\",\"listClass\":\"info\",\"params\":{},\"remark\":\"浮点类型\",\"status\":\"1\",\"updateBy\":\"admin\"}','{\"msg\":\"操作成功\",\"code\":200}',0,NULL,'2022-10-19 21:56:41'),(129,'字典数据',2,'com.grace.web.controller.system.SysDictDataController.edit()','PUT',1,'admin',NULL,'/system/dict/data','127.0.0.1','内网IP','{\"createBy\":\"admin\",\"createTime\":\"2022-10-15 19:17:48\",\"default\":false,\"dictCode\":101,\"dictLabel\":\"浮点\",\"dictSort\":1,\"dictType\":\"sys_config_value_type\",\"dictValue\":\"1\",\"isDefault\":\"N\",\"listClass\":\"info\",\"params\":{},\"remark\":\"浮点类型\",\"status\":\"1\",\"updateBy\":\"admin\"}','{\"msg\":\"操作成功\",\"code\":200}',0,NULL,'2022-10-19 21:57:41'),(130,'字典数据',2,'com.grace.web.controller.system.SysDictDataController.edit()','PUT',1,'admin',NULL,'/system/dict/data','127.0.0.1','内网IP','{\"createBy\":\"admin\",\"createTime\":\"2022-10-15 19:18:21\",\"default\":false,\"dictCode\":102,\"dictLabel\":\"布尔\",\"dictSort\":2,\"dictType\":\"sys_config_value_type\",\"dictValue\":\"2\",\"isDefault\":\"N\",\"listClass\":\"danger\",\"params\":{},\"remark\":\"布尔类型\",\"status\":\"1\",\"updateBy\":\"admin\"}','{\"msg\":\"操作成功\",\"code\":200}',0,NULL,'2022-10-19 21:57:48'),(131,'字典数据',2,'com.grace.web.controller.system.SysDictDataController.edit()','PUT',1,'admin',NULL,'/system/dict/data','127.0.0.1','内网IP','{\"createBy\":\"admin\",\"createTime\":\"2022-10-15 19:17:19\",\"default\":false,\"dictCode\":100,\"dictLabel\":\"数值\",\"dictSort\":0,\"dictType\":\"sys_config_value_type\",\"dictValue\":\"0\",\"isDefault\":\"N\",\"listClass\":\"success\",\"params\":{},\"remark\":\"整型\",\"status\":\"0\",\"updateBy\":\"admin\"}','{\"msg\":\"操作成功\",\"code\":200}',0,NULL,'2022-10-19 21:57:54'),(132,'参数管理',2,'com.grace.web.controller.system.SysConfigController.edit()','PUT',1,'admin',NULL,'/system/config','127.0.0.1','内网IP','{\"configGroup\":\"sysUser\",\"configId\":2,\"configKey\":\"sys.user.initPassword\",\"configName\":\"用户管理-账号初始密码\",\"configType\":\"Y\",\"configValue\":\"123456\",\"configValueType\":0,\"createBy\":\"admin\",\"createTime\":\"2022-10-13 22:28:22\",\"params\":{},\"remark\":\"初始化密码 123456\",\"updateBy\":\"admin\",\"updateTime\":\"2022-10-19 21:34:06\"}','{\"msg\":\"操作成功\",\"code\":200}',0,NULL,'2022-10-19 21:58:02'),(133,'参数管理',2,'com.grace.web.controller.system.SysConfigController.edit()','PUT',1,'admin',NULL,'/system/config','127.0.0.1','内网IP','{\"configGroup\":\"sysUser\",\"configId\":2,\"configKey\":\"sys.user.initPassword\",\"configName\":\"用户管理-账号初始密码\",\"configType\":\"Y\",\"configValue\":\"123456\",\"configValueType\":3,\"createBy\":\"admin\",\"createTime\":\"2022-10-13 22:28:22\",\"params\":{},\"remark\":\"初始化密码 123456\",\"updateBy\":\"admin\",\"updateTime\":\"2022-10-19 21:58:02\"}','{\"msg\":\"操作成功\",\"code\":200}',0,NULL,'2022-10-19 22:02:16'),(134,'参数管理',2,'com.grace.web.controller.system.SysConfigController.edit()','PUT',1,'admin',NULL,'/system/config','127.0.0.1','内网IP','{\"configGroup\":\"sysUser\",\"configId\":2,\"configKey\":\"sys.user.initPassword\",\"configName\":\"用户管理-账号初始密码\",\"configType\":\"Y\",\"configValue\":\"123456\",\"configValueType\":0,\"createBy\":\"admin\",\"createTime\":\"2022-10-13 22:28:22\",\"params\":{},\"remark\":\"初始化密码 123456\",\"updateBy\":\"admin\",\"updateTime\":\"2022-10-19 22:02:16\"}','{\"msg\":\"操作成功\",\"code\":200}',0,NULL,'2022-10-19 22:14:06'),(135,'参数管理',2,'com.grace.web.controller.system.SysConfigController.edit()','PUT',1,'admin',NULL,'/system/config','127.0.0.1','内网IP','{\"configGroup\":\"sysUser\",\"configId\":2,\"configKey\":\"sys.user.initPassword\",\"configName\":\"用户管理-账号初始密码\",\"configType\":\"Y\",\"configValue\":\"123456\",\"configValueType\":3,\"createBy\":\"admin\",\"createTime\":\"2022-10-13 22:28:22\",\"params\":{},\"remark\":\"初始化密码 123456\",\"updateBy\":\"admin\",\"updateTime\":\"2022-10-19 22:14:05\"}','{\"msg\":\"操作成功\",\"code\":200}',0,NULL,'2022-10-19 22:16:45'),(136,'字典数据',2,'com.grace.web.controller.system.SysDictDataController.edit()','PUT',1,'admin',NULL,'/system/dict/data','127.0.0.1','内网IP','{\"createBy\":\"admin\",\"createTime\":\"2022-10-15 19:17:19\",\"default\":false,\"dictCode\":100,\"dictLabel\":\"数值\",\"dictSort\":0,\"dictType\":\"sys_config_value_type\",\"dictValue\":\"A\",\"isDefault\":\"N\",\"listClass\":\"success\",\"params\":{},\"remark\":\"整型\",\"status\":\"0\",\"updateBy\":\"admin\"}','{\"msg\":\"操作成功\",\"code\":200}',0,NULL,'2022-10-19 22:26:38'),(137,'字典数据',2,'com.grace.web.controller.system.SysDictDataController.edit()','PUT',1,'admin',NULL,'/system/dict/data','127.0.0.1','内网IP','{\"createBy\":\"admin\",\"createTime\":\"2022-10-15 19:18:52\",\"default\":false,\"dictCode\":103,\"dictLabel\":\"字符\",\"dictSort\":3,\"dictType\":\"sys_config_value_type\",\"dictValue\":\"C\",\"isDefault\":\"N\",\"listClass\":\"info\",\"params\":{},\"remark\":\"字符类型\",\"status\":\"0\",\"updateBy\":\"admin\"}','{\"msg\":\"操作成功\",\"code\":200}',0,NULL,'2022-10-19 22:26:44'),(138,'字典数据',2,'com.grace.web.controller.system.SysDictDataController.edit()','PUT',1,'admin',NULL,'/system/dict/data','127.0.0.1','内网IP','{\"createBy\":\"admin\",\"createTime\":\"2022-10-15 19:17:19\",\"default\":false,\"dictCode\":100,\"dictLabel\":\"数值\",\"dictSort\":0,\"dictType\":\"sys_config_value_type\",\"dictValue\":\"0\",\"isDefault\":\"N\",\"listClass\":\"success\",\"params\":{},\"remark\":\"整型\",\"status\":\"0\",\"updateBy\":\"admin\"}','{\"msg\":\"操作成功\",\"code\":200}',0,NULL,'2022-10-19 22:27:42'),(139,'字典数据',2,'com.grace.web.controller.system.SysDictDataController.edit()','PUT',1,'admin',NULL,'/system/dict/data','127.0.0.1','内网IP','{\"createBy\":\"admin\",\"createTime\":\"2022-10-15 19:18:52\",\"default\":false,\"dictCode\":103,\"dictLabel\":\"字符\",\"dictSort\":3,\"dictType\":\"sys_config_value_type\",\"dictValue\":\"3\",\"isDefault\":\"N\",\"listClass\":\"info\",\"params\":{},\"remark\":\"字符类型\",\"status\":\"0\",\"updateBy\":\"admin\"}','{\"msg\":\"操作成功\",\"code\":200}',0,NULL,'2022-10-19 22:27:49'),(140,'字典数据',2,'com.grace.web.controller.system.SysDictDataController.edit()','PUT',1,'admin',NULL,'/system/dict/data','127.0.0.1','内网IP','{\"createBy\":\"admin\",\"createTime\":\"2022-10-15 19:18:21\",\"default\":false,\"dictCode\":102,\"dictLabel\":\"布尔\",\"dictSort\":2,\"dictType\":\"sys_config_value_type\",\"dictValue\":\"2\",\"isDefault\":\"N\",\"listClass\":\"danger\",\"params\":{},\"remark\":\"布尔类型\",\"status\":\"0\",\"updateBy\":\"admin\"}','{\"msg\":\"操作成功\",\"code\":200}',0,NULL,'2022-10-19 22:44:51'),(141,'字典数据',2,'com.grace.web.controller.system.SysDictDataController.edit()','PUT',1,'admin',NULL,'/system/dict/data','127.0.0.1','内网IP','{\"createBy\":\"admin\",\"createTime\":\"2022-10-15 19:17:48\",\"default\":false,\"dictCode\":101,\"dictLabel\":\"浮点\",\"dictSort\":1,\"dictType\":\"sys_config_value_type\",\"dictValue\":\"1\",\"isDefault\":\"N\",\"listClass\":\"info\",\"params\":{},\"remark\":\"浮点类型\",\"status\":\"0\",\"updateBy\":\"admin\"}','{\"msg\":\"操作成功\",\"code\":200}',0,NULL,'2022-10-19 22:44:57'),(142,'参数管理',2,'com.grace.web.controller.system.SysConfigController.edit()','PUT',1,'admin',NULL,'/system/config','127.0.0.1','内网IP','{\"configGroup\":\"sysUser\",\"configId\":2,\"configKey\":\"sys.user.initPassword\",\"configName\":\"用户管理-账号初始密码\",\"configType\":\"Y\",\"configValue\":\"123456\",\"configValueType\":0,\"createBy\":\"admin\",\"createTime\":\"2022-10-13 22:28:22\",\"params\":{},\"remark\":\"初始化密码 123456\",\"updateBy\":\"admin\",\"updateTime\":\"2022-10-19 22:16:45\"}','{\"msg\":\"操作成功\",\"code\":200}',0,NULL,'2022-10-19 22:46:36'),(143,'参数管理',2,'com.grace.web.controller.system.SysConfigController.edit()','PUT',1,'admin',NULL,'/system/config','127.0.0.1','内网IP','{\"configGroup\":\"sysUser\",\"configId\":2,\"configKey\":\"sys.user.initPassword\",\"configName\":\"用户管理-账号初始密码\",\"configType\":\"Y\",\"configValue\":\"123456\",\"configValueType\":3,\"createBy\":\"admin\",\"createTime\":\"2022-10-13 22:28:22\",\"params\":{},\"remark\":\"初始化密码 123456\",\"updateBy\":\"admin\",\"updateTime\":\"2022-10-19 22:46:36\"}','{\"msg\":\"操作成功\",\"code\":200}',0,NULL,'2022-10-20 00:37:36'),(144,'代码生成',2,'com.grace.generator.controller.GenController.editSave()','PUT',1,'admin',NULL,'/tool/gen','127.0.0.1','内网IP','{\"businessName\":\"oss\",\"className\":\"OlyOss\",\"columns\":[{\"capJavaField\":\"Id\",\"columnId\":16,\"columnName\":\"id\",\"columnType\":\"bigint(20)\",\"createBy\":\"admin\",\"createTime\":\"2022-10-18 15:01:57\",\"dictType\":\"\",\"edit\":false,\"htmlType\":\"input\",\"increment\":true,\"insert\":true,\"isIncrement\":\"1\",\"isInsert\":\"1\",\"isPk\":\"1\",\"javaField\":\"id\",\"javaType\":\"Long\",\"list\":false,\"params\":{},\"pk\":true,\"query\":false,\"queryType\":\"EQ\",\"required\":false,\"sort\":1,\"superColumn\":false,\"tableId\":2,\"updateBy\":\"\",\"usableColumn\":false},{\"capJavaField\":\"CreateBy\",\"columnComment\":\"创建者\",\"columnId\":17,\"columnName\":\"create_by\",\"columnType\":\"varchar(64)\",\"createBy\":\"admin\",\"createTime\":\"2022-10-18 15:01:57\",\"dictType\":\"\",\"edit\":false,\"htmlType\":\"input\",\"increment\":false,\"insert\":true,\"isIncrement\":\"0\",\"isInsert\":\"1\",\"isPk\":\"0\",\"javaField\":\"createBy\",\"javaType\":\"String\",\"list\":false,\"params\":{},\"pk\":false,\"query\":false,\"queryType\":\"EQ\",\"required\":false,\"sort\":2,\"superColumn\":true,\"tableId\":2,\"updateBy\":\"\",\"usableColumn\":false},{\"capJavaField\":\"CreateTime\",\"columnComment\":\"创建时间\",\"columnId\":18,\"columnName\":\"create_time\",\"columnType\":\"datetime\",\"createBy\":\"admin\",\"createTime\":\"2022-10-18 15:01:57\",\"dictType\":\"\",\"edit\":false,\"htmlType\":\"datetime\",\"increment\":false,\"insert\":true,\"isIncrement\":\"0\",\"isInsert\":\"1\",\"isPk\":\"0\",\"javaField\":\"createTime\",\"javaType\":\"Date\",\"list\":false,\"params\":{},\"pk\":false,\"query\":false,\"queryType\":\"EQ\",\"required\":false,\"sort\":3,\"superColumn\":true,\"tableId\":2,\"updateBy\":\"\",\"usableColumn\":false},{\"capJavaField\":\"FileName\",\"columnComment\":\"文件名\",\"columnId\":19,\"columnName\":\"file_name\",\"columnType\":\"varchar(128)\",\"createBy\":\"admin\",\"createTime\":\"2022-10-18 15:01:57\",\"dictType\":\"\",\"edit\":true,\"htmlType\":\"input\",\"increment\":false,\"insert\":true,\"isEdit\":\"1\",\"isIncrement\":\"0\",\"isInsert\":\"1\",\"isList\":\"1\",\"isPk\":\"0\",\"isQuery\":\"1\",\"javaField\":\"fileName\",\"javaType\":\"String\",\"list\":true,\"params\":{},\"pk\":false,\"query\":true,\"queryType\":\"LIKE\",\"required\":false,\"sort\":4,\"superColumn\":false,\"tableId\":2,\"upda','{\"msg\":\"操作成功\",\"code\":200}',0,NULL,'2022-10-21 11:44:09'),(145,'代码生成',8,'com.grace.generator.controller.GenController.batchGenCode()','GET',1,'admin',NULL,'/tool/gen/batchGenCode','127.0.0.1','内网IP','{}',NULL,0,NULL,'2022-10-21 11:44:23'),(146,'菜单管理',1,'com.grace.web.controller.system.SysMenuController.add()','POST',1,'admin',NULL,'/system/menu','127.0.0.1','内网IP','{\"children\":[],\"createBy\":\"admin\",\"icon\":\"server\",\"isCache\":\"0\",\"isFrame\":\"1\",\"menuName\":\"系统服务\",\"menuType\":\"M\",\"orderNum\":4,\"params\":{},\"parentId\":0,\"path\":\"/server/oss\",\"status\":\"0\",\"visible\":\"0\"}','{\"msg\":\"操作成功\",\"code\":200}',0,NULL,'2022-11-01 13:51:16'),(147,'菜单管理',2,'com.grace.web.controller.system.SysMenuController.edit()','PUT',1,'admin',NULL,'/system/menu','127.0.0.1','内网IP','{\"children\":[],\"createTime\":\"2022-11-01 13:51:16\",\"icon\":\"server\",\"isCache\":\"0\",\"isFrame\":\"1\",\"menuId\":2000,\"menuName\":\"系统服务\",\"menuType\":\"M\",\"orderNum\":4,\"params\":{},\"parentId\":0,\"path\":\"server\",\"perms\":\"\",\"status\":\"0\",\"updateBy\":\"admin\",\"visible\":\"0\"}','{\"msg\":\"操作成功\",\"code\":200}',0,NULL,'2022-11-01 13:52:44'),(148,'菜单管理',1,'com.grace.web.controller.system.SysMenuController.add()','POST',1,'admin',NULL,'/system/menu','127.0.0.1','内网IP','{\"children\":[],\"createBy\":\"admin\",\"isCache\":\"0\",\"isFrame\":\"1\",\"menuName\":\"储存服务\",\"menuType\":\"C\",\"orderNum\":1,\"params\":{},\"parentId\":2000,\"path\":\"server/oss/index\",\"status\":\"0\",\"visible\":\"0\"}','{\"msg\":\"操作成功\",\"code\":200}',0,NULL,'2022-11-01 13:54:18'),(149,'菜单管理',2,'com.grace.web.controller.system.SysMenuController.edit()','PUT',1,'admin',NULL,'/system/menu','127.0.0.1','内网IP','{\"children\":[],\"component\":\"server/oss/index\",\"createTime\":\"2022-11-01 13:54:18\",\"icon\":\"#\",\"isCache\":\"0\",\"isFrame\":\"1\",\"menuId\":2001,\"menuName\":\"储存服务\",\"menuType\":\"C\",\"orderNum\":1,\"params\":{},\"parentId\":2000,\"path\":\"oss\",\"perms\":\"\",\"status\":\"0\",\"updateBy\":\"admin\",\"visible\":\"0\"}','{\"msg\":\"操作成功\",\"code\":200}',0,NULL,'2022-11-01 13:54:51'),(150,'字典类型',1,'com.grace.web.controller.system.SysDictTypeController.add()','POST',1,'admin',NULL,'/system/dict/type','127.0.0.1','内网IP','{\"createBy\":\"admin\",\"dictName\":\"储存列表\",\"dictType\":\"sys_server_oss_list\",\"params\":{},\"remark\":\"储存列表\",\"status\":\"0\"}','{\"msg\":\"操作成功\",\"code\":200}',0,NULL,'2022-11-04 14:10:28'),(151,'字典数据',1,'com.grace.web.controller.system.SysDictDataController.add()','POST',1,'admin',NULL,'/system/dict/data','127.0.0.1','内网IP','{\"createBy\":\"admin\",\"default\":false,\"dictLabel\":\"本地\",\"dictSort\":0,\"dictType\":\"sys_server_oss_list\",\"dictValue\":\"native\",\"listClass\":\"success\",\"params\":{},\"remark\":\"本地\",\"status\":\"0\"}','{\"msg\":\"操作成功\",\"code\":200}',0,NULL,'2022-11-04 14:11:32'),(152,'字典数据',1,'com.grace.web.controller.system.SysDictDataController.add()','POST',1,'admin',NULL,'/system/dict/data','127.0.0.1','内网IP','{\"createBy\":\"admin\",\"default\":false,\"dictLabel\":\"七牛\",\"dictSort\":1,\"dictType\":\"sys_server_oss_list\",\"dictValue\":\"qiniu\",\"listClass\":\"primary\",\"params\":{},\"status\":\"0\"}','{\"msg\":\"操作成功\",\"code\":200}',0,NULL,'2022-11-04 14:12:04'),(153,'字典类型',1,'com.grace.web.controller.system.SysDictTypeController.add()','POST',1,'admin',NULL,'/system/dict/type','127.0.0.1','内网IP','{\"createBy\":\"admin\",\"dictName\":\"存储类型\",\"dictType\":\"sys_server_oss_types\",\"params\":{},\"remark\":\"存储支持类型\",\"status\":\"0\"}','{\"msg\":\"操作成功\",\"code\":200}',0,NULL,'2022-11-04 14:23:51'),(154,'字典数据',1,'com.grace.web.controller.system.SysDictDataController.add()','POST',1,'admin',NULL,'/system/dict/data','127.0.0.1','内网IP','{\"createBy\":\"admin\",\"default\":false,\"dictLabel\":\"图片\",\"dictSort\":0,\"dictType\":\"sys_server_oss_types\",\"dictValue\":\"image\",\"listClass\":\"primary\",\"params\":{},\"remark\":\"图片类型\",\"status\":\"0\"}','{\"msg\":\"操作成功\",\"code\":200}',0,NULL,'2022-11-04 14:24:37'),(155,'字典数据',1,'com.grace.web.controller.system.SysDictDataController.add()','POST',1,'admin',NULL,'/system/dict/data','127.0.0.1','内网IP','{\"createBy\":\"admin\",\"default\":false,\"dictLabel\":\"音频\",\"dictSort\":0,\"dictType\":\"sys_server_oss_types\",\"dictValue\":\"music\",\"listClass\":\"success\",\"params\":{},\"remark\":\"音频类型\",\"status\":\"0\"}','{\"msg\":\"操作成功\",\"code\":200}',0,NULL,'2022-11-04 14:25:25'),(156,'字典数据',1,'com.grace.web.controller.system.SysDictDataController.add()','POST',1,'admin',NULL,'/system/dict/data','127.0.0.1','内网IP','{\"createBy\":\"admin\",\"default\":false,\"dictLabel\":\"视频\",\"dictSort\":0,\"dictType\":\"sys_server_oss_types\",\"dictValue\":\"video\",\"listClass\":\"success\",\"params\":{},\"remark\":\"视频类型\",\"status\":\"0\"}','{\"msg\":\"操作成功\",\"code\":200}',0,NULL,'2022-11-04 14:25:59'),(157,'字典数据',1,'com.grace.web.controller.system.SysDictDataController.add()','POST',1,'admin',NULL,'/system/dict/data','127.0.0.1','内网IP','{\"createBy\":\"admin\",\"default\":false,\"dictLabel\":\"文档\",\"dictSort\":0,\"dictType\":\"sys_server_oss_types\",\"dictValue\":\"document\",\"listClass\":\"info\",\"params\":{},\"remark\":\"文档类型\",\"status\":\"0\"}','{\"msg\":\"操作成功\",\"code\":200}',0,NULL,'2022-11-04 14:26:33'),(158,'字典数据',1,'com.grace.web.controller.system.SysDictDataController.add()','POST',1,'admin',NULL,'/system/dict/data','127.0.0.1','内网IP','{\"createBy\":\"admin\",\"default\":false,\"dictLabel\":\"压缩\",\"dictSort\":0,\"dictType\":\"sys_server_oss_types\",\"dictValue\":\"compress\",\"listClass\":\"success\",\"params\":{},\"remark\":\"压缩类型\",\"status\":\"0\"}','{\"msg\":\"操作成功\",\"code\":200}',0,NULL,'2022-11-04 14:27:20'),(159,'参数管理',2,'com.grace.web.controller.system.SysConfigController.edit()','PUT',1,'admin',NULL,'/system/config','127.0.0.1','内网IP','{\"configGroup\":\"sysUser\",\"configId\":2,\"configKey\":\"sys.user.initPassword\",\"configName\":\"用户管理-账号初始密码\",\"configType\":\"Y\",\"configValue\":\"123456\",\"configValueType\":3,\"createBy\":\"admin\",\"createTime\":\"2022-10-13 22:28:22\",\"params\":{},\"remark\":\"初始化密码 123456\",\"updateBy\":\"admin\",\"updateTime\":\"2022-10-20 00:37:36\"}','{\"msg\":\"操作成功\",\"code\":200}',0,NULL,'2022-11-04 14:41:37'),(160,'储存参数',2,'com.grace.web.controller.server.OssServerController.updateConfig()','POST',1,'admin',NULL,'/server/oss/updateConfig','127.0.0.1','内网IP','{}','{\"msg\":\"操作失败\",\"code\":500}',0,NULL,'2022-11-04 14:43:15'),(161,'储存参数',2,'com.grace.web.controller.server.OssServerController.updateConfig()','POST',1,'admin',NULL,'/server/oss/updateConfig','127.0.0.1','内网IP','{}','{\"msg\":\"操作失败\",\"code\":500}',0,NULL,'2022-11-04 14:45:46'),(162,'储存参数',2,'com.grace.web.controller.server.OssServerController.updateConfig()','POST',1,'admin',NULL,'/server/oss/updateConfig','127.0.0.1','内网IP','{}','{\"msg\":\"操作失败\",\"code\":500}',0,NULL,'2022-11-04 14:45:54'),(163,'储存参数',2,'com.grace.web.controller.server.OssServerController.updateConfig()','POST',1,'admin',NULL,'/server/oss/updateConfig','127.0.0.1','内网IP','{}','{\"msg\":\"操作失败\",\"code\":500}',0,NULL,'2022-11-04 14:46:57'),(164,'储存参数',2,'com.grace.web.controller.server.OssServerController.updateConfig()','POST',1,'admin',NULL,'/server/oss/updateConfig','127.0.0.1','内网IP','{\"name\":\"configGroup\",\"value\":\"ossConfig\"}','{\"msg\":\"操作成功\",\"code\":200}',0,NULL,'2022-11-04 15:03:12'),(165,'储存参数',2,'com.grace.web.controller.server.OssServerController.updateConfig()','POST',1,'admin',NULL,'/server/oss/updateConfig','127.0.0.1','内网IP','{\"name\":\"configGroup\",\"value\":\"ossConfig\"}','{\"msg\":\"操作成功\",\"code\":200}',0,NULL,'2022-11-04 15:06:59'),(166,'储存参数',2,'com.grace.web.controller.server.OssServerController.updateConfig()','POST',1,'admin',NULL,'/server/oss/updateConfig','127.0.0.1','内网IP','{}','{\"msg\":\"操作失败\",\"code\":500}',0,NULL,'2022-11-04 15:08:39'),(167,'储存参数',2,'com.grace.web.controller.server.OssServerController.updateConfig()','POST',1,'admin',NULL,'/server/oss/updateConfig','127.0.0.1','内网IP','{}','{\"msg\":\"操作失败\",\"code\":500}',0,NULL,'2022-11-04 15:10:29'),(168,'储存参数',2,'com.grace.web.controller.server.OssServerController.updateConfig()','POST',1,'admin',NULL,'/server/oss/updateConfig','127.0.0.1','内网IP','{}','{\"msg\":\"操作失败\",\"code\":500}',0,NULL,'2022-11-04 15:12:05'),(169,'参数管理',3,'com.grace.web.controller.system.SysConfigController.remove()','DELETE',1,'admin',NULL,'/system/config/100,101','127.0.0.1','内网IP','{configIds=100,101}','{\"msg\":\"操作成功\",\"code\":200}',0,NULL,'2022-11-04 15:27:39'),(170,'储存参数',2,'com.grace.web.controller.server.OssServerController.updateConfig()','POST',1,'admin',NULL,'/server/oss/updateConfig','127.0.0.1','内网IP','{}','{\"msg\":\"操作失败\",\"code\":500}',0,NULL,'2022-11-04 15:27:54'),(171,'储存参数',2,'com.grace.web.controller.server.OssServerController.updateConfig()','POST',1,'admin',NULL,'/server/oss/updateConfig','127.0.0.1','内网IP','{\"configGroup\":\"ossConfig\"}','{\"msg\":\"操作失败\",\"code\":500}',0,NULL,'2022-11-04 15:29:59'),(172,'储存参数',2,'com.grace.web.controller.server.OssServerController.updateConfig()','POST',1,'admin',NULL,'/server/oss/updateConfig','127.0.0.1','内网IP','{\"name\":\"configGroup\",\"value\":\" myConfig\",\"configGroup\":\"ossConfig\"}','{\"msg\":\"操作失败\",\"code\":500}',0,NULL,'2022-11-04 15:30:43'),(173,'储存参数',2,'com.grace.web.controller.server.OssServerController.updateConfig()','POST',1,'admin',NULL,'/server/oss/updateConfig','127.0.0.1','内网IP','{\"configGroup\":\"ossConfig\"}','{\"msg\":\"操作失败\",\"code\":500}',0,NULL,'2022-11-04 15:32:44'),(174,'储存参数',2,'com.grace.web.controller.server.OssServerController.updateConfig()','POST',1,'admin',NULL,'/server/oss/updateConfig','127.0.0.1','内网IP','{\"oly.oss.image.maxSize\":\"2\",\"oly.oss.music.maxSize\":\"1\",\"oly.oss.used\":\"native\",\"configGroup\":\"ossConfig\"}','{\"msg\":\"操作失败\",\"code\":500}',0,NULL,'2022-11-04 15:32:53'),(175,'储存参数',2,'com.grace.web.controller.server.OssServerController.updateConfig()','POST',1,'admin',NULL,'/server/oss/updateConfig','127.0.0.1','内网IP','{\"oly.oss.support.type\":\"\",\"oly.oss.used\":\"native\"}','{\"msg\":\"操作成功\",\"code\":200}',0,NULL,'2022-11-04 16:33:17'),(176,'储存参数',2,'com.grace.web.controller.server.OssServerController.updateConfig()','POST',1,'admin',NULL,'/server/oss/updateConfig','127.0.0.1','内网IP','{\"oly.oss.support.type\":\"music,video\",\"oly.oss.used\":\"native\"}','{\"msg\":\"操作成功\",\"code\":200}',0,NULL,'2022-11-04 16:33:26'),(177,'字典类型',1,'com.grace.web.controller.system.SysDictTypeController.add()','POST',1,'admin',NULL,'/system/dict/type','127.0.0.1','内网IP','{\"createBy\":\"admin\",\"dictName\":\"系统真假\",\"dictType\":\"sys_true_false\",\"params\":{},\"remark\":\"true false\",\"status\":\"0\"}','{\"msg\":\"操作成功\",\"code\":200}',0,NULL,'2022-11-04 20:57:06'),(178,'字典数据',1,'com.grace.web.controller.system.SysDictDataController.add()','POST',1,'admin',NULL,'/system/dict/data','127.0.0.1','内网IP','{\"createBy\":\"admin\",\"default\":false,\"dictLabel\":\"是\",\"dictSort\":0,\"dictType\":\"sys_true_false\",\"dictValue\":\"true\",\"listClass\":\"success\",\"params\":{},\"remark\":\"true\",\"status\":\"0\"}','{\"msg\":\"操作成功\",\"code\":200}',0,NULL,'2022-11-04 20:59:51'),(179,'字典数据',1,'com.grace.web.controller.system.SysDictDataController.add()','POST',1,'admin',NULL,'/system/dict/data','127.0.0.1','内网IP','{\"createBy\":\"admin\",\"default\":false,\"dictLabel\":\"否\",\"dictSort\":1,\"dictType\":\"sys_true_false\",\"dictValue\":\"false\",\"listClass\":\"primary\",\"params\":{},\"remark\":\"false\",\"status\":\"0\"}','{\"msg\":\"操作成功\",\"code\":200}',0,NULL,'2022-11-04 21:00:21'),(180,'储存参数',2,'com.grace.web.controller.server.OssServerController.updateConfig()','POST',1,'admin',NULL,'/server/oss/updateConfig','127.0.0.1','内网IP','{\"oly.oss.support.type\":\"music,video\",\"oly.oss.used\":\"native\",\"oly.oss.zh.py\":\"true\"}','{\"msg\":\"操作成功\",\"code\":200}',0,NULL,'2022-11-04 21:00:34'),(181,'储存参数',2,'com.grace.web.controller.server.OssServerController.updateConfig()','POST',1,'admin',NULL,'/server/oss/updateConfig','127.0.0.1','内网IP','{\"oly.oss.support.type\":\"music,video\",\"oly.oss.zh.py\":\"true\",\"oly.oss.used\":\"native\",\"oly.oss.max.length\":\"100\",\"oly.oss.image.maxSize\":\"1\",\"oly.oss.music.maxSize\":\"10\",\"oly.oss.video.maxSize\":\"100\",\"oly.oss.document.maxSize\":\"100\",\"oly.oss.compress.maxSize\":\"100\"}','{\"msg\":\"操作成功\",\"code\":200}',0,NULL,'2022-11-04 21:01:09'),(182,'储存参数',2,'com.grace.web.controller.server.OssServerController.updateConfig()','POST',1,'admin',NULL,'/server/oss/updateConfig','127.0.0.1','内网IP','{\"oly.oss.video.maxSize\":\"1000\",\"oly.oss.max.length\":\"100\",\"oly.oss.support.type\":\"music,video\",\"oly.oss.music.maxSize\":\"1000\",\"oly.oss.zh.py\":\"true\",\"oly.oss.image.maxSize\":\"1000\",\"oly.oss.document.maxSize\":\"1000\",\"oly.oss.used\":\"native\",\"oly.oss.compress.maxSize\":\"1000\"}','{\"msg\":\"操作成功\",\"code\":200}',0,NULL,'2022-11-04 21:25:46'),(183,'储存参数',2,'com.grace.web.controller.server.OssServerController.updateConfig()','POST',1,'admin',NULL,'/server/oss/updateConfig','127.0.0.1','内网IP','{\"oly.oss.video.maxSize\":\"1000\",\"oly.oss.max.length\":\"100\",\"oly.oss.support.type\":\"music,video,image\",\"oly.oss.music.maxSize\":\"1000\",\"oly.oss.zh.py\":\"true\",\"oly.oss.image.maxSize\":\"1000\",\"oly.oss.document.maxSize\":\"1000\",\"oly.oss.used\":\"native\",\"oly.oss.compress.maxSize\":\"1000\"}','{\"msg\":\"操作成功\",\"code\":200}',0,NULL,'2022-11-04 21:45:58'),(184,'参数管理',2,'com.grace.web.controller.system.SysConfigController.edit()','PUT',1,'admin',NULL,'/system/config','127.0.0.1','内网IP','{\"configGroup\":\"ossConfig\",\"configId\":105,\"configKey\":\"oly.oss.max.length\",\"configName\":\"oly.oss.max.length\",\"configType\":\"N\",\"configValue\":\"100\",\"configValueType\":0,\"createBy\":\"admin\",\"createTime\":\"2022-11-04 21:01:09\",\"params\":{},\"updateBy\":\"admin\",\"updateTime\":\"2022-11-04 21:45:58\"}','{\"msg\":\"操作成功\",\"code\":200}',0,NULL,'2022-11-05 00:28:47'),(185,'参数管理',2,'com.grace.web.controller.system.SysConfigController.edit()','PUT',1,'admin',NULL,'/system/config','127.0.0.1','内网IP','{\"configGroup\":\"ossConfig\",\"configId\":106,\"configKey\":\"oly.oss.image.maxSize\",\"configName\":\"oly.oss.image.maxSize\",\"configType\":\"N\",\"configValue\":\"1000\",\"configValueType\":0,\"createBy\":\"admin\",\"createTime\":\"2022-11-04 21:01:09\",\"params\":{},\"updateBy\":\"admin\",\"updateTime\":\"2022-11-04 21:45:58\"}','{\"msg\":\"操作成功\",\"code\":200}',0,NULL,'2022-11-05 00:28:53'),(186,'参数管理',2,'com.grace.web.controller.system.SysConfigController.edit()','PUT',1,'admin',NULL,'/system/config','127.0.0.1','内网IP','{\"configGroup\":\"ossConfig\",\"configId\":107,\"configKey\":\"oly.oss.music.maxSize\",\"configName\":\"oly.oss.music.maxSize\",\"configType\":\"N\",\"configValue\":\"1000\",\"configValueType\":0,\"createBy\":\"admin\",\"createTime\":\"2022-11-04 21:01:09\",\"params\":{},\"updateBy\":\"admin\",\"updateTime\":\"2022-11-04 21:45:58\"}','{\"msg\":\"操作成功\",\"code\":200}',0,NULL,'2022-11-05 00:28:59'),(187,'参数管理',2,'com.grace.web.controller.system.SysConfigController.edit()','PUT',1,'admin',NULL,'/system/config','127.0.0.1','内网IP','{\"configGroup\":\"ossConfig\",\"configId\":108,\"configKey\":\"oly.oss.video.maxSize\",\"configName\":\"oly.oss.video.maxSize\",\"configType\":\"N\",\"configValue\":\"1000\",\"configValueType\":0,\"createBy\":\"admin\",\"createTime\":\"2022-11-04 21:01:09\",\"params\":{},\"updateBy\":\"admin\",\"updateTime\":\"2022-11-04 21:45:58\"}','{\"msg\":\"操作成功\",\"code\":200}',0,NULL,'2022-11-05 00:29:05'),(188,'参数管理',2,'com.grace.web.controller.system.SysConfigController.edit()','PUT',1,'admin',NULL,'/system/config','127.0.0.1','内网IP','{\"configGroup\":\"ossConfig\",\"configId\":109,\"configKey\":\"oly.oss.document.maxSize\",\"configName\":\"oly.oss.document.maxSize\",\"configType\":\"N\",\"configValue\":\"1000\",\"configValueType\":0,\"createBy\":\"admin\",\"createTime\":\"2022-11-04 21:01:09\",\"params\":{},\"updateBy\":\"admin\",\"updateTime\":\"2022-11-04 21:45:58\"}','{\"msg\":\"操作成功\",\"code\":200}',0,NULL,'2022-11-05 00:29:10'),(189,'参数管理',2,'com.grace.web.controller.system.SysConfigController.edit()','PUT',1,'admin',NULL,'/system/config','127.0.0.1','内网IP','{\"configGroup\":\"ossConfig\",\"configId\":110,\"configKey\":\"oly.oss.compress.maxSize\",\"configName\":\"oly.oss.compress.maxSize\",\"configType\":\"N\",\"configValue\":\"1000\",\"configValueType\":0,\"createBy\":\"admin\",\"createTime\":\"2022-11-04 21:01:09\",\"params\":{},\"updateBy\":\"admin\",\"updateTime\":\"2022-11-04 21:45:58\"}','{\"msg\":\"操作成功\",\"code\":200}',0,NULL,'2022-11-05 00:29:15'),(190,'储存参数',2,'com.grace.web.controller.server.OssServerController.updateConfig()','POST',1,'admin',NULL,'/server/oss/updateConfig','127.0.0.1','内网IP','{\"oly.oss.video.maxSize\":\"1000\",\"oly.oss.max.length\":\"100\",\"oly.oss.support.type\":\"music,video,image\",\"oly.oss.music.maxSize\":\"1000\",\"oly.oss.zh.py\":\"true\",\"oly.oss.image.maxSize\":\"1000\",\"oly.oss.document.maxSize\":\"1000\",\"oly.oss.used\":\"native\",\"oly.oss.compress.maxSize\":\"1001\"}','{\"msg\":\"操作成功\",\"code\":200}',0,NULL,'2022-11-05 00:29:40'),(191,'字典数据',2,'com.grace.web.controller.system.SysDictDataController.edit()','PUT',1,'admin',NULL,'/system/dict/data','127.0.0.1','内网IP','{\"createBy\":\"admin\",\"createTime\":\"2022-11-04 14:12:04\",\"default\":false,\"dictCode\":105,\"dictLabel\":\"七牛\",\"dictSort\":1,\"dictType\":\"sys_server_oss_list\",\"dictValue\":\"qiniu\",\"isDefault\":\"N\",\"listClass\":\"primary\",\"params\":{},\"remark\":\"七牛存储\",\"status\":\"0\",\"updateBy\":\"admin\"}','{\"msg\":\"操作成功\",\"code\":200}',0,NULL,'2022-11-05 09:56:47'),(192,'用户头像',2,'com.grace.web.controller.system.SysProfileController.avatar()','POST',1,'admin',NULL,'/system/user/profile/avatar','127.0.0.1','内网IP','','{\"msg\":\"操作成功\",\"imgUrl\":\"/profile/avatar/2022/11/05/blob_20221105110502A001.jpeg\",\"code\":200}',0,NULL,'2022-11-05 11:05:02'),(193,'储存参数',2,'com.grace.web.controller.server.OssServerController.updateConfig()','POST',1,'admin',NULL,'/server/oss/updateConfig','127.0.0.1','内网IP','{\"oly.oss.video.maxSize\":\"1000\",\"oly.oss.max.length\":\"100\",\"oly.oss.support.type\":\"music,video,image,document,compress\",\"oly.oss.music.maxSize\":\"1000\",\"oly.oss.zh.py\":\"true\",\"oly.oss.image.maxSize\":\"1000\",\"oly.oss.document.maxSize\":\"1000\",\"oly.oss.used\":\"native\",\"oly.oss.compress.maxSize\":\"1001\"}','{\"msg\":\"操作成功\",\"code\":200}',0,NULL,'2022-11-05 21:11:18'),(194,'储存参数',2,'com.grace.web.controller.server.OssServerController.updateConfig()','POST',1,'admin',NULL,'/server/oss/updateConfig','127.0.0.1','内网IP','{\"oly.oss.video.maxSize\":\"1000\",\"oly.oss.max.length\":\"100\",\"oly.oss.support.type\":\"music,video,image,document,compress\",\"oly.oss.music.maxSize\":\"1000\",\"oly.oss.zh.py\":\"true\",\"oly.oss.image.maxSize\":\"1000\",\"oly.oss.document.maxSize\":\"1000\",\"oly.oss.used\":\"native\",\"oly.oss.compress.maxSize\":\"1001\",\"oly.oss.native.domain\":\"/server/oss/download/\"}','{\"msg\":\"操作成功\",\"code\":200}',0,NULL,'2022-11-05 21:19:53'),(195,'文件存储',3,'com.grace.web.controller.server.OssServerController.remove()','DELETE',1,'admin',NULL,'/server/oss/339','127.0.0.1','内网IP','{ids=339}','{\"msg\":\"操作成功\",\"code\":200}',0,NULL,'2022-11-05 23:17:19'),(196,'文件存储',3,'com.grace.web.controller.server.OssServerController.remove()','DELETE',1,'admin',NULL,'/server/oss/343','127.0.0.1','内网IP','{ids=343}','{\"msg\":\"操作成功\",\"code\":200}',0,NULL,'2022-11-05 23:17:29'),(197,'参数管理',5,'com.grace.web.controller.system.SysConfigController.export()','POST',1,'admin',NULL,'/system/config/export','127.0.0.1','内网IP','{\"params\":{}}',NULL,0,NULL,'2022-11-06 09:15:28'),(198,'文件存储',3,'com.grace.web.controller.server.OssServerController.remove()','DELETE',1,'admin',NULL,'/server/oss/344','127.0.0.1','内网IP','{ids=344}','{\"msg\":\"操作成功\",\"code\":200}',0,NULL,'2022-11-06 13:40:22'),(199,'代码生成',8,'com.grace.generator.controller.GenController.batchGenCode()','GET',1,'admin',NULL,'/tool/gen/batchGenCode','127.0.0.1','内网IP','{}',NULL,0,NULL,'2022-11-06 17:46:38'),(200,'菜单管理',2,'com.grace.web.controller.system.SysMenuController.edit()','PUT',1,'admin',NULL,'/system/menu','127.0.0.1','内网IP','{\"children\":[],\"component\":\"server/oss/index\",\"createTime\":\"2022-11-01 13:54:18\",\"icon\":\"documentation\",\"isCache\":\"0\",\"isFrame\":\"1\",\"menuId\":2001,\"menuName\":\"储存服务\",\"menuType\":\"C\",\"orderNum\":1,\"params\":{},\"parentId\":2000,\"path\":\"oss\",\"perms\":\"\",\"status\":\"0\",\"updateBy\":\"admin\",\"visible\":\"0\"}','{\"msg\":\"操作成功\",\"code\":200}',0,NULL,'2022-11-07 19:04:30'),(201,'菜单管理',1,'com.grace.web.controller.system.SysMenuController.add()','POST',1,'admin',NULL,'/system/menu','127.0.0.1','内网IP','{\"children\":[],\"component\":\"server/mail/index\",\"createBy\":\"admin\",\"icon\":\"email\",\"isCache\":\"0\",\"isFrame\":\"1\",\"menuName\":\"邮件服务\",\"menuType\":\"C\",\"orderNum\":2,\"params\":{},\"parentId\":2000,\"path\":\"mail\",\"status\":\"0\",\"visible\":\"0\"}','{\"msg\":\"操作成功\",\"code\":200}',0,NULL,'2022-11-07 19:13:32'),(202,'菜单管理',2,'com.grace.web.controller.system.SysMenuController.edit()','PUT',1,'admin',NULL,'/system/menu','127.0.0.1','内网IP','{\"children\":[],\"component\":\"server/oss/index\",\"createTime\":\"2022-11-01 13:54:18\",\"icon\":\"documentation\",\"isCache\":\"0\",\"isFrame\":\"1\",\"menuId\":2001,\"menuName\":\"储存服务\",\"menuType\":\"C\",\"orderNum\":1,\"params\":{},\"parentId\":2000,\"path\":\"oss\",\"perms\":\"server:oss:list\",\"status\":\"0\",\"updateBy\":\"admin\",\"visible\":\"0\"}','{\"msg\":\"操作成功\",\"code\":200}',0,NULL,'2022-11-07 19:19:10'),(203,'菜单管理',2,'com.grace.web.controller.system.SysMenuController.edit()','PUT',1,'admin',NULL,'/system/menu','127.0.0.1','内网IP','{\"children\":[],\"component\":\"server/mail/index\",\"createTime\":\"2022-11-07 19:13:32\",\"icon\":\"email\",\"isCache\":\"0\",\"isFrame\":\"1\",\"menuId\":2002,\"menuName\":\"邮件服务\",\"menuType\":\"C\",\"orderNum\":2,\"params\":{},\"parentId\":2000,\"path\":\"mail\",\"perms\":\"server:mail:list\",\"status\":\"0\",\"updateBy\":\"admin\",\"visible\":\"0\"}','{\"msg\":\"操作成功\",\"code\":200}',0,NULL,'2022-11-07 19:19:23'),(204,'邮件管理',2,'com.grace.web.controller.server.MailServerController.editByGkSaves()','POST',1,'admin',NULL,'/server/mail/updateConfig','127.0.0.1','内网IP','{\"configGroup\":\"mailConfig\"}',NULL,1,'','2022-11-07 20:17:33'),(205,'邮件管理',2,'com.grace.web.controller.server.MailServerController.editByGkSaves()','POST',1,'admin',NULL,'/server/mail/updateConfig','127.0.0.1','内网IP','{\"oly.mail.username\":\"ngfh\",\"oly.mail.password\":\"fghfg\",\"oly.mail.from.name\":\"fghfg\",\"oly.mail.host\":\"fghfg\",\"oly.mail.protocol\":\"fgh\",\"configGroup\":\"mailConfig\"}',NULL,1,'','2022-11-07 20:28:49'),(206,'邮件管理',2,'com.grace.web.controller.server.MailServerController.editByGkSaves()','POST',1,'admin',NULL,'/server/mail/updateConfig','127.0.0.1','内网IP','{\"oly.mail.username\":\"ngfh\",\"oly.mail.password\":\"fghfg\",\"oly.mail.from.name\":\"fghfg\",\"oly.mail.host\":\"fghfg\",\"oly.mail.protocol\":\"fgh\",\"configGroup\":\"mailConfig\"}',NULL,1,'','2022-11-07 20:28:51'),(207,'邮件管理',2,'com.grace.web.controller.server.MailServerController.editByGkSaves()','POST',1,'admin',NULL,'/server/mail/updateConfig','127.0.0.1','内网IP','{\"oly.mail.username\":\"ngfh\",\"oly.mail.password\":\"fghfg\",\"oly.mail.from.name\":\"fghfg\",\"oly.mail.host\":\"fghfg\",\"oly.mail.protocol\":\"fgh\",\"configGroup\":\"mailConfig\"}',NULL,1,'','2022-11-07 20:28:53'),(208,'邮件管理',2,'com.grace.web.controller.server.MailServerController.editByGkSaves()','POST',1,'admin',NULL,'/server/mail/updateConfig','127.0.0.1','内网IP','{\"oly.mail.username\":\"ngfh\",\"oly.mail.password\":\"fghfg\",\"oly.mail.from.name\":\"fghfg\",\"oly.mail.host\":\"fghfg\",\"oly.mail.protocol\":\"fgh\",\"configGroup\":\"mailConfig\"}',NULL,1,'','2022-11-07 20:28:54'),(209,'邮件管理',2,'com.grace.web.controller.server.MailServerController.editByGkSaves()','POST',1,'admin',NULL,'/server/mail/updateConfig','127.0.0.1','内网IP','{\"oly.mail.username\":\"ngfh\",\"oly.mail.password\":\"fghfg\",\"oly.mail.from.name\":\"fghfg\",\"oly.mail.host\":\"fghfg\",\"oly.mail.protocol\":\"fgh\",\"configGroup\":\"mailConfig\"}',NULL,1,'','2022-11-07 20:28:55'),(210,'邮件管理',2,'com.grace.web.controller.server.MailServerController.editByGkSaves()','POST',1,'admin',NULL,'/server/mail/updateConfig','127.0.0.1','内网IP','{\"oly.mail.username\":\"ngfh\",\"oly.mail.password\":\"fghfg\",\"oly.mail.from.name\":\"fghfg\",\"oly.mail.host\":\"fghfg\",\"oly.mail.protocol\":\"fgh\",\"configGroup\":\"mailConfig\"}',NULL,1,'','2022-11-07 20:28:56'),(211,'邮件管理',2,'com.grace.web.controller.server.MailServerController.editByGkSaves()','POST',1,'admin',NULL,'/server/mail/updateConfig','127.0.0.1','内网IP','{\"oly.mail.username\":\"ngfh\",\"oly.mail.password\":\"fghfg\",\"oly.mail.from.name\":\"fghfg\",\"oly.mail.host\":\"fghfg\",\"oly.mail.protocol\":\"fgh\",\"configGroup\":\"mailConfig\"}',NULL,1,'','2022-11-07 20:28:59'),(212,'邮件管理',2,'com.grace.web.controller.server.MailServerController.editByGkSaves()','POST',1,'admin',NULL,'/server/mail/updateConfig','127.0.0.1','内网IP','{\"oly.mail.username\":\"ngfh\",\"oly.mail.password\":\"fghfg\",\"oly.mail.from.name\":\"fghfg\",\"oly.mail.host\":\"fghfg\",\"oly.mail.protocol\":\"fgh\",\"configGroup\":\"mailConfig\"}',NULL,1,'','2022-11-07 20:29:05'),(213,'邮件管理',2,'com.grace.web.controller.server.MailServerController.editByGkSaves()','POST',1,'admin',NULL,'/server/mail/updateConfig','127.0.0.1','内网IP','{\"oly.mail.username\":\"ghjhgjhg\",\"configGroup\":\"mailConfig\"}',NULL,1,'','2022-11-07 20:29:14'),(214,'邮件管理',2,'com.grace.web.controller.server.MailServerController.editByGkSaves()','POST',1,'admin',NULL,'/server/mail/updateConfig','127.0.0.1','内网IP','{\"oly.mail.username\":\"ghjhgjhg\",\"configGroup\":\"mailConfig\"}',NULL,1,'','2022-11-07 20:30:32'),(215,'邮件管理',2,'com.grace.web.controller.server.MailServerController.editByGkSaves()','POST',1,'admin',NULL,'/server/mail/updateConfig','127.0.0.1','内网IP','{\"oly.mail.username\":\"hfghgfh\",\"oly.mail.password\":\"fghfg\",\"oly.mail.from.name\":\"fghfg\",\"oly.mail.host\":\"fghgf\",\"oly.mail.protocol\":\"fghgf\",\"configGroup\":\"mailConfig\"}',NULL,1,'','2022-11-07 20:30:44'),(216,'邮件管理',2,'com.grace.web.controller.server.MailServerController.editByGkSaves()','POST',1,'admin',NULL,'/server/mail/updateConfig','127.0.0.1','内网IP','{\"oly.mail.username\":\"hfghgfh\",\"oly.mail.password\":\"fghfg\",\"oly.mail.from.name\":\"fghfg\",\"oly.mail.host\":\"fghgf\",\"oly.mail.protocol\":\"fghgf\"}','{\"msg\":\"操作成功\",\"code\":200}',0,NULL,'2022-11-07 20:32:40'),(217,'邮件管理',2,'com.grace.web.controller.server.MailServerController.editByGkSaves()','POST',1,'admin',NULL,'/server/mail/updateConfig','127.0.0.1','内网IP','{\"oly.mail.username\":\"hfghgfh\",\"oly.mail.protocol\":\"fghgf\",\"oly.mail.password\":\"fghfg\",\"oly.mail.from.name\":\"fghfg\",\"oly.mail.host\":\"fghgf\",\"oly.mail.enabled\":\"true\",\"oly.mail.starttls\":\"false\"}','{\"msg\":\"操作成功\",\"code\":200}',0,NULL,'2022-11-07 20:35:10'),(218,'邮件管理',2,'com.grace.web.controller.server.MailServerController.updateConfig()','POST',1,'admin',NULL,'/server/mail/updateConfig','127.0.0.1','内网IP','{\"oly.mail.enabled\":\"true\",\"oly.mail.username\":\"hfghgfh\",\"oly.mail.protocol\":\"22\",\"oly.mail.starttls\":\"false\",\"oly.mail.password\":\"fghfg\",\"oly.mail.from.name\":\"fghfg\",\"oly.mail.host\":\"fghgf\"}','{\"msg\":\"操作成功\",\"code\":200}',0,NULL,'2022-11-09 09:43:44'),(219,'通知公告',1,'com.grace.web.controller.system.SysNoticeController.add()','POST',1,'admin',NULL,'/system/notice','127.0.0.1','内网IP','{\"createBy\":\"admin\",\"noticeTitle\":\"cheshi  boanji\",\"noticeType\":\"1\",\"params\":{},\"status\":\"0\"}','{\"msg\":\"操作成功\",\"code\":200}',0,NULL,'2022-11-09 22:26:19'),(220,'通知公告',2,'com.grace.web.controller.system.SysNoticeController.edit()','PUT',1,'admin',NULL,'/system/notice','127.0.0.1','内网IP','{\"createBy\":\"admin\",\"createTime\":\"2022-11-09 22:26:19\",\"noticeId\":10,\"noticeTitle\":\"cheshi  boanji\",\"noticeType\":\"1\",\"params\":{},\"status\":\"0\",\"updateBy\":\"admin\"}','{\"msg\":\"操作成功\",\"code\":200}',0,NULL,'2022-11-09 22:50:45'),(221,'通知公告',2,'com.grace.web.controller.system.SysNoticeController.edit()','PUT',1,'admin',NULL,'/system/notice','127.0.0.1','内网IP','{\"createBy\":\"admin\",\"createTime\":\"2022-11-09 22:26:19\",\"noticeId\":10,\"noticeTitle\":\"cheshi  boanji\",\"noticeType\":\"1\",\"params\":{},\"status\":\"0\",\"updateBy\":\"admin\",\"updateTime\":\"2022-11-09 22:50:45\"}','{\"msg\":\"操作成功\",\"code\":200}',0,NULL,'2022-11-10 07:19:49'),(222,'通知公告',2,'com.grace.web.controller.system.SysNoticeController.edit()','PUT',1,'admin',NULL,'/system/notice','127.0.0.1','内网IP','{\"createBy\":\"admin\",\"createTime\":\"2022-11-09 22:26:19\",\"noticeId\":10,\"noticeTitle\":\"cheshi  boanji\",\"noticeType\":\"1\",\"params\":{},\"status\":\"0\",\"updateBy\":\"admin\",\"updateTime\":\"2022-11-10 07:19:49\"}','{\"msg\":\"操作成功\",\"code\":200}',0,NULL,'2022-11-10 07:20:37'),(223,'通知公告',2,'com.grace.web.controller.system.SysNoticeController.edit()','PUT',1,'admin',NULL,'/system/notice','127.0.0.1','内网IP','{\"createBy\":\"admin\",\"createTime\":\"2022-11-09 22:26:19\",\"noticeContent\":\"<p><strong class=\\\"ql-size-huge\\\">ghjhgjhgjhg</strong></p>\",\"noticeId\":10,\"noticeTitle\":\"cheshi  boanji\",\"noticeType\":\"1\",\"params\":{},\"status\":\"0\",\"updateBy\":\"admin\",\"updateTime\":\"2022-11-10 07:20:37\"}','{\"msg\":\"操作成功\",\"code\":200}',0,NULL,'2022-11-10 07:24:47'),(224,'通知公告',2,'com.grace.web.controller.system.SysNoticeController.edit()','PUT',1,'admin',NULL,'/system/notice','127.0.0.1','内网IP','{\"createBy\":\"admin\",\"createTime\":\"2022-11-09 22:26:19\",\"noticeContent\":\"<p>hjkhjkjhkjh</p>\",\"noticeId\":10,\"noticeTitle\":\"cheshi  boanji\",\"noticeType\":\"1\",\"params\":{},\"status\":\"0\",\"updateBy\":\"admin\",\"updateTime\":\"2022-11-10 07:24:47\"}','{\"msg\":\"操作成功\",\"code\":200}',0,NULL,'2022-11-10 07:25:54'),(225,'通知公告',2,'com.grace.web.controller.system.SysNoticeController.edit()','PUT',1,'admin',NULL,'/system/notice','127.0.0.1','内网IP','{\"createBy\":\"admin\",\"createTime\":\"2022-11-09 22:26:19\",\"noticeContent\":\"<p>hjkhjkjhkjh</p>\",\"noticeId\":10,\"noticeTitle\":\"cheshi  boanji\",\"noticeType\":\"1\",\"params\":{},\"status\":\"0\",\"updateBy\":\"admin\",\"updateTime\":\"2022-11-10 07:25:54\"}','{\"msg\":\"操作成功\",\"code\":200}',0,NULL,'2022-11-10 07:26:11'),(226,'通知公告',2,'com.grace.web.controller.system.SysNoticeController.edit()','PUT',1,'admin',NULL,'/system/notice','127.0.0.1','内网IP','{\"createBy\":\"admin\",\"createTime\":\"2022-11-09 22:26:19\",\"noticeContent\":\"<p>hjkhjkjhkjh</p>\",\"noticeId\":10,\"noticeTitle\":\"cheshi  boanji\",\"noticeType\":\"1\",\"params\":{},\"status\":\"0\",\"updateBy\":\"admin\",\"updateTime\":\"2022-11-10 07:26:11\"}','{\"msg\":\"操作成功\",\"code\":200}',0,NULL,'2022-11-10 07:26:40'),(227,'通知公告',2,'com.grace.web.controller.system.SysNoticeController.edit()','PUT',1,'admin',NULL,'/system/notice','127.0.0.1','内网IP','{\"createBy\":\"admin\",\"createTime\":\"2022-11-09 22:26:19\",\"noticeContent\":\"<p>hjkhjkjhkjhghjhgjghj</p>\",\"noticeId\":10,\"noticeTitle\":\"cheshi  boanji\",\"noticeType\":\"1\",\"params\":{},\"status\":\"0\",\"updateBy\":\"admin\",\"updateTime\":\"2022-11-10 07:26:39\"}','{\"msg\":\"操作成功\",\"code\":200}',0,NULL,'2022-11-10 07:27:19'),(228,'通知公告',2,'com.grace.web.controller.system.SysNoticeController.edit()','PUT',1,'admin',NULL,'/system/notice','127.0.0.1','内网IP','{\"createBy\":\"admin\",\"createTime\":\"2022-11-09 22:26:19\",\"noticeContent\":\"<p>hjkhjkjhkjhghjhgjghj</p>\",\"noticeId\":10,\"noticeTitle\":\"cheshi  boanji\",\"noticeType\":\"1\",\"params\":{},\"status\":\"0\",\"updateBy\":\"admin\",\"updateTime\":\"2022-11-10 07:27:19\"}','{\"msg\":\"操作成功\",\"code\":200}',0,NULL,'2022-11-10 07:27:29'),(229,'通知公告',2,'com.grace.web.controller.system.SysNoticeController.edit()','PUT',1,'admin',NULL,'/system/notice','127.0.0.1','内网IP','{\"createBy\":\"admin\",\"createTime\":\"2022-11-09 22:26:19\",\"noticeContent\":\"<p>ghjghjhgjghjjghj</p>\",\"noticeId\":10,\"noticeTitle\":\"cheshi  boanji\",\"noticeType\":\"1\",\"params\":{},\"status\":\"0\",\"updateBy\":\"admin\",\"updateTime\":\"2022-11-10 07:27:29\"}','{\"msg\":\"操作成功\",\"code\":200}',0,NULL,'2022-11-10 07:27:47'),(230,'通知公告',2,'com.grace.web.controller.system.SysNoticeController.edit()','PUT',1,'admin',NULL,'/system/notice','127.0.0.1','内网IP','{\"createBy\":\"admin\",\"createTime\":\"2022-11-09 22:26:19\",\"noticeContent\":\"<blockquote><strong>ghjghjhgjghjjghj</strong></blockquote>\",\"noticeId\":10,\"noticeTitle\":\"cheshi  boanji\",\"noticeType\":\"1\",\"params\":{},\"status\":\"0\",\"updateBy\":\"admin\",\"updateTime\":\"2022-11-10 07:27:47\"}','{\"msg\":\"操作成功\",\"code\":200}',0,NULL,'2022-11-10 08:01:07'),(231,'通知公告',2,'com.grace.web.controller.system.SysNoticeController.edit()','PUT',1,'admin',NULL,'/system/notice','127.0.0.1','内网IP','{\"createBy\":\"admin\",\"createTime\":\"2022-11-09 22:26:19\",\"noticeContent\":\"<blockquote><strong>ghjghjhgjghjjghj</strong></blockquote>\",\"noticeId\":10,\"noticeTitle\":\"cheshi  boanji\",\"noticeType\":\"1\",\"params\":{},\"status\":\"0\",\"updateBy\":\"admin\",\"updateTime\":\"2022-11-10 08:01:07\"}','{\"msg\":\"操作成功\",\"code\":200}',0,NULL,'2022-11-10 09:25:47'),(232,'通知公告',2,'com.grace.web.controller.system.SysNoticeController.edit()','PUT',1,'admin',NULL,'/system/notice','127.0.0.1','内网IP','{\"createBy\":\"admin\",\"createTime\":\"2022-11-09 22:26:19\",\"noticeContent\":\"<blockquote><strong><img src=\\\"data:image/jpeg;base64,/9j/4AAQSkZJRgABAQAAAQABAAD/4gxYSUNDX1BST0ZJTEUAAQEAAAxITGlubwIQAABtbnRyUkdCIFhZWiAHzgACAAkABgAxAABhY3NwTVNGVAAAAABJRUMgc1JHQgAAAAAAAAAAAAAAAAAA9tYAAQAAAADTLUhQICAAAAAAAAAAAAAAAAAAAAAAAAAAAAAAAAAAAAAAAAAAAAAAAAAAAAAAAAAAAAAAABFjcHJ0AAABUAAAADNkZXNjAAABhAAAAGx3dHB0AAAB8AAAABRia3B0AAACBAAAABRyWFlaAAACGAAAABRnWFlaAAACLAAAABRiWFlaAAACQAAAABRkbW5kAAACVAAAAHBkbWRkAAACxAAAAIh2dWVkAAADTAAAAIZ2aWV3AAAD1AAAACRsdW1pAAAD+AAAABRtZWFzAAAEDAAAACR0ZWNoAAAEMAAAAAxyVFJDAAAEPAAACAxnVFJDAAAEPAAACAxiVFJDAAAEPAAACAx0ZXh0AAAAAENvcHlyaWdodCAoYykgMTk5OCBIZXdsZXR0LVBhY2thcmQgQ29tcGFueQAAZGVzYwAAAAAAAAASc1JHQiBJRUM2MTk2Ni0yLjEAAAAAAAAAAAAAABJzUkdCIElFQzYxOTY2LTIuMQAAAAAAAAAAAAAAAAAAAAAAAAAAAAAAAAAAAAAAAAAAAAAAAAAAAAAAAAAAAAAAAAAAWFlaIAAAAAAAAPNRAAEAAAABFsxYWVogAAAAAAAAAAAAAAAAAAAAAFhZWiAAAAAAAABvogAAOPUAAAOQWFlaIAAAAAAAAGKZAAC3hQAAGNpYWVogAAAAAAAAJKAAAA+EAAC2z2Rlc2MAAAAAAAAAFklFQyBodHRwOi8vd3d3LmllYy5jaAAAAAAAAAAAAAAAFklFQyBodHRwOi8vd3d3LmllYy5jaAAAAAAAAAAAAAAAAAAAAAAAAAAAAAAAAAAAAAAAAAAAAAAAAAAAAAAAAAAAAABkZXNjAAAAAAAAAC5JRUMgNjE5NjYtMi4xIERlZmF1bHQgUkdCIGNvbG91ciBzcGFjZSAtIHNSR0IAAAAAAAAAAAAAAC5JRUMgNjE5NjYtMi4xIERlZmF1bHQgUkdCIGNvbG91ciBzcGFjZSAtIHNSR0IAAAAAAAAAAAAAAAAAAAAAAAAAAAAAZGVzYwAAAAAAAAAsUmVmZXJlbmNlIFZpZXdpbmcgQ29uZGl0aW9uIGluIElFQzYxOTY2LTIuMQAAAAAAAAAAAAAALFJlZmVyZW5jZSBWaWV3aW5nIENvbmRpdGlvbiBpbiBJRUM2MTk2Ni0yLjEAAAAAAAAAAAAAAAAAAAAAAAAAAAAAAAAAAHZpZXcAAAAAABOk/gAUXy4AEM8UAAPtzAAEEwsAA1yeAAAAAVhZWiAAAAAAAEwJVgBQAAAAVx/nbWVhcwAAAAAAAAABAAAAAAAAAAAAAAAAAAAAAAAAAo8AAAACc2lnIAAAAABDUlQgY3VydgAAAAAAAAQAAAAABQAKAA8AFAAZAB4AIwAoAC0AMgA3ADsAQABFAEoATwBUAFkAXgBjAGgAbQByAHcAfACBAIYAiwCQAJUAmgCfAKQAqQCuALIAtwC8AMEAxgDLANAA1QDbAOAA5QDrAPAA9gD7AQEBBwENARMBGQEfASUBKwEyATgBPgFFAUwBUgFZAWABZwFuAXUBfAGDAYsBkgGaAaEBqQGxAbkBwQHJAdEB2QHhAekB8gH6AgMCDAIUAh0CJgIvAjgCQQJLAlQCXQJnAnECegKEAo4CmAKiAqwCtgLBAssC1QLgAusC9QMAAwsDFgMhAy0DOANDA08DWgNmA3IDfgOKA5YDogOuA7oDxwPTA+AD7AP5BA','{\"msg\":\"操作成功\",\"code\":200}',0,NULL,'2022-11-10 09:25:47'),(233,'通知公告',2,'com.grace.web.controller.system.SysNoticeController.edit()','PUT',1,'admin',NULL,'/system/notice','127.0.0.1','内网IP','{\"createBy\":\"admin\",\"createTime\":\"2022-11-09 22:26:19\",\"noticeContent\":\"<blockquote><strong><img src=\\\"data:image/jpeg;base64,/9j/4AAQSkZJRgABAQAAAQABAAD/4gxYSUNDX1BST0ZJTEUAAQEAAAxITGlubwIQAABtbnRyUkdCIFhZWiAHzgACAAkABgAxAABhY3NwTVNGVAAAAABJRUMgc1JHQgAAAAAAAAAAAAAAAAAA9tYAAQAAAADTLUhQICAAAAAAAAAAAAAAAAAAAAAAAAAAAAAAAAAAAAAAAAAAAAAAAAAAAAAAAAAAAAAAABFjcHJ0AAABUAAAADNkZXNjAAABhAAAAGx3dHB0AAAB8AAAABRia3B0AAACBAAAABRyWFlaAAACGAAAABRnWFlaAAACLAAAABRiWFlaAAACQAAAABRkbW5kAAACVAAAAHBkbWRkAAACxAAAAIh2dWVkAAADTAAAAIZ2aWV3AAAD1AAAACRsdW1pAAAD+AAAABRtZWFzAAAEDAAAACR0ZWNoAAAEMAAAAAxyVFJDAAAEPAAACAxnVFJDAAAEPAAACAxiVFJDAAAEPAAACAx0ZXh0AAAAAENvcHlyaWdodCAoYykgMTk5OCBIZXdsZXR0LVBhY2thcmQgQ29tcGFueQAAZGVzYwAAAAAAAAASc1JHQiBJRUM2MTk2Ni0yLjEAAAAAAAAAAAAAABJzUkdCIElFQzYxOTY2LTIuMQAAAAAAAAAAAAAAAAAAAAAAAAAAAAAAAAAAAAAAAAAAAAAAAAAAAAAAAAAAAAAAAAAAWFlaIAAAAAAAAPNRAAEAAAABFsxYWVogAAAAAAAAAAAAAAAAAAAAAFhZWiAAAAAAAABvogAAOPUAAAOQWFlaIAAAAAAAAGKZAAC3hQAAGNpYWVogAAAAAAAAJKAAAA+EAAC2z2Rlc2MAAAAAAAAAFklFQyBodHRwOi8vd3d3LmllYy5jaAAAAAAAAAAAAAAAFklFQyBodHRwOi8vd3d3LmllYy5jaAAAAAAAAAAAAAAAAAAAAAAAAAAAAAAAAAAAAAAAAAAAAAAAAAAAAAAAAAAAAABkZXNjAAAAAAAAAC5JRUMgNjE5NjYtMi4xIERlZmF1bHQgUkdCIGNvbG91ciBzcGFjZSAtIHNSR0IAAAAAAAAAAAAAAC5JRUMgNjE5NjYtMi4xIERlZmF1bHQgUkdCIGNvbG91ciBzcGFjZSAtIHNSR0IAAAAAAAAAAAAAAAAAAAAAAAAAAAAAZGVzYwAAAAAAAAAsUmVmZXJlbmNlIFZpZXdpbmcgQ29uZGl0aW9uIGluIElFQzYxOTY2LTIuMQAAAAAAAAAAAAAALFJlZmVyZW5jZSBWaWV3aW5nIENvbmRpdGlvbiBpbiBJRUM2MTk2Ni0yLjEAAAAAAAAAAAAAAAAAAAAAAAAAAAAAAAAAAHZpZXcAAAAAABOk/gAUXy4AEM8UAAPtzAAEEwsAA1yeAAAAAVhZWiAAAAAAAEwJVgBQAAAAVx/nbWVhcwAAAAAAAAABAAAAAAAAAAAAAAAAAAAAAAAAAo8AAAACc2lnIAAAAABDUlQgY3VydgAAAAAAAAQAAAAABQAKAA8AFAAZAB4AIwAoAC0AMgA3ADsAQABFAEoATwBUAFkAXgBjAGgAbQByAHcAfACBAIYAiwCQAJUAmgCfAKQAqQCuALIAtwC8AMEAxgDLANAA1QDbAOAA5QDrAPAA9gD7AQEBBwENARMBGQEfASUBKwEyATgBPgFFAUwBUgFZAWABZwFuAXUBfAGDAYsBkgGaAaEBqQGxAbkBwQHJAdEB2QHhAekB8gH6AgMCDAIUAh0CJgIvAjgCQQJLAlQCXQJnAnECegKEAo4CmAKiAqwCtgLBAssC1QLgAusC9QMAAwsDFgMhAy0DOANDA08DWgNmA3IDfgOKA5YDogOuA7oDxwPTA+AD7AP5BA','{\"msg\":\"操作成功\",\"code\":200}',0,NULL,'2022-11-10 09:25:47'),(234,'通知公告',2,'com.grace.web.controller.system.SysNoticeController.edit()','PUT',1,'admin',NULL,'/system/notice','127.0.0.1','内网IP','{\"createBy\":\"admin\",\"createTime\":\"2022-11-09 22:26:19\",\"noticeContent\":\"<blockquote><strong><img src=\\\"data:image/jpeg;base64,/9j/4AAQSkZJRgABAQAAAQABAAD/4gxYSUNDX1BST0ZJTEUAAQEAAAxITGlubwIQAABtbnRyUkdCIFhZWiAHzgACAAkABgAxAABhY3NwTVNGVAAAAABJRUMgc1JHQgAAAAAAAAAAAAAAAAAA9tYAAQAAAADTLUhQICAAAAAAAAAAAAAAAAAAAAAAAAAAAAAAAAAAAAAAAAAAAAAAAAAAAAAAAAAAAAAAABFjcHJ0AAABUAAAADNkZXNjAAABhAAAAGx3dHB0AAAB8AAAABRia3B0AAACBAAAABRyWFlaAAACGAAAABRnWFlaAAACLAAAABRiWFlaAAACQAAAABRkbW5kAAACVAAAAHBkbWRkAAACxAAAAIh2dWVkAAADTAAAAIZ2aWV3AAAD1AAAACRsdW1pAAAD+AAAABRtZWFzAAAEDAAAACR0ZWNoAAAEMAAAAAxyVFJDAAAEPAAACAxnVFJDAAAEPAAACAxiVFJDAAAEPAAACAx0ZXh0AAAAAENvcHlyaWdodCAoYykgMTk5OCBIZXdsZXR0LVBhY2thcmQgQ29tcGFueQAAZGVzYwAAAAAAAAASc1JHQiBJRUM2MTk2Ni0yLjEAAAAAAAAAAAAAABJzUkdCIElFQzYxOTY2LTIuMQAAAAAAAAAAAAAAAAAAAAAAAAAAAAAAAAAAAAAAAAAAAAAAAAAAAAAAAAAAAAAAAAAAWFlaIAAAAAAAAPNRAAEAAAABFsxYWVogAAAAAAAAAAAAAAAAAAAAAFhZWiAAAAAAAABvogAAOPUAAAOQWFlaIAAAAAAAAGKZAAC3hQAAGNpYWVogAAAAAAAAJKAAAA+EAAC2z2Rlc2MAAAAAAAAAFklFQyBodHRwOi8vd3d3LmllYy5jaAAAAAAAAAAAAAAAFklFQyBodHRwOi8vd3d3LmllYy5jaAAAAAAAAAAAAAAAAAAAAAAAAAAAAAAAAAAAAAAAAAAAAAAAAAAAAAAAAAAAAABkZXNjAAAAAAAAAC5JRUMgNjE5NjYtMi4xIERlZmF1bHQgUkdCIGNvbG91ciBzcGFjZSAtIHNSR0IAAAAAAAAAAAAAAC5JRUMgNjE5NjYtMi4xIERlZmF1bHQgUkdCIGNvbG91ciBzcGFjZSAtIHNSR0IAAAAAAAAAAAAAAAAAAAAAAAAAAAAAZGVzYwAAAAAAAAAsUmVmZXJlbmNlIFZpZXdpbmcgQ29uZGl0aW9uIGluIElFQzYxOTY2LTIuMQAAAAAAAAAAAAAALFJlZmVyZW5jZSBWaWV3aW5nIENvbmRpdGlvbiBpbiBJRUM2MTk2Ni0yLjEAAAAAAAAAAAAAAAAAAAAAAAAAAAAAAAAAAHZpZXcAAAAAABOk/gAUXy4AEM8UAAPtzAAEEwsAA1yeAAAAAVhZWiAAAAAAAEwJVgBQAAAAVx/nbWVhcwAAAAAAAAABAAAAAAAAAAAAAAAAAAAAAAAAAo8AAAACc2lnIAAAAABDUlQgY3VydgAAAAAAAAQAAAAABQAKAA8AFAAZAB4AIwAoAC0AMgA3ADsAQABFAEoATwBUAFkAXgBjAGgAbQByAHcAfACBAIYAiwCQAJUAmgCfAKQAqQCuALIAtwC8AMEAxgDLANAA1QDbAOAA5QDrAPAA9gD7AQEBBwENARMBGQEfASUBKwEyATgBPgFFAUwBUgFZAWABZwFuAXUBfAGDAYsBkgGaAaEBqQGxAbkBwQHJAdEB2QHhAekB8gH6AgMCDAIUAh0CJgIvAjgCQQJLAlQCXQJnAnECegKEAo4CmAKiAqwCtgLBAssC1QLgAusC9QMAAwsDFgMhAy0DOANDA08DWgNmA3IDfgOKA5YDogOuA7oDxwPTA+AD7AP5BA','{\"msg\":\"操作成功\",\"code\":200}',0,NULL,'2022-11-10 09:25:47'),(235,'通知公告',2,'com.grace.web.controller.system.SysNoticeController.edit()','PUT',1,'admin',NULL,'/system/notice','127.0.0.1','内网IP','{\"createBy\":\"admin\",\"createTime\":\"2022-11-09 22:26:19\",\"noticeContent\":\"<blockquote><strong>ghjghjhgjghjjghj</strong></blockquote>\",\"noticeId\":10,\"noticeTitle\":\"cheshi  boanji\",\"noticeType\":\"1\",\"params\":{},\"status\":\"0\",\"updateBy\":\"admin\",\"updateTime\":\"2022-11-10 09:25:47\"}','{\"msg\":\"操作成功\",\"code\":200}',0,NULL,'2022-11-10 09:26:06'),(236,'邮件管理',2,'com.grace.web.controller.server.MailServerController.updateConfig()','POST',1,'admin',NULL,'/server/mail/updateConfig','127.0.0.1','内网IP','{\"oly.mail.enabled\":\"true\",\"oly.mail.username\":\"m17678999448@163.com\",\"oly.mail.protocol\":\"645\",\"oly.mail.starttls\":\"false\",\"oly.mail.password\":\"m634866553\",\"oly.mail.from.name\":\"hush\",\"oly.mail.host\":\"smtp.163.com\"}','{\"msg\":\"操作成功\",\"code\":200}',0,NULL,'2022-11-10 20:55:10'),(237,'邮件',1,'com.grace.web.controller.server.MailServerController.add()','POST',1,'admin',NULL,'/server/mail','127.0.0.1','内网IP','{\"content\":\"<p>规划局很感激很感激韩国</p>\",\"createBy\":\"admin\",\"mailId\":42,\"params\":{},\"subject\":\"规划局很感激很感激\",\"toMail\":\"634866554@qq.com\"}','{\"msg\":\"操作成功\",\"code\":200}',0,NULL,'2022-11-10 20:55:24'),(238,'邮件管理',1,'com.grace.web.controller.server.MailServerController.send()','POST',1,'admin',NULL,'/server/mail/send','127.0.0.1','内网IP','{\"content\":\"<p>测试邮件少时诵诗书测试邮件少时诵诗书测试邮件少时诵诗书测试邮件少时诵诗书测试邮件少时诵诗书</p>\",\"mailUsed\":0,\"params\":{},\"subject\":\"测试邮件少时诵诗书\",\"toMail\":\"634866553@qq.com\"} {\"toMail\":\"634866553@qq.com\",\"subject\":\"测试邮件少时诵诗书\",\"content\":\"<p>测试邮件少时诵诗书测试邮件少时诵诗书测试邮件少时诵诗书测试邮件少时诵诗书测试邮件少时诵诗书</p>\"}',NULL,1,'','2022-11-11 08:27:24'),(239,'邮件管理',1,'com.grace.web.controller.server.MailServerController.send()','POST',1,'admin',NULL,'/server/mail/send','127.0.0.1','内网IP','{\"content\":\"<p>测试邮件77777777</p>\",\"mailType\":1,\"mailUsed\":0,\"params\":{},\"subject\":\"测试邮件77777777\",\"toMail\":\"634866553@qq.com\"} {\"toMail\":\"634866553@qq.com\",\"subject\":\"测试邮件77777777\",\"content\":\"<p>测试邮件77777777</p>\"}','{\"msg\":\"操作成功\",\"code\":200}',0,NULL,'2022-11-11 10:09:26'),(240,'邮件管理',2,'com.grace.web.controller.server.MailServerController.updateConfig()','POST',1,'admin',NULL,'/server/mail/updateConfig','127.0.0.1','内网IP','{\"oly.mail.enabled\":\"true\",\"oly.mail.username\":\"m17678999448@163.com\",\"oly.mail.protocol\":\"smtp\",\"oly.mail.starttls\":\"false\",\"oly.mail.password\":\"m634866553\",\"oly.mail.from.name\":\"hush\",\"oly.mail.host\":\"smtp.163.com\",\"oly.mail.ssl.port\":\"645\"}','{\"msg\":\"操作成功\",\"code\":200}',0,NULL,'2022-11-11 10:12:55'),(241,'邮件管理',1,'com.grace.web.controller.server.MailServerController.send()','POST',1,'admin',NULL,'/server/mail/send','127.0.0.1','内网IP','{\"content\":\"<p>测试油价98k测试油价98k测试油价98k测试油价98k</p>\",\"mailType\":1,\"mailUsed\":0,\"params\":{},\"subject\":\"测试油价98k\",\"toMail\":\"634866553@qq.com\"} {\"toMail\":\"634866553@qq.com\",\"subject\":\"测试油价98k\",\"content\":\"<p>测试油价98k测试油价98k测试油价98k测试油价98k</p>\"}','{\"msg\":\"操作成功\",\"code\":200}',0,NULL,'2022-11-11 10:13:22'),(242,'邮件管理',2,'com.grace.web.controller.server.MailServerController.updateConfig()','POST',1,'admin',NULL,'/server/mail/updateConfig','127.0.0.1','内网IP','{\"oly.mail.enabled\":\"true\",\"oly.mail.ssl.port\":\"465\",\"oly.mail.username\":\"m17678999448@163.com\",\"oly.mail.protocol\":\"smtp\",\"oly.mail.starttls\":\"false\",\"oly.mail.password\":\"m634866553\",\"oly.mail.from.name\":\"hush\",\"oly.mail.host\":\"smtp.163.com\"}','{\"msg\":\"操作成功\",\"code\":200}',0,NULL,'2022-11-11 10:14:25'),(243,'邮件管理',1,'com.grace.web.controller.server.MailServerController.send()','POST',1,'admin',NULL,'/server/mail/send','127.0.0.1','内网IP','{\"content\":\"<p>测试邮件测试邮件测试邮件测试邮件测试邮件测试邮件测试邮件测试邮件</p>\",\"mailType\":1,\"mailUsed\":0,\"params\":{},\"subject\":\"测试邮件\",\"toMail\":\"634866553@qq.com\"} {\"toMail\":\"634866553@qq.com\",\"subject\":\"测试邮件\",\"content\":\"<p>测试邮件测试邮件测试邮件测试邮件测试邮件测试邮件测试邮件测试邮件</p>\"}','{\"msg\":\"操作成功\",\"code\":200}',0,NULL,'2022-11-11 10:14:52'),(244,'邮件管理',2,'com.grace.web.controller.server.MailServerController.updateConfig()','POST',1,'admin',NULL,'/server/mail/updateConfig','127.0.0.1','内网IP','{\"oly.mail.enabled\":\"true\",\"oly.mail.ssl.port\":\"465\",\"oly.mail.username\":\"m17678999448@163.com\",\"oly.mail.protocol\":\"smtp\",\"oly.mail.starttls\":\"false\",\"oly.mail.password\":\"m634866553\",\"oly.mail.from.name\":\"hush\",\"oly.mail.host\":\"smtp.163.com\"}','{\"msg\":\"操作成功\",\"code\":200}',0,NULL,'2022-11-11 10:15:15'),(245,'邮件管理',1,'com.grace.web.controller.server.MailServerController.send()','POST',1,'admin',NULL,'/server/mail/send','127.0.0.1','内网IP','{\"content\":\"<p>你好啊  这是测试邮件</p>\",\"mailType\":1,\"mailUsed\":0,\"params\":{},\"subject\":\"你好啊  这是测试邮件\",\"toMail\":\"634866553@qq.com\"} {\"toMail\":\"634866553@qq.com\",\"subject\":\"你好啊  这是测试邮件\",\"content\":\"<p>你好啊  这是测试邮件</p>\"}','{\"msg\":\"操作成功\",\"code\":200}',0,NULL,'2022-11-11 10:17:07'),(246,'邮件管理',1,'com.grace.web.controller.server.MailServerController.send()','POST',1,'admin',NULL,'/server/mail/send','127.0.0.1','内网IP','{\"content\":\"<p>测试邮件爱爱爱爱测试邮件爱爱爱爱测试邮件爱爱爱爱测试邮件<span style=\\\"background-color: rgb(0, 41, 102);\\\">爱爱爱爱测试邮件爱爱爱爱</span></p>\",\"mailType\":1,\"mailUsed\":0,\"params\":{},\"subject\":\"测试邮件爱爱爱爱\",\"toMail\":\"634866553@qq.com\"} {\"toMail\":\"634866553@qq.com\",\"subject\":\"测试邮件爱爱爱爱\",\"content\":\"<p>测试邮件爱爱爱爱测试邮件爱爱爱爱测试邮件爱爱爱爱测试邮件<span style=\\\"background-color: rgb(0, 41, 102);\\\">爱爱爱爱测试邮件爱爱爱爱</span></p>\"}','{\"msg\":\"操作成功\",\"code\":200}',0,NULL,'2022-11-11 10:24:48'),(247,'邮件',3,'com.grace.web.controller.server.MailServerController.remove()','DELETE',1,'admin',NULL,'/server/mail/42','127.0.0.1','内网IP','{mailIds=42}','{\"msg\":\"操作成功\",\"code\":200}',0,NULL,'2022-11-11 10:32:47'),(248,'邮件',3,'com.grace.web.controller.server.MailServerController.remove()','DELETE',1,'admin',NULL,'/server/mail/43','127.0.0.1','内网IP','{mailIds=43}','{\"msg\":\"操作成功\",\"code\":200}',0,NULL,'2022-11-11 10:32:50'),(249,'邮件',3,'com.grace.web.controller.server.MailServerController.remove()','DELETE',1,'admin',NULL,'/server/mail/44,45,46','127.0.0.1','内网IP','{mailIds=44,45,46}','{\"msg\":\"操作成功\",\"code\":200}',0,NULL,'2022-11-11 10:32:58'),(250,'邮件管理',1,'com.grace.web.controller.server.MailServerController.send()','POST',1,'admin',NULL,'/server/mail/send','127.0.0.1','内网IP','{\"content\":\"<p>这是定时邮件这是定时邮件这是定时邮件这是定时邮件这是定时邮件</p>\",\"createBy\":\"admin\",\"mailId\":48,\"mailType\":1,\"mailUsed\":0,\"params\":{},\"sendTime\":\"2022-11-11 17:00:02\",\"subject\":\"这是定时邮件\",\"toMail\":\"634866553@qq.com\"} {\"toMail\":\"634866553@qq.com\",\"subject\":\"这是定时邮件\",\"content\":\"<p>这是定时邮件这是定时邮件这是定时邮件这是定时邮件这是定时邮件</p>\",\"sendTime\":\"2022-11-11 17:00:02\"}','{\"msg\":\"任务已经添加或者已经修改！\",\"code\":200}',0,NULL,'2022-11-11 10:33:45'),(251,'邮件',3,'com.grace.web.controller.server.MailServerController.remove()','DELETE',1,'admin',NULL,'/server/mail/48','127.0.0.1','内网IP','{mailIds=48}','{\"msg\":\"操作成功\",\"code\":200}',0,NULL,'2022-11-11 10:34:38'),(252,'字典类型',2,'com.grace.web.controller.system.SysDictTypeController.edit()','PUT',1,'admin',NULL,'/system/dict/type','127.0.0.1','内网IP','{\"createBy\":\"admin\",\"createTime\":\"2022-10-15 19:14:51\",\"dictId\":100,\"dictName\":\"参数类型\",\"dictType\":\"sys_config_value_type\",\"params\":{},\"remark\":\"参数值类型\",\"status\":\"0\",\"updateBy\":\"admin\"}','{\"msg\":\"操作成功\",\"code\":200}',0,NULL,'2022-11-11 16:30:09'),(253,'字典类型',1,'com.grace.web.controller.system.SysDictTypeController.add()','POST',1,'admin',NULL,'/system/dict/type','127.0.0.1','内网IP','{\"createBy\":\"admin\",\"dictName\":\"邮件类型\",\"dictType\":\"sys_server_mail_type\",\"params\":{},\"remark\":\"邮件类型\",\"status\":\"0\"}','{\"msg\":\"操作成功\",\"code\":200}',0,NULL,'2022-11-11 16:31:32'),(254,'字典类型',1,'com.grace.web.controller.system.SysDictTypeController.add()','POST',1,'admin',NULL,'/system/dict/type','127.0.0.1','内网IP','{\"createBy\":\"admin\",\"dictName\":\"邮件状态\",\"dictType\":\"sys_server_mail_visible\",\"params\":{},\"status\":\"0\"}','{\"msg\":\"操作成功\",\"code\":200}',0,NULL,'2022-11-11 16:32:03'),(255,'字典类型',1,'com.grace.web.controller.system.SysDictTypeController.add()','POST',1,'admin',NULL,'/system/dict/type','127.0.0.1','内网IP','{\"createBy\":\"admin\",\"dictName\":\"邮件用途\",\"dictType\":\"sys_server_mail_used\",\"params\":{},\"status\":\"0\"}','{\"msg\":\"操作成功\",\"code\":200}',0,NULL,'2022-11-11 16:32:28'),(256,'字典数据',1,'com.grace.web.controller.system.SysDictDataController.add()','POST',1,'admin',NULL,'/system/dict/data','127.0.0.1','内网IP','{\"createBy\":\"admin\",\"default\":false,\"dictLabel\":\"文本\",\"dictSort\":0,\"dictType\":\"sys_server_mail_type\",\"dictValue\":\"0\",\"listClass\":\"success\",\"params\":{},\"status\":\"0\"}','{\"msg\":\"操作成功\",\"code\":200}',0,NULL,'2022-11-11 16:33:26'),(257,'字典数据',1,'com.grace.web.controller.system.SysDictDataController.add()','POST',1,'admin',NULL,'/system/dict/data','127.0.0.1','内网IP','{\"createBy\":\"admin\",\"default\":false,\"dictLabel\":\"页面\",\"dictSort\":0,\"dictType\":\"sys_server_mail_type\",\"dictValue\":\"1\",\"listClass\":\"primary\",\"params\":{},\"status\":\"0\"}','{\"msg\":\"操作成功\",\"code\":200}',0,NULL,'2022-11-11 16:34:03'),(258,'字典数据',1,'com.grace.web.controller.system.SysDictDataController.add()','POST',1,'admin',NULL,'/system/dict/data','127.0.0.1','内网IP','{\"createBy\":\"admin\",\"default\":false,\"dictLabel\":\"模板\",\"dictSort\":2,\"dictType\":\"sys_server_mail_type\",\"dictValue\":\"2\",\"listClass\":\"info\",\"params\":{},\"status\":\"0\"}','{\"msg\":\"操作成功\",\"code\":200}',0,NULL,'2022-11-11 16:34:32'),(259,'字典数据',2,'com.grace.web.controller.system.SysDictDataController.edit()','PUT',1,'admin',NULL,'/system/dict/data','127.0.0.1','内网IP','{\"createBy\":\"admin\",\"createTime\":\"2022-11-11 16:34:03\",\"default\":false,\"dictCode\":114,\"dictLabel\":\"页面\",\"dictSort\":1,\"dictType\":\"sys_server_mail_type\",\"dictValue\":\"1\",\"isDefault\":\"N\",\"listClass\":\"primary\",\"params\":{},\"status\":\"0\",\"updateBy\":\"admin\"}','{\"msg\":\"操作成功\",\"code\":200}',0,NULL,'2022-11-11 16:34:37'),(260,'字典数据',1,'com.grace.web.controller.system.SysDictDataController.add()','POST',1,'admin',NULL,'/system/dict/data','127.0.0.1','内网IP','{\"createBy\":\"admin\",\"default\":false,\"dictLabel\":\"保存\",\"dictSort\":0,\"dictType\":\"sys_server_mail_visible\",\"dictValue\":\"0\",\"listClass\":\"primary\",\"params\":{},\"status\":\"0\"}','{\"msg\":\"操作成功\",\"code\":200}',0,NULL,'2022-11-11 16:35:40'),(261,'字典数据',1,'com.grace.web.controller.system.SysDictDataController.add()','POST',1,'admin',NULL,'/system/dict/data','127.0.0.1','内网IP','{\"createBy\":\"admin\",\"default\":false,\"dictLabel\":\"已发送\",\"dictSort\":1,\"dictType\":\"sys_server_mail_visible\",\"dictValue\":\"1\",\"listClass\":\"primary\",\"params\":{},\"status\":\"0\"}','{\"msg\":\"操作成功\",\"code\":200}',0,NULL,'2022-11-11 16:36:31'),(262,'字典数据',1,'com.grace.web.controller.system.SysDictDataController.add()','POST',1,'admin',NULL,'/system/dict/data','127.0.0.1','内网IP','{\"createBy\":\"admin\",\"default\":false,\"dictLabel\":\"待发送\",\"dictSort\":0,\"dictType\":\"sys_server_mail_visible\",\"dictValue\":\"1\",\"listClass\":\"success\",\"params\":{},\"status\":\"0\"}','{\"msg\":\"操作成功\",\"code\":200}',0,NULL,'2022-11-11 16:36:45'),(263,'字典数据',1,'com.grace.web.controller.system.SysDictDataController.add()','POST',1,'admin',NULL,'/system/dict/data','127.0.0.1','内网IP','{\"createBy\":\"admin\",\"default\":false,\"dictLabel\":\"已失败\",\"dictSort\":3,\"dictType\":\"sys_server_mail_visible\",\"dictValue\":\"3\",\"listClass\":\"default\",\"params\":{},\"status\":\"0\"}','{\"msg\":\"操作成功\",\"code\":200}',0,NULL,'2022-11-11 16:37:37'),(264,'字典数据',2,'com.grace.web.controller.system.SysDictDataController.edit()','PUT',1,'admin',NULL,'/system/dict/data','127.0.0.1','内网IP','{\"createBy\":\"admin\",\"createTime\":\"2022-11-11 16:36:31\",\"default\":false,\"dictCode\":117,\"dictLabel\":\"已发送\",\"dictSort\":1,\"dictType\":\"sys_server_mail_visible\",\"dictValue\":\"2\",\"isDefault\":\"N\",\"listClass\":\"primary\",\"params\":{},\"status\":\"0\",\"updateBy\":\"admin\"}','{\"msg\":\"操作成功\",\"code\":200}',0,NULL,'2022-11-11 16:37:45'),(265,'字典数据',2,'com.grace.web.controller.system.SysDictDataController.edit()','PUT',1,'admin',NULL,'/system/dict/data','127.0.0.1','内网IP','{\"createBy\":\"admin\",\"createTime\":\"2022-11-11 16:37:37\",\"default\":false,\"dictCode\":119,\"dictLabel\":\"已失败\",\"dictSort\":3,\"dictType\":\"sys_server_mail_visible\",\"dictValue\":\"3\",\"isDefault\":\"N\",\"listClass\":\"info\",\"params\":{},\"status\":\"0\",\"updateBy\":\"admin\"}','{\"msg\":\"操作成功\",\"code\":200}',0,NULL,'2022-11-11 16:37:54'),(266,'字典数据',2,'com.grace.web.controller.system.SysDictDataController.edit()','PUT',1,'admin',NULL,'/system/dict/data','127.0.0.1','内网IP','{\"createBy\":\"admin\",\"createTime\":\"2022-11-11 16:36:45\",\"default\":false,\"dictCode\":118,\"dictLabel\":\"待发送\",\"dictSort\":1,\"dictType\":\"sys_server_mail_visible\",\"dictValue\":\"1\",\"isDefault\":\"N\",\"listClass\":\"success\",\"params\":{},\"status\":\"0\",\"updateBy\":\"admin\"}','{\"msg\":\"操作成功\",\"code\":200}',0,NULL,'2022-11-11 16:38:05'),(267,'字典数据',2,'com.grace.web.controller.system.SysDictDataController.edit()','PUT',1,'admin',NULL,'/system/dict/data','127.0.0.1','内网IP','{\"createBy\":\"admin\",\"createTime\":\"2022-11-11 16:36:45\",\"default\":false,\"dictCode\":118,\"dictLabel\":\"待发送\",\"dictSort\":2,\"dictType\":\"sys_server_mail_visible\",\"dictValue\":\"1\",\"isDefault\":\"N\",\"listClass\":\"success\",\"params\":{},\"status\":\"0\",\"updateBy\":\"admin\"}','{\"msg\":\"操作成功\",\"code\":200}',0,NULL,'2022-11-11 16:38:11'),(268,'字典数据',1,'com.grace.web.controller.system.SysDictDataController.add()','POST',1,'admin',NULL,'/system/dict/data','127.0.0.1','内网IP','{\"createBy\":\"admin\",\"default\":false,\"dictLabel\":\"往来\",\"dictSort\":1,\"dictType\":\"sys_server_mail_used\",\"dictValue\":\"0\",\"listClass\":\"info\",\"params\":{},\"remark\":\"\",\"status\":\"0\"}','{\"msg\":\"操作成功\",\"code\":200}',0,NULL,'2022-11-11 16:40:56'),(269,'字典数据',1,'com.grace.web.controller.system.SysDictDataController.add()','POST',1,'admin',NULL,'/system/dict/data','127.0.0.1','内网IP','{\"createBy\":\"admin\",\"default\":false,\"dictLabel\":\"验证码\",\"dictSort\":0,\"dictType\":\"sys_server_mail_used\",\"dictValue\":\"1\",\"listClass\":\"success\",\"params\":{},\"status\":\"0\"}','{\"msg\":\"操作成功\",\"code\":200}',0,NULL,'2022-11-11 16:41:33'),(270,'字典数据',1,'com.grace.web.controller.system.SysDictDataController.add()','POST',1,'admin',NULL,'/system/dict/data','127.0.0.1','内网IP','{\"createBy\":\"admin\",\"default\":false,\"dictLabel\":\"备份\",\"dictSort\":0,\"dictType\":\"sys_server_mail_used\",\"dictValue\":\"2\",\"listClass\":\"info\",\"params\":{},\"status\":\"0\"}','{\"msg\":\"操作成功\",\"code\":200}',0,NULL,'2022-11-11 16:41:53'),(271,'字典数据',2,'com.grace.web.controller.system.SysDictDataController.edit()','PUT',1,'admin',NULL,'/system/dict/data','127.0.0.1','内网IP','{\"createBy\":\"admin\",\"createTime\":\"2022-11-11 16:41:53\",\"default\":false,\"dictCode\":122,\"dictLabel\":\"备份\",\"dictSort\":2,\"dictType\":\"sys_server_mail_used\",\"dictValue\":\"2\",\"isDefault\":\"N\",\"listClass\":\"info\",\"params\":{},\"status\":\"0\",\"updateBy\":\"admin\"}','{\"msg\":\"操作成功\",\"code\":200}',0,NULL,'2022-11-11 16:42:08'),(272,'字典数据',2,'com.grace.web.controller.system.SysDictDataController.edit()','PUT',1,'admin',NULL,'/system/dict/data','127.0.0.1','内网IP','{\"createBy\":\"admin\",\"createTime\":\"2022-11-11 16:41:32\",\"default\":false,\"dictCode\":121,\"dictLabel\":\"验证码\",\"dictSort\":1,\"dictType\":\"sys_server_mail_used\",\"dictValue\":\"1\",\"isDefault\":\"N\",\"listClass\":\"success\",\"params\":{},\"status\":\"0\",\"updateBy\":\"admin\"}','{\"msg\":\"操作成功\",\"code\":200}',0,NULL,'2022-11-11 16:42:16'),(273,'字典数据',2,'com.grace.web.controller.system.SysDictDataController.edit()','PUT',1,'admin',NULL,'/system/dict/data','127.0.0.1','内网IP','{\"createBy\":\"admin\",\"createTime\":\"2022-11-11 16:40:56\",\"default\":false,\"dictCode\":120,\"dictLabel\":\"往来\",\"dictSort\":0,\"dictType\":\"sys_server_mail_used\",\"dictValue\":\"0\",\"isDefault\":\"N\",\"listClass\":\"info\",\"params\":{},\"status\":\"0\",\"updateBy\":\"admin\"}','{\"msg\":\"操作成功\",\"code\":200}',0,NULL,'2022-11-11 16:42:23'),(274,'字典数据',1,'com.grace.web.controller.system.SysDictDataController.add()','POST',1,'admin',NULL,'/system/dict/data','127.0.0.1','内网IP','{\"createBy\":\"admin\",\"default\":false,\"dictLabel\":\"评论\",\"dictSort\":3,\"dictType\":\"sys_server_mail_used\",\"dictValue\":\"3\",\"listClass\":\"success\",\"params\":{},\"status\":\"0\"}','{\"msg\":\"操作成功\",\"code\":200}',0,NULL,'2022-11-11 16:43:00'),(275,'字典数据',2,'com.grace.web.controller.system.SysDictDataController.edit()','PUT',1,'admin',NULL,'/system/dict/data','127.0.0.1','内网IP','{\"createBy\":\"admin\",\"createTime\":\"2022-11-11 16:40:56\",\"default\":false,\"dictCode\":120,\"dictLabel\":\"往来\",\"dictSort\":0,\"dictType\":\"sys_server_mail_used\",\"dictValue\":\"0\",\"isDefault\":\"N\",\"listClass\":\"warning\",\"params\":{},\"status\":\"0\",\"updateBy\":\"admin\"}','{\"msg\":\"操作成功\",\"code\":200}',0,NULL,'2022-11-11 16:43:10'),(276,'字典数据',2,'com.grace.web.controller.system.SysDictDataController.edit()','PUT',1,'admin',NULL,'/system/dict/data','127.0.0.1','内网IP','{\"createBy\":\"admin\",\"createTime\":\"2022-11-11 16:36:45\",\"default\":false,\"dictCode\":118,\"dictLabel\":\"待发送\",\"dictSort\":2,\"dictType\":\"sys_server_mail_visible\",\"dictValue\":\"2\",\"isDefault\":\"N\",\"listClass\":\"success\",\"params\":{},\"status\":\"0\",\"updateBy\":\"admin\"}','{\"msg\":\"操作成功\",\"code\":200}',0,NULL,'2022-11-11 16:54:49'),(277,'字典数据',2,'com.grace.web.controller.system.SysDictDataController.edit()','PUT',1,'admin',NULL,'/system/dict/data','127.0.0.1','内网IP','{\"createBy\":\"admin\",\"createTime\":\"2022-11-11 16:36:31\",\"default\":false,\"dictCode\":117,\"dictLabel\":\"已发送\",\"dictSort\":1,\"dictType\":\"sys_server_mail_visible\",\"dictValue\":\"1\",\"isDefault\":\"N\",\"listClass\":\"primary\",\"params\":{},\"status\":\"0\",\"updateBy\":\"admin\"}','{\"msg\":\"操作成功\",\"code\":200}',0,NULL,'2022-11-11 16:54:55'),(278,'代码生成',6,'com.grace.generator.controller.GenController.importTableSave()','POST',1,'admin',NULL,'/tool/gen/importTable','127.0.0.1','内网IP','\"cms_theme,cms_tag,cms_link,cms_contact,cms_column,cms_cat,cms_article,cms_article_tag,cms_article_count\"','{\"msg\":\"操作成功\",\"code\":200}',0,NULL,'2022-11-11 20:55:38'),(279,'代码生成',3,'com.grace.generator.controller.GenController.remove()','DELETE',1,'admin',NULL,'/tool/gen/1,2','127.0.0.1','内网IP','{tableIds=1,2}','{\"msg\":\"操作成功\",\"code\":200}',0,NULL,'2022-11-11 20:55:51'),(280,'代码生成',3,'com.grace.generator.controller.GenController.remove()','DELETE',1,'admin',NULL,'/tool/gen/7','127.0.0.1','内网IP','{tableIds=7}','{\"msg\":\"操作成功\",\"code\":200}',0,NULL,'2022-11-11 20:59:24'),(281,'代码生成',8,'com.grace.generator.controller.GenController.batchGenCode()','GET',1,'admin',NULL,'/tool/gen/batchGenCode','127.0.0.1','内网IP','{}',NULL,0,NULL,'2022-11-13 09:19:20'),(282,'菜单管理',1,'com.grace.web.controller.system.SysMenuController.add()','POST',1,'admin',NULL,'/system/menu','127.0.0.1','内网IP','{\"children\":[],\"createBy\":\"admin\",\"isCache\":\"0\",\"isFrame\":\"1\",\"menuName\":\"储存查询\",\"menuType\":\"F\",\"orderNum\":1,\"params\":{},\"parentId\":2001,\"perms\":\"server:mail:query\",\"status\":\"0\",\"visible\":\"0\"}','{\"msg\":\"操作成功\",\"code\":200}',0,NULL,'2022-11-13 18:45:16'),(283,'菜单管理',1,'com.grace.web.controller.system.SysMenuController.add()','POST',1,'admin',NULL,'/system/menu','127.0.0.1','内网IP','{\"children\":[],\"createBy\":\"admin\",\"isCache\":\"0\",\"isFrame\":\"1\",\"menuName\":\"单个上传\",\"menuType\":\"F\",\"orderNum\":2,\"params\":{},\"parentId\":2001,\"perms\":\"server:oss:upload\",\"status\":\"0\",\"visible\":\"0\"}','{\"msg\":\"操作成功\",\"code\":200}',0,NULL,'2022-11-13 18:47:13'),(284,'菜单管理',1,'com.grace.web.controller.system.SysMenuController.add()','POST',1,'admin',NULL,'/system/menu','127.0.0.1','内网IP','{\"children\":[],\"createBy\":\"admin\",\"isCache\":\"0\",\"isFrame\":\"1\",\"menuName\":\"批量上传\",\"menuType\":\"F\",\"orderNum\":3,\"params\":{},\"parentId\":2001,\"perms\":\"server:oss:uploads\",\"status\":\"0\",\"visible\":\"0\"}','{\"msg\":\"操作成功\",\"code\":200}',0,NULL,'2022-11-13 18:47:56'),(285,'菜单管理',2,'com.grace.web.controller.system.SysMenuController.edit()','PUT',1,'admin',NULL,'/system/menu','127.0.0.1','内网IP','{\"children\":[],\"createTime\":\"2022-11-13 18:47:56\",\"icon\":\"#\",\"isCache\":\"0\",\"isFrame\":\"1\",\"menuId\":2005,\"menuName\":\"文件删除\",\"menuType\":\"F\",\"orderNum\":3,\"params\":{},\"parentId\":2001,\"path\":\"\",\"perms\":\"server:oss:remove\",\"status\":\"0\",\"updateBy\":\"admin\",\"visible\":\"0\"}','{\"msg\":\"操作成功\",\"code\":200}',0,NULL,'2022-11-13 18:50:19'),(286,'菜单管理',1,'com.grace.web.controller.system.SysMenuController.add()','POST',1,'admin',NULL,'/system/menu','127.0.0.1','内网IP','{\"children\":[],\"createBy\":\"admin\",\"isCache\":\"0\",\"isFrame\":\"1\",\"menuName\":\"储存配置\",\"menuType\":\"F\",\"orderNum\":4,\"params\":{},\"parentId\":2001,\"perms\":\"server:oss:config\",\"status\":\"0\",\"visible\":\"0\"}','{\"msg\":\"操作成功\",\"code\":200}',0,NULL,'2022-11-13 18:51:08'),(287,'菜单管理',1,'com.grace.web.controller.system.SysMenuController.add()','POST',1,'admin',NULL,'/system/menu','127.0.0.1','内网IP','{\"children\":[],\"createBy\":\"admin\",\"isCache\":\"0\",\"isFrame\":\"1\",\"menuName\":\"邮件查询\",\"menuType\":\"F\",\"orderNum\":1,\"params\":{},\"parentId\":2002,\"perms\":\"server:mail:query\",\"status\":\"0\",\"visible\":\"0\"}','{\"msg\":\"操作成功\",\"code\":200}',0,NULL,'2022-11-13 18:56:39'),(288,'菜单管理',1,'com.grace.web.controller.system.SysMenuController.add()','POST',1,'admin',NULL,'/system/menu','127.0.0.1','内网IP','{\"children\":[],\"createBy\":\"admin\",\"isCache\":\"0\",\"isFrame\":\"1\",\"menuName\":\"添加邮件\",\"menuType\":\"F\",\"orderNum\":2,\"params\":{},\"parentId\":2002,\"perms\":\"server:mail:add\",\"status\":\"0\",\"visible\":\"0\"}','{\"msg\":\"操作成功\",\"code\":200}',0,NULL,'2022-11-13 18:57:55'),(289,'菜单管理',1,'com.grace.web.controller.system.SysMenuController.add()','POST',1,'admin',NULL,'/system/menu','127.0.0.1','内网IP','{\"children\":[],\"createBy\":\"admin\",\"isCache\":\"0\",\"isFrame\":\"1\",\"menuName\":\"修改邮件\",\"menuType\":\"F\",\"orderNum\":4,\"params\":{},\"parentId\":2002,\"perms\":\"server:mail:edit\",\"status\":\"0\",\"visible\":\"0\"}','{\"msg\":\"操作成功\",\"code\":200}',0,NULL,'2022-11-13 18:59:30'),(290,'菜单管理',2,'com.grace.web.controller.system.SysMenuController.edit()','PUT',1,'admin',NULL,'/system/menu','127.0.0.1','内网IP','{\"children\":[],\"createTime\":\"2022-11-13 18:59:30\",\"icon\":\"#\",\"isCache\":\"0\",\"isFrame\":\"1\",\"menuId\":2009,\"menuName\":\"修改邮件\",\"menuType\":\"F\",\"orderNum\":5,\"params\":{},\"parentId\":2002,\"path\":\"\",\"perms\":\"server:mail:edit\",\"status\":\"0\",\"updateBy\":\"admin\",\"visible\":\"0\"}','{\"msg\":\"操作成功\",\"code\":200}',0,NULL,'2022-11-13 18:59:36'),(291,'菜单管理',1,'com.grace.web.controller.system.SysMenuController.add()','POST',1,'admin',NULL,'/system/menu','127.0.0.1','内网IP','{\"children\":[],\"createBy\":\"admin\",\"isCache\":\"0\",\"isFrame\":\"1\",\"menuName\":\"删除邮件\",\"menuType\":\"F\",\"orderNum\":4,\"params\":{},\"parentId\":2002,\"perms\":\"server:mail:remove\",\"status\":\"0\",\"visible\":\"0\"}','{\"msg\":\"操作成功\",\"code\":200}',0,NULL,'2022-11-13 19:00:13'),(292,'菜单管理',1,'com.grace.web.controller.system.SysMenuController.add()','POST',1,'admin',NULL,'/system/menu','127.0.0.1','内网IP','{\"children\":[],\"createBy\":\"admin\",\"isCache\":\"0\",\"isFrame\":\"1\",\"menuName\":\"邮件配置\",\"menuType\":\"F\",\"orderNum\":5,\"params\":{},\"parentId\":2002,\"perms\":\"server:mail:config\",\"status\":\"0\",\"visible\":\"0\"}','{\"msg\":\"操作成功\",\"code\":200}',0,NULL,'2022-11-13 19:00:45'),(293,'菜单管理',1,'com.grace.web.controller.system.SysMenuController.add()','POST',1,'admin',NULL,'/system/menu','127.0.0.1','内网IP','{\"children\":[],\"createBy\":\"admin\",\"isCache\":\"0\",\"isFrame\":\"1\",\"menuName\":\"发送邮件\",\"menuType\":\"F\",\"orderNum\":6,\"params\":{},\"parentId\":2002,\"perms\":\"server:mail:send\",\"status\":\"0\",\"visible\":\"0\"}','{\"msg\":\"操作成功\",\"code\":200}',0,NULL,'2022-11-13 19:33:55'),(294,'菜单管理',2,'com.grace.web.controller.system.SysMenuController.edit()','PUT',1,'admin',NULL,'/system/menu','127.0.0.1','内网IP','{\"children\":[],\"createTime\":\"2022-11-13 19:00:13\",\"icon\":\"#\",\"isCache\":\"0\",\"isFrame\":\"1\",\"menuId\":2010,\"menuName\":\"删除邮件\",\"menuType\":\"F\",\"orderNum\":3,\"params\":{},\"parentId\":2002,\"path\":\"\",\"perms\":\"server:mail:remove\",\"status\":\"0\",\"updateBy\":\"admin\",\"visible\":\"0\"}','{\"msg\":\"操作成功\",\"code\":200}',0,NULL,'2022-11-13 19:34:05'),(295,'菜单管理',2,'com.grace.web.controller.system.SysMenuController.edit()','PUT',1,'admin',NULL,'/system/menu','127.0.0.1','内网IP','{\"children\":[],\"createTime\":\"2022-11-13 18:59:30\",\"icon\":\"#\",\"isCache\":\"0\",\"isFrame\":\"1\",\"menuId\":2009,\"menuName\":\"修改邮件\",\"menuType\":\"F\",\"orderNum\":4,\"params\":{},\"parentId\":2002,\"path\":\"\",\"perms\":\"server:mail:edit\",\"status\":\"0\",\"updateBy\":\"admin\",\"visible\":\"0\"}','{\"msg\":\"操作成功\",\"code\":200}',0,NULL,'2022-11-13 19:34:14'),(296,'菜单管理',2,'com.grace.web.controller.system.SysMenuController.edit()','PUT',1,'admin',NULL,'/system/menu','127.0.0.1','内网IP','{\"children\":[],\"createTime\":\"2022-10-13 22:28:18\",\"icon\":\"guide\",\"isCache\":\"0\",\"isFrame\":\"0\",\"menuId\":4,\"menuName\":\"若依官网\",\"menuType\":\"M\",\"orderNum\":9,\"params\":{},\"parentId\":0,\"path\":\"http://grace.vip\",\"perms\":\"\",\"query\":\"\",\"status\":\"0\",\"updateBy\":\"admin\",\"visible\":\"0\"}','{\"msg\":\"操作成功\",\"code\":200}',0,NULL,'2022-11-13 19:45:22'),(297,'菜单管理',1,'com.grace.web.controller.system.SysMenuController.add()','POST',1,'admin',NULL,'/system/menu','127.0.0.1','内网IP','{\"children\":[],\"createBy\":\"admin\",\"icon\":\"nested\",\"isCache\":\"0\",\"isFrame\":\"1\",\"menuName\":\"内容服务\",\"menuType\":\"M\",\"orderNum\":5,\"params\":{},\"parentId\":0,\"path\":\"cms\",\"status\":\"0\",\"visible\":\"0\"}','{\"msg\":\"操作成功\",\"code\":200}',0,NULL,'2022-11-13 19:47:02'),(298,'菜单管理',1,'com.grace.web.controller.system.SysMenuController.add()','POST',1,'admin',NULL,'/system/menu','127.0.0.1','内网IP','{\"children\":[],\"component\":\"cms/contact/index\",\"createBy\":\"admin\",\"icon\":\"icon\",\"isCache\":\"0\",\"isFrame\":\"1\",\"menuName\":\"反馈管理\",\"menuType\":\"C\",\"orderNum\":1,\"params\":{},\"parentId\":2013,\"path\":\"contact\",\"perms\":\"cms:contact:list\",\"query\":\"\",\"status\":\"0\",\"visible\":\"0\"}','{\"msg\":\"操作成功\",\"code\":200}',0,NULL,'2022-11-13 20:16:45'),(299,'菜单管理',1,'com.grace.web.controller.system.SysMenuController.add()','POST',1,'admin',NULL,'/system/menu','127.0.0.1','内网IP','{\"children\":[],\"createBy\":\"admin\",\"isCache\":\"0\",\"isFrame\":\"1\",\"menuName\":\"反馈查询\",\"menuType\":\"F\",\"orderNum\":1,\"params\":{},\"parentId\":2014,\"perms\":\"cms:contact:query\",\"status\":\"0\",\"visible\":\"0\"}','{\"msg\":\"操作成功\",\"code\":200}',0,NULL,'2022-11-14 10:03:27'),(300,'菜单管理',1,'com.grace.web.controller.system.SysMenuController.add()','POST',1,'admin',NULL,'/system/menu','127.0.0.1','内网IP','{\"children\":[],\"createBy\":\"admin\",\"isCache\":\"0\",\"isFrame\":\"1\",\"menuName\":\"添加反馈\",\"menuType\":\"F\",\"orderNum\":2,\"params\":{},\"parentId\":2014,\"perms\":\"cms:contact:add\",\"status\":\"0\",\"visible\":\"0\"}','{\"msg\":\"操作成功\",\"code\":200}',0,NULL,'2022-11-14 10:05:10'),(301,'菜单管理',1,'com.grace.web.controller.system.SysMenuController.add()','POST',1,'admin',NULL,'/system/menu','127.0.0.1','内网IP','{\"children\":[],\"createBy\":\"admin\",\"isCache\":\"0\",\"isFrame\":\"1\",\"menuName\":\"编辑反馈\",\"menuType\":\"F\",\"orderNum\":3,\"params\":{},\"parentId\":2014,\"perms\":\"cms:contact:edit\",\"status\":\"0\",\"visible\":\"0\"}','{\"msg\":\"操作成功\",\"code\":200}',0,NULL,'2022-11-14 10:05:55'),(302,'菜单管理',1,'com.grace.web.controller.system.SysMenuController.add()','POST',1,'admin',NULL,'/system/menu','127.0.0.1','内网IP','{\"children\":[],\"createBy\":\"admin\",\"isCache\":\"0\",\"isFrame\":\"1\",\"menuName\":\"删除反馈\",\"menuType\":\"F\",\"orderNum\":4,\"params\":{},\"parentId\":2014,\"perms\":\"cms:contact:remove\",\"status\":\"0\",\"visible\":\"0\"}','{\"msg\":\"操作成功\",\"code\":200}',0,NULL,'2022-11-14 10:06:36'),(303,'反馈|建议',1,'com.grace.web.controller.cms.CmsContactController.add()','POST',1,'admin',NULL,'/cms/contact','127.0.0.1','内网IP','{\"contactType\":1,\"content\":\"<p><strong>啊大苏打阿大撒大撒啊实打实的</strong></p>\",\"createTime\":\"2022-11-14 11:21:26.092\",\"email\":\"634866553@qq.com\",\"params\":{},\"subject\":\"测试反馈你大爷\",\"userCall\":\"少时诵诗书是\"}',NULL,1,'nested exception is org.apache.ibatis.reflection.ReflectionException: There is no getter for property named \'uderCall\' in \'class com.oly.cms.common.domain.entity.CmsContact\'','2022-11-14 11:21:26'),(304,'反馈|建议',1,'com.grace.web.controller.cms.CmsContactController.add()','POST',1,'admin',NULL,'/cms/contact','127.0.0.1','内网IP','{\"contactType\":1,\"content\":\"<p><strong>啊大苏打阿大撒大撒啊实打实的</strong></p>\",\"createTime\":\"2022-11-14 11:21:30.497\",\"email\":\"634866553@qq.com\",\"params\":{},\"subject\":\"测试反馈你大爷\",\"userCall\":\"少时诵诗书是\"}',NULL,1,'nested exception is org.apache.ibatis.reflection.ReflectionException: There is no getter for property named \'uderCall\' in \'class com.oly.cms.common.domain.entity.CmsContact\'','2022-11-14 11:21:30'),(305,'反馈|建议',1,'com.grace.web.controller.cms.CmsContactController.add()','POST',1,'admin',NULL,'/cms/contact','127.0.0.1','内网IP','{\"contactType\":1,\"content\":\"<p><strong>啊大苏打阿大撒大撒啊实打实的</strong></p>\",\"createTime\":\"2022-11-14 11:21:31.729\",\"email\":\"634866553@qq.com\",\"params\":{},\"subject\":\"测试反馈你大爷\",\"userCall\":\"少时诵诗书是\"}',NULL,1,'nested exception is org.apache.ibatis.reflection.ReflectionException: There is no getter for property named \'uderCall\' in \'class com.oly.cms.common.domain.entity.CmsContact\'','2022-11-14 11:21:31'),(306,'反馈|建议',1,'com.grace.web.controller.cms.CmsContactController.add()','POST',1,'admin',NULL,'/cms/contact','127.0.0.1','内网IP','{\"contactType\":1,\"content\":\"<p><strong>啊大苏打阿大撒大撒啊实打实的</strong></p>\",\"createTime\":\"2022-11-14 11:21:38.235\",\"email\":\"634866553@qq.com\",\"params\":{},\"subject\":\"测试反馈你大爷\",\"userCall\":\"少时诵诗书是\"}',NULL,1,'nested exception is org.apache.ibatis.reflection.ReflectionException: There is no getter for property named \'uderCall\' in \'class com.oly.cms.common.domain.entity.CmsContact\'','2022-11-14 11:21:38'),(307,'反馈|建议',1,'com.grace.web.controller.cms.CmsContactController.add()','POST',1,'admin',NULL,'/cms/contact','127.0.0.1','内网IP','{\"contactType\":1,\"content\":\"<p><strong>啊大苏打阿大撒大撒啊实打实的</strong></p>\",\"createTime\":\"2022-11-14 11:21:42.793\",\"email\":\"634866553@qq.com\",\"params\":{},\"subject\":\"测试反馈你大爷\",\"userCall\":\"少时诵诗书是\"}',NULL,1,'nested exception is org.apache.ibatis.reflection.ReflectionException: There is no getter for property named \'uderCall\' in \'class com.oly.cms.common.domain.entity.CmsContact\'','2022-11-14 11:21:42'),(308,'反馈|建议',1,'com.grace.web.controller.cms.CmsContactController.add()','POST',1,'admin',NULL,'/cms/contact','127.0.0.1','内网IP','{\"contactId\":7,\"contactType\":1,\"content\":\"<p><strong>啊大苏打阿大撒大撒啊实打实的</strong></p>\",\"createTime\":\"2022-11-14 11:24:12.919\",\"email\":\"634866553@qq.com\",\"params\":{},\"subject\":\"测试反馈你大爷\",\"userCall\":\"少时诵诗书是\"}','{\"msg\":\"操作成功\",\"code\":200}',0,NULL,'2022-11-14 11:24:12'),(309,'字典类型',1,'com.grace.web.controller.system.SysDictTypeController.add()','POST',1,'admin',NULL,'/system/dict/type','127.0.0.1','内网IP','{\"createBy\":\"admin\",\"dictName\":\"反馈类型\",\"dictType\":\"cms_contact_type\",\"params\":{},\"status\":\"0\"}','{\"msg\":\"操作成功\",\"code\":200}',0,NULL,'2022-11-14 13:54:50'),(310,'字典数据',1,'com.grace.web.controller.system.SysDictDataController.add()','POST',1,'admin',NULL,'/system/dict/data','127.0.0.1','内网IP','{\"createBy\":\"admin\",\"default\":false,\"dictLabel\":\"建议\",\"dictSort\":0,\"dictType\":\"cms_contact_type\",\"dictValue\":\"0\",\"listClass\":\"success\",\"params\":{},\"remark\":\"建议\",\"status\":\"0\"}','{\"msg\":\"操作成功\",\"code\":200}',0,NULL,'2022-11-14 13:56:53'),(311,'字典数据',1,'com.grace.web.controller.system.SysDictDataController.add()','POST',1,'admin',NULL,'/system/dict/data','127.0.0.1','内网IP','{\"createBy\":\"admin\",\"default\":false,\"dictLabel\":\"错误\",\"dictSort\":0,\"dictType\":\"cms_contact_type\",\"dictValue\":\"1\",\"listClass\":\"primary\",\"params\":{},\"remark\":\"错误\",\"status\":\"0\"}','{\"msg\":\"操作成功\",\"code\":200}',0,NULL,'2022-11-14 13:57:31'),(312,'字典类型',1,'com.grace.web.controller.system.SysDictTypeController.add()','POST',1,'admin',NULL,'/system/dict/type','127.0.0.1','内网IP','{\"createBy\":\"admin\",\"dictName\":\"反馈状态\",\"dictType\":\"cms_contact_visible\",\"params\":{},\"status\":\"0\"}','{\"msg\":\"操作成功\",\"code\":200}',0,NULL,'2022-11-14 14:00:56'),(313,'字典数据',1,'com.grace.web.controller.system.SysDictDataController.add()','POST',1,'admin',NULL,'/system/dict/data','127.0.0.1','内网IP','{\"createBy\":\"admin\",\"default\":false,\"dictLabel\":\"待处理\",\"dictSort\":0,\"dictType\":\"cms_contact_visible\",\"dictValue\":\"0\",\"listClass\":\"success\",\"params\":{},\"remark\":\"等待处理\",\"status\":\"0\"}','{\"msg\":\"操作成功\",\"code\":200}',0,NULL,'2022-11-14 14:01:41'),(314,'字典数据',1,'com.grace.web.controller.system.SysDictDataController.add()','POST',1,'admin',NULL,'/system/dict/data','127.0.0.1','内网IP','{\"createBy\":\"admin\",\"default\":false,\"dictLabel\":\"已处理\",\"dictSort\":1,\"dictType\":\"cms_contact_visible\",\"dictValue\":\"1\",\"listClass\":\"info\",\"params\":{},\"remark\":\"已经处理\",\"status\":\"0\"}','{\"msg\":\"操作成功\",\"code\":200}',0,NULL,'2022-11-14 14:02:14'),(315,'反馈|建议',2,'com.grace.web.controller.cms.CmsContactController.edit()','PUT',1,'admin',NULL,'/cms/contact','127.0.0.1','内网IP','{\"contactId\":7,\"contactType\":1,\"content\":\"<p>我是你大爷</p>\",\"createTime\":\"2022-11-14 11:24:12\",\"email\":\"634866553@qq.com\",\"params\":{},\"subject\":\"测试反馈你大爷\",\"userCall\":\"少时诵诗书是\",\"visible\":0}',NULL,1,'nested exception is org.apache.ibatis.reflection.ReflectionException: There is no getter for property named \'uderCall\' in \'class com.oly.cms.common.domain.entity.CmsContact\'','2022-11-14 23:12:13'),(316,'反馈|建议',2,'com.grace.web.controller.cms.CmsContactController.edit()','PUT',1,'admin',NULL,'/cms/contact','127.0.0.1','内网IP','{\"contactId\":7,\"contactType\":1,\"content\":\"<p>我是你大爷</p>\",\"createTime\":\"2022-11-14 11:24:12\",\"email\":\"634866553@qq.com\",\"params\":{},\"subject\":\"测试反馈你大爷\",\"userCall\":\"少时诵诗书是\",\"visible\":0}',NULL,1,'nested exception is org.apache.ibatis.reflection.ReflectionException: There is no getter for property named \'uderCall\' in \'class com.oly.cms.common.domain.entity.CmsContact\'','2022-11-14 23:12:18'),(317,'反馈|建议',1,'com.grace.web.controller.cms.CmsContactController.add()','POST',1,'admin',NULL,'/cms/contact','127.0.0.1','内网IP','{\"contactId\":8,\"contactType\":0,\"content\":\"<p><span style=\\\"color: rgb(61, 20, 102); background-color: rgb(0, 71, 178);\\\">高合金钢合金钢合高合金钢合金机话剧规划局规划局规划j构行家g钢合金钢回家gh金钢回家规划局规划局会更加高合金钢合金钢合金钢</span></p>\",\"createBy\":\"guest\",\"params\":{},\"subject\":\"很久很久过后就很尴尬\",\"userCall\":\"高合金钢合金钢合金钢\"}','{\"msg\":\"操作成功\",\"code\":200}',0,NULL,'2022-11-14 23:23:22'),(318,'反馈|建议',2,'com.grace.web.controller.cms.CmsContactController.edit()','PUT',1,'admin',NULL,'/cms/contact','127.0.0.1','内网IP','{\"contactId\":8,\"contactType\":0,\"content\":\"<p><span style=\\\"color: rgb(61, 20, 102); background-color: rgb(0, 71, 178);\\\">高合金钢合金钢合高合金钢合金机话剧规划局规划局规划j构行家g钢合金钢回家gh金钢回家规划局规划局会更加高合金钢合金钢合金钢</span></p><p><span style=\\\"color: rgb(61, 20, 102); background-color: rgb(0, 71, 178);\\\">法大师傅大师傅士大夫士大夫士大夫士大夫</span></p>\",\"createBy\":\"guest\",\"createTime\":\"2022-11-14 23:23:22\",\"params\":{},\"subject\":\"很久很久过后就很尴尬\",\"userCall\":\"高合金钢合金钢合金钢\",\"visible\":0}',NULL,1,'\r\n### Error updating database.  Cause: java.sql.SQLSyntaxErrorException: You have an error in your SQL syntax; check the manual that corresponds to your MySQL server version for the right syntax to use near \'\'高合金钢合金钢合金钢\' \n        where contact_id = 8\' at line 12\r\n### The error may exist in file [D:\\vue\\Grace-Vue\\grace-oly\\oly-cms\\cms-admin\\target\\classes\\mapper\\oly\\CmsContactMapper.xml]\r\n### The error may involve com.oly.cms.admin.mapper.CmsContactMapper.updateCmsContact-Inline\r\n### The error occurred while setting parameters\r\n### SQL: update cms_contact          SET subject = ?,             content = ?,                                                    visible = ?,             contact_type = ?,                        handle_time = sysdate(),                          ?          where contact_id = ?\r\n### Cause: java.sql.SQLSyntaxErrorException: You have an error in your SQL syntax; check the manual that corresponds to your MySQL server version for the right syntax to use near \'\'高合金钢合金钢合金钢\' \n        where contact_id = 8\' at line 12\n; bad SQL grammar []; nested exception is java.sql.SQLSyntaxErrorException: You have an error in your SQL syntax; check the manual that corresponds to your MySQL server version for the right syntax to use near \'\'高合金钢合金钢合金钢\' \n        where contact_id = 8\' at line 12','2022-11-14 23:26:08'),(319,'反馈|建议',2,'com.grace.web.controller.cms.CmsContactController.edit()','PUT',1,'admin',NULL,'/cms/contact','127.0.0.1','内网IP','{\"contactId\":8,\"contactType\":0,\"content\":\"<p><span style=\\\"color: rgb(61, 20, 102); background-color: rgb(0, 71, 178);\\\">高合金钢合金钢合高合金钢合金机话剧规划局规划局规划j构行家g钢合金钢回家gh金钢回家规划局规划局会更加高合金钢合金钢合金钢</span></p><p><span style=\\\"color: rgb(61, 20, 102); background-color: rgb(0, 71, 178);\\\">法大师傅大师傅士大夫士大夫士大夫士大夫</span></p>\",\"createBy\":\"guest\",\"createTime\":\"2022-11-14 23:23:22\",\"params\":{},\"subject\":\"很久很久过后就很尴尬\",\"userCall\":\"高合金钢合金钢合金钢\",\"visible\":0}',NULL,1,'\r\n### Error updating database.  Cause: java.sql.SQLSyntaxErrorException: You have an error in your SQL syntax; check the manual that corresponds to your MySQL server version for the right syntax to use near \'\'高合金钢合金钢合金钢\' \n        where contact_id = 8\' at line 12\r\n### The error may exist in file [D:\\vue\\Grace-Vue\\grace-oly\\oly-cms\\cms-admin\\target\\classes\\mapper\\oly\\CmsContactMapper.xml]\r\n### The error may involve com.oly.cms.admin.mapper.CmsContactMapper.updateCmsContact-Inline\r\n### The error occurred while setting parameters\r\n### SQL: update cms_contact          SET subject = ?,             content = ?,                                                    visible = ?,             contact_type = ?,                        handle_time = sysdate(),                          ?          where contact_id = ?\r\n### Cause: java.sql.SQLSyntaxErrorException: You have an error in your SQL syntax; check the manual that corresponds to your MySQL server version for the right syntax to use near \'\'高合金钢合金钢合金钢\' \n        where contact_id = 8\' at line 12\n; bad SQL grammar []; nested exception is java.sql.SQLSyntaxErrorException: You have an error in your SQL syntax; check the manual that corresponds to your MySQL server version for the right syntax to use near \'\'高合金钢合金钢合金钢\' \n        where contact_id = 8\' at line 12','2022-11-14 23:26:12'),(320,'反馈|建议',2,'com.grace.web.controller.cms.CmsContactController.edit()','PUT',1,'admin',NULL,'/cms/contact','127.0.0.1','内网IP','{\"contactId\":8,\"contactType\":0,\"content\":\"<p><span style=\\\"color: rgb(61, 20, 102); background-color: rgb(0, 71, 178);\\\">高合金钢合金钢合高合金钢合金机话剧规划局规划局规划j构行家g钢合金钢回家gh金钢回家规划局规划局会更加高合金钢合金钢合金钢</span></p><p><span style=\\\"color: rgb(61, 20, 102); background-color: rgb(0, 71, 178);\\\">法大师傅大师傅士大夫士大夫士大夫士大夫</span></p>\",\"createBy\":\"guest\",\"createTime\":\"2022-11-14 23:23:22\",\"params\":{},\"subject\":\"很久很久过后就很尴尬\",\"userCall\":\"高合金钢合金钢合金钢\",\"visible\":0}',NULL,1,'\r\n### Error updating database.  Cause: java.sql.SQLSyntaxErrorException: You have an error in your SQL syntax; check the manual that corresponds to your MySQL server version for the right syntax to use near \'\'高合金钢合金钢合金钢\' \n        where contact_id = 8\' at line 12\r\n### The error may exist in file [D:\\vue\\Grace-Vue\\grace-oly\\oly-cms\\cms-admin\\target\\classes\\mapper\\oly\\CmsContactMapper.xml]\r\n### The error may involve com.oly.cms.admin.mapper.CmsContactMapper.updateCmsContact-Inline\r\n### The error occurred while setting parameters\r\n### SQL: update cms_contact          SET subject = ?,             content = ?,                                                    visible = ?,             contact_type = ?,                        handle_time = sysdate(),                          ?          where contact_id = ?\r\n### Cause: java.sql.SQLSyntaxErrorException: You have an error in your SQL syntax; check the manual that corresponds to your MySQL server version for the right syntax to use near \'\'高合金钢合金钢合金钢\' \n        where contact_id = 8\' at line 12\n; bad SQL grammar []; nested exception is java.sql.SQLSyntaxErrorException: You have an error in your SQL syntax; check the manual that corresponds to your MySQL server version for the right syntax to use near \'\'高合金钢合金钢合金钢\' \n        where contact_id = 8\' at line 12','2022-11-14 23:26:16'),(321,'反馈|建议',2,'com.grace.web.controller.cms.CmsContactController.edit()','PUT',1,'admin',NULL,'/cms/contact','127.0.0.1','内网IP','{\"contactId\":7,\"contactType\":0,\"content\":\"<p><strong>啊大苏打阿大撒大撒啊实打实的</strong></p>\",\"createTime\":\"2022-11-14 11:24:12\",\"email\":\"634866553@qq.com\",\"handler\":\"admin\",\"params\":{},\"subject\":\"测试反馈你大爷\",\"userCall\":\"少时诵诗书是\",\"visible\":0}','{\"msg\":\"操作成功\",\"code\":200}',0,NULL,'2022-11-14 23:47:00'),(322,'反馈|建议',2,'com.grace.web.controller.cms.CmsContactController.edit()','PUT',1,'admin',NULL,'/cms/contact','127.0.0.1','内网IP','{\"contactId\":7,\"contactType\":1,\"content\":\"<p><strong>啊大苏打阿大撒大撒啊实打实的</strong></p>\",\"createTime\":\"2022-11-14 11:24:12\",\"email\":\"634866553@qq.com\",\"handleTime\":\"2022-11-14 23:47:00\",\"handler\":\"admin\",\"params\":{},\"subject\":\"测试反馈你大爷\",\"userCall\":\"少时诵诗书是\",\"visible\":0}','{\"msg\":\"操作成功\",\"code\":200}',0,NULL,'2022-11-14 23:47:57'),(323,'反馈|建议',2,'com.grace.web.controller.cms.CmsContactController.edit()','PUT',1,'admin',NULL,'/cms/contact','127.0.0.1','内网IP','{\"contactId\":7,\"contactType\":0,\"content\":\"<p><strong>啊大苏打阿大撒大撒啊实打实的</strong></p>\",\"createTime\":\"2022-11-14 11:24:12\",\"email\":\"634866553@qq.com\",\"handleTime\":\"2022-11-14 23:47:57\",\"handler\":\"admin\",\"params\":{},\"subject\":\"测试反馈你大爷\",\"userCall\":\"少时诵诗书是\",\"visible\":0}','{\"msg\":\"操作成功\",\"code\":200}',0,NULL,'2022-11-14 23:52:02'),(324,'反馈|建议',2,'com.grace.web.controller.cms.CmsContactController.edit()','PUT',1,'admin',NULL,'/cms/contact','127.0.0.1','内网IP','{\"contactId\":7,\"contactType\":1,\"content\":\"<p><strong>啊大苏打阿大撒大撒啊实打实的</strong></p>\",\"createTime\":\"2022-11-14 11:24:12\",\"email\":\"634866553@qq.com\",\"handleTime\":\"2022-11-14 23:52:02\",\"handler\":\"admin\",\"params\":{},\"subject\":\"测试反馈你大爷\",\"userCall\":\"少时诵诗书是\",\"visible\":0}','{\"msg\":\"操作成功\",\"code\":200}',0,NULL,'2022-11-14 23:52:10'),(325,'反馈|建议',2,'com.grace.web.controller.cms.CmsContactController.edit()','PUT',1,'admin',NULL,'/cms/contact','127.0.0.1','内网IP','{\"contactId\":7,\"contactType\":0,\"content\":\"<p><strong>啊大苏打阿大撒大撒啊实打实的</strong></p>\",\"createTime\":\"2022-11-14 11:24:12\",\"email\":\"634866553@qq.com\",\"handleTime\":\"2022-11-14 23:52:10\",\"handler\":\"admin\",\"params\":{},\"subject\":\"测试反馈你大爷\",\"userCall\":\"少时诵诗书是\",\"visible\":0}','{\"msg\":\"操作成功\",\"code\":200}',0,NULL,'2022-11-14 23:53:01'),(326,'反馈|建议',2,'com.grace.web.controller.cms.CmsContactController.edit()','PUT',1,'admin',NULL,'/cms/contact','127.0.0.1','内网IP','{\"contactId\":7,\"contactType\":1,\"content\":\"<p><strong>啊大苏打阿大撒大撒啊实打实的</strong></p>\",\"createTime\":\"2022-11-14 11:24:12\",\"email\":\"634866553@qq.com\",\"handleTime\":\"2022-11-14 23:53:01\",\"handler\":\"admin\",\"params\":{},\"subject\":\"测试反馈你大爷\",\"userCall\":\"少时诵诗书是\",\"visible\":0}','{\"msg\":\"操作成功\",\"code\":200}',0,NULL,'2022-11-14 23:54:16'),(327,'反馈|建议',2,'com.grace.web.controller.cms.CmsContactController.edit()','PUT',1,'admin',NULL,'/cms/contact','127.0.0.1','内网IP','{\"contactId\":7,\"contactType\":0,\"content\":\"<p><strong>啊大苏打阿大撒大撒啊实打实的</strong></p>\",\"createTime\":\"2022-11-14 11:24:12\",\"email\":\"634866553@qq.com\",\"handleTime\":\"2022-11-14 23:54:15\",\"handler\":\"admin\",\"params\":{},\"subject\":\"测试反馈你大爷\",\"userCall\":\"少时诵诗书是\",\"visible\":0}','{\"msg\":\"操作成功\",\"code\":200}',0,NULL,'2022-11-14 23:56:39'),(328,'反馈|建议',2,'com.grace.web.controller.cms.CmsContactController.edit()','PUT',1,'admin',NULL,'/cms/contact','127.0.0.1','内网IP','{\"contactId\":8,\"contactType\":0,\"content\":\"<p><span style=\\\"color: rgb(61, 20, 102); background-color: rgb(0, 71, 178);\\\">高合金钢合金钢合高合金钢合金机话剧规划局规划局规划j构行家g钢合金钢回家gh金钢回家规划局规划局会更加高合金钢合金钢合金钢</span></p>\",\"createBy\":\"guest\",\"createTime\":\"2022-11-14 23:23:22\",\"handler\":\"admin\",\"params\":{},\"subject\":\"很久很久过后就很尴尬\",\"userCall\":\"高合金钢合金钢合金钢\",\"visible\":1}','{\"msg\":\"操作成功\",\"code\":200}',0,NULL,'2022-11-15 00:02:26'),(329,'反馈|建议',2,'com.grace.web.controller.cms.CmsContactController.edit()','PUT',1,'admin',NULL,'/cms/contact','127.0.0.1','内网IP','{\"contactId\":8,\"contactType\":1,\"content\":\"<p><span style=\\\"color: rgb(61, 20, 102); background-color: rgb(0, 71, 178);\\\">高合金钢合金钢合高合金钢合金机话剧规划局规划局规划j构行家g钢合金钢回家gh金钢回家规划局规划局会更加高合金钢合金钢合金钢</span></p>\",\"createBy\":\"guest\",\"createTime\":\"2022-11-14 23:23:22\",\"handleTime\":\"2022-11-15 00:02:26\",\"handler\":\"admin\",\"params\":{},\"subject\":\"很久很久过后就很尴尬\",\"userCall\":\"高合金钢合金钢合金钢\",\"visible\":1}','{\"msg\":\"操作成功\",\"code\":200}',0,NULL,'2022-11-15 00:10:36'),(330,'反馈|建议',2,'com.grace.web.controller.cms.CmsContactController.edit()','PUT',1,'admin',NULL,'/cms/contact','127.0.0.1','内网IP','{\"contactId\":7,\"contactType\":1,\"content\":\"<p><strong>啊大苏打阿大撒大撒啊实打实的</strong></p>\",\"createTime\":\"2022-11-14 11:24:12\",\"email\":\"634866553@qq.com\",\"handleTime\":\"2022-11-14 23:56:39\",\"handler\":\"admin\",\"params\":{},\"subject\":\"测试反馈你大爷\",\"userCall\":\"少时诵诗书是\",\"visible\":0}','{\"msg\":\"操作成功\",\"code\":200}',0,NULL,'2022-11-15 00:10:45'),(331,'反馈|建议',2,'com.grace.web.controller.cms.CmsContactController.edit()','PUT',1,'admin',NULL,'/cms/contact','127.0.0.1','内网IP','{\"contactId\":7,\"contactType\":1,\"content\":\"<p><strong>啊大苏打阿大撒大撒啊实打实的</strong></p>\",\"createTime\":\"2022-11-14 11:24:12\",\"email\":\"634866553@qq.com\",\"handleTime\":\"2022-11-15 00:10:45\",\"handler\":\"admin\",\"params\":{},\"subject\":\"测试反馈你大爷\",\"userCall\":\"少时诵诗书是\",\"visible\":1}','{\"msg\":\"操作成功\",\"code\":200}',0,NULL,'2022-11-15 00:11:40'),(332,'反馈|建议',2,'com.grace.web.controller.cms.CmsContactController.edit()','PUT',1,'admin',NULL,'/cms/contact','127.0.0.1','内网IP','{\"contactId\":7,\"contactType\":1,\"content\":\"<p><strong>啊大苏打阿大撒大撒啊实打实的</strong></p>\",\"createTime\":\"2022-11-14 11:24:12\",\"email\":\"634866553@qq.com\",\"handleTime\":\"2022-11-15 00:11:39\",\"handler\":\"admin\",\"params\":{},\"subject\":\"测试反馈你大爷\",\"userCall\":\"少时诵诗书是\",\"visible\":0}','{\"msg\":\"操作成功\",\"code\":200}',0,NULL,'2022-11-15 00:11:59'),(333,'反馈|建议',3,'com.grace.web.controller.cms.CmsContactController.remove()','DELETE',1,'admin',NULL,'/cms/contact/8','127.0.0.1','内网IP','{contactIds=8}','{\"msg\":\"操作成功\",\"code\":200}',0,NULL,'2022-11-15 00:13:17'),(334,'反馈|建议',2,'com.grace.web.controller.cms.CmsContactController.edit()','PUT',1,'admin',NULL,'/cms/contact','127.0.0.1','内网IP','{\"contactId\":7,\"contactType\":1,\"content\":\"<p><strong>啊大苏打阿大撒大撒啊实打实的</strong></p>\",\"createTime\":\"2022-11-14 11:24:12\",\"email\":\"634866553@qq.com\",\"handleTime\":\"2022-11-15 00:11:59\",\"handler\":\"admin\",\"params\":{},\"subject\":\"测试反馈你大爷\",\"userCall\":\"少时诵诗书是\",\"visible\":1}','{\"msg\":\"操作成功\",\"code\":200}',0,NULL,'2022-11-15 00:30:48'),(335,'反馈|建议',2,'com.grace.web.controller.cms.CmsContactController.edit()','PUT',1,'admin',NULL,'/cms/contact','127.0.0.1','内网IP','{\"contactId\":7,\"contactType\":1,\"content\":\"<p><strong>啊大苏打阿大撒大撒啊实打实的</strong></p>\",\"createTime\":\"2022-11-14 11:24:12\",\"email\":\"634866553@qq.com\",\"handleResult\":\"<p>已经处理完成</p>\",\"handleTime\":\"2022-11-15 00:30:48\",\"handler\":\"admin\",\"params\":{},\"subject\":\"测试反馈你大爷\",\"userCall\":\"少时诵诗书是\",\"visible\":1}','{\"msg\":\"操作成功\",\"code\":200}',0,NULL,'2022-11-15 09:56:07'),(336,'反馈|建议',2,'com.grace.web.controller.cms.CmsContactController.edit()','PUT',1,'admin',NULL,'/cms/contact','127.0.0.1','内网IP','{\"contactId\":7,\"contactType\":1,\"content\":\"<p><strong>啊大苏打阿大撒大撒啊实打实的</strong></p>\",\"createTime\":\"2022-11-14 11:24:12\",\"email\":\"634866553@qq.com\",\"handleResult\":\"<p>已经处理完成</p>\",\"handleTime\":\"2022-11-15 09:56:07\",\"handler\":\"admin\",\"params\":{},\"subject\":\"测试反馈你大爷\",\"userCall\":\"少时诵诗书是\",\"visible\":1}','{\"msg\":\"操作成功\",\"code\":200}',0,NULL,'2022-11-15 10:17:19'),(337,'反馈|建议',2,'com.grace.web.controller.cms.CmsContactController.edit()','PUT',1,'admin',NULL,'/cms/contact','127.0.0.1','内网IP','{\"contactId\":7,\"contactType\":1,\"content\":\"<p><strong>啊大苏打阿大撒大撒啊实打实的</strong></p>\",\"createTime\":\"2022-11-14 11:24:12\",\"email\":\"634866553@qq.com\",\"handleResult\":\"<p>已经处理完成</p>\",\"handleTime\":\"2022-11-15 10:17:18\",\"handler\":\"admin\",\"params\":{},\"subject\":\"测试反馈你大爷\",\"userCall\":\"少时诵诗书是\",\"visible\":1}','{\"msg\":\"操作成功\",\"code\":200}',0,NULL,'2022-11-15 10:17:26'),(338,'代码生成',2,'com.grace.generator.controller.GenController.editSave()','PUT',1,'admin',NULL,'/tool/gen','127.0.0.1','内网IP','{\"businessName\":\"link\",\"className\":\"CmsLink\",\"columns\":[{\"capJavaField\":\"LinkId\",\"columnComment\":\"链接id\",\"columnId\":109,\"columnName\":\"link_id\",\"columnType\":\"int(10) unsigned\",\"createBy\":\"admin\",\"createTime\":\"2022-11-11 20:55:38\",\"dictType\":\"\",\"edit\":false,\"htmlType\":\"input\",\"increment\":true,\"insert\":true,\"isIncrement\":\"1\",\"isInsert\":\"1\",\"isPk\":\"1\",\"javaField\":\"linkId\",\"javaType\":\"Integer\",\"list\":false,\"params\":{},\"pk\":true,\"query\":false,\"queryType\":\"EQ\",\"required\":false,\"sort\":1,\"superColumn\":false,\"tableId\":9,\"updateBy\":\"\",\"usableColumn\":false},{\"capJavaField\":\"LinkUrl\",\"columnComment\":\"链接地址\",\"columnId\":110,\"columnName\":\"link_url\",\"columnType\":\"varchar(200)\",\"createBy\":\"admin\",\"createTime\":\"2022-11-11 20:55:38\",\"dictType\":\"\",\"edit\":true,\"htmlType\":\"input\",\"increment\":false,\"insert\":true,\"isEdit\":\"1\",\"isIncrement\":\"0\",\"isInsert\":\"1\",\"isList\":\"1\",\"isPk\":\"0\",\"isQuery\":\"0\",\"isRequired\":\"1\",\"javaField\":\"linkUrl\",\"javaType\":\"String\",\"list\":true,\"params\":{},\"pk\":false,\"query\":false,\"queryType\":\"EQ\",\"required\":true,\"sort\":2,\"superColumn\":false,\"tableId\":9,\"updateBy\":\"\",\"usableColumn\":false},{\"capJavaField\":\"LinkName\",\"columnComment\":\"链接名\",\"columnId\":111,\"columnName\":\"link_name\",\"columnType\":\"varchar(50)\",\"createBy\":\"admin\",\"createTime\":\"2022-11-11 20:55:38\",\"dictType\":\"\",\"edit\":true,\"htmlType\":\"input\",\"increment\":false,\"insert\":true,\"isEdit\":\"1\",\"isIncrement\":\"0\",\"isInsert\":\"1\",\"isList\":\"1\",\"isPk\":\"0\",\"isQuery\":\"1\",\"isRequired\":\"1\",\"javaField\":\"linkName\",\"javaType\":\"String\",\"list\":true,\"params\":{},\"pk\":false,\"query\":true,\"queryType\":\"LIKE\",\"required\":true,\"sort\":3,\"superColumn\":false,\"tableId\":9,\"updateBy\":\"\",\"usableColumn\":false},{\"capJavaField\":\"LinkSuggest\",\"columnComment\":\"链接介绍\",\"columnId\":112,\"columnName\":\"link_suggest\",\"columnType\":\"varchar(300)\",\"createBy\":\"admin\",\"createTime\":\"2022-11-11 20:55:38\",\"dictType\":\"\",\"edit\":true,\"htmlType\":\"input\",\"increment\":false,\"insert\":true,\"isEdit\":\"1\",\"isIncrement\":\"0\",\"isInsert\":\"1\",\"isList\":\"1\",\"isPk\":\"0\",\"isQuery\":\"0\",\"javaField','{\"msg\":\"操作成功\",\"code\":200}',0,NULL,'2022-11-15 13:38:13'),(339,'代码生成',2,'com.grace.generator.controller.GenController.editSave()','PUT',1,'admin',NULL,'/tool/gen','127.0.0.1','内网IP','{\"businessName\":\"link\",\"className\":\"CmsLink\",\"columns\":[{\"capJavaField\":\"LinkId\",\"columnComment\":\"链接id\",\"columnId\":109,\"columnName\":\"link_id\",\"columnType\":\"int(10) unsigned\",\"createBy\":\"admin\",\"createTime\":\"2022-11-11 20:55:38\",\"dictType\":\"\",\"edit\":false,\"htmlType\":\"input\",\"increment\":true,\"insert\":true,\"isIncrement\":\"1\",\"isInsert\":\"1\",\"isPk\":\"1\",\"javaField\":\"linkId\",\"javaType\":\"Integer\",\"list\":false,\"params\":{},\"pk\":true,\"query\":false,\"queryType\":\"EQ\",\"required\":false,\"sort\":1,\"superColumn\":false,\"tableId\":9,\"updateBy\":\"\",\"updateTime\":\"2022-11-15 13:38:13\",\"usableColumn\":false},{\"capJavaField\":\"LinkUrl\",\"columnComment\":\"链接地址\",\"columnId\":110,\"columnName\":\"link_url\",\"columnType\":\"varchar(200)\",\"createBy\":\"admin\",\"createTime\":\"2022-11-11 20:55:38\",\"dictType\":\"\",\"edit\":true,\"htmlType\":\"input\",\"increment\":false,\"insert\":true,\"isEdit\":\"1\",\"isIncrement\":\"0\",\"isInsert\":\"1\",\"isList\":\"1\",\"isPk\":\"0\",\"isQuery\":\"0\",\"isRequired\":\"1\",\"javaField\":\"linkUrl\",\"javaType\":\"String\",\"list\":true,\"params\":{},\"pk\":false,\"query\":false,\"queryType\":\"EQ\",\"required\":true,\"sort\":2,\"superColumn\":false,\"tableId\":9,\"updateBy\":\"\",\"updateTime\":\"2022-11-15 13:38:13\",\"usableColumn\":false},{\"capJavaField\":\"LinkName\",\"columnComment\":\"链接名\",\"columnId\":111,\"columnName\":\"link_name\",\"columnType\":\"varchar(50)\",\"createBy\":\"admin\",\"createTime\":\"2022-11-11 20:55:38\",\"dictType\":\"\",\"edit\":true,\"htmlType\":\"input\",\"increment\":false,\"insert\":true,\"isEdit\":\"1\",\"isIncrement\":\"0\",\"isInsert\":\"1\",\"isList\":\"1\",\"isPk\":\"0\",\"isQuery\":\"1\",\"isRequired\":\"1\",\"javaField\":\"linkName\",\"javaType\":\"String\",\"list\":true,\"params\":{},\"pk\":false,\"query\":true,\"queryType\":\"LIKE\",\"required\":true,\"sort\":3,\"superColumn\":false,\"tableId\":9,\"updateBy\":\"\",\"updateTime\":\"2022-11-15 13:38:13\",\"usableColumn\":false},{\"capJavaField\":\"LinkSuggest\",\"columnComment\":\"链接介绍\",\"columnId\":112,\"columnName\":\"link_suggest\",\"columnType\":\"varchar(300)\",\"createBy\":\"admin\",\"createTime\":\"2022-11-11 20:55:38\",\"dictType\":\"\",\"edit\":true,\"htmlType\":\"input\",\"increment\":false,\"in','{\"msg\":\"操作成功\",\"code\":200}',0,NULL,'2022-11-15 13:39:42'),(340,'代码生成',8,'com.grace.generator.controller.GenController.batchGenCode()','GET',1,'admin',NULL,'/tool/gen/batchGenCode','127.0.0.1','内网IP','{}',NULL,0,NULL,'2022-11-15 13:39:46'),(341,'字典类型',2,'com.grace.web.controller.system.SysDictTypeController.edit()','PUT',1,'admin',NULL,'/system/dict/type','127.0.0.1','内网IP','{\"createBy\":\"admin\",\"createTime\":\"2022-10-13 22:28:22\",\"dictId\":2,\"dictName\":\"系统状态\",\"dictType\":\"sys_show_hide\",\"params\":{},\"remark\":\"状态显示或者隐藏\",\"status\":\"0\",\"updateBy\":\"admin\"}','{\"msg\":\"操作成功\",\"code\":200}',0,NULL,'2022-11-15 14:17:16'),(342,'字典数据',2,'com.grace.web.controller.system.SysDictDataController.edit()','PUT',1,'admin',NULL,'/system/dict/data','127.0.0.1','内网IP','{\"createBy\":\"admin\",\"createTime\":\"2022-10-13 22:28:22\",\"cssClass\":\"\",\"default\":true,\"dictCode\":4,\"dictLabel\":\"显示\",\"dictSort\":1,\"dictType\":\"sys_show_hide\",\"dictValue\":\"0\",\"isDefault\":\"Y\",\"listClass\":\"primary\",\"params\":{},\"remark\":\"显示状态\",\"status\":\"0\",\"updateBy\":\"admin\"}','{\"msg\":\"操作成功\",\"code\":200}',0,NULL,'2022-11-15 14:17:38'),(343,'字典数据',2,'com.grace.web.controller.system.SysDictDataController.edit()','PUT',1,'admin',NULL,'/system/dict/data','127.0.0.1','内网IP','{\"createBy\":\"admin\",\"createTime\":\"2022-10-13 22:28:22\",\"cssClass\":\"\",\"default\":false,\"dictCode\":5,\"dictLabel\":\"隐藏\",\"dictSort\":2,\"dictType\":\"sys_show_hide\",\"dictValue\":\"1\",\"isDefault\":\"N\",\"listClass\":\"danger\",\"params\":{},\"remark\":\"隐藏状态\",\"status\":\"0\",\"updateBy\":\"admin\"}','{\"msg\":\"操作成功\",\"code\":200}',0,NULL,'2022-11-15 14:17:56'),(344,'菜单管理',1,'com.grace.web.controller.system.SysMenuController.add()','POST',1,'admin',NULL,'/system/menu','127.0.0.1','内网IP','{\"children\":[],\"createBy\":\"admin\",\"icon\":\"guide\",\"isCache\":\"0\",\"isFrame\":\"1\",\"menuName\":\"链接管理\",\"menuType\":\"C\",\"orderNum\":7,\"params\":{},\"parentId\":2013,\"path\":\"link\",\"status\":\"0\",\"visible\":\"0\"}','{\"msg\":\"操作成功\",\"code\":200}',0,NULL,'2022-11-15 14:27:37'),(345,'菜单管理',2,'com.grace.web.controller.system.SysMenuController.edit()','PUT',1,'admin',NULL,'/system/menu','127.0.0.1','内网IP','{\"children\":[],\"component\":\"cms/link/index\",\"createTime\":\"2022-11-15 14:27:37\",\"icon\":\"guide\",\"isCache\":\"0\",\"isFrame\":\"1\",\"menuId\":2019,\"menuName\":\"链接管理\",\"menuType\":\"C\",\"orderNum\":7,\"params\":{},\"parentId\":2013,\"path\":\"link\",\"perms\":\"cms:link:list\",\"status\":\"0\",\"updateBy\":\"admin\",\"visible\":\"0\"}','{\"msg\":\"操作成功\",\"code\":200}',0,NULL,'2022-11-15 14:28:13'),(346,'字典类型',1,'com.grace.web.controller.system.SysDictTypeController.add()','POST',1,'admin',NULL,'/system/dict/type','127.0.0.1','内网IP','{\"createBy\":\"admin\",\"dictName\":\"打开方式\",\"dictType\":\"cms_link_open\",\"params\":{},\"remark\":\"内容链接打开方式\",\"status\":\"0\"}','{\"msg\":\"操作成功\",\"code\":200}',0,NULL,'2022-11-15 15:55:07'),(347,'字典数据',1,'com.grace.web.controller.system.SysDictDataController.add()','POST',1,'admin',NULL,'/system/dict/data','127.0.0.1','内网IP','{\"createBy\":\"admin\",\"default\":false,\"dictLabel\":\"当前窗口\",\"dictSort\":0,\"dictType\":\"cms_link_open\",\"dictValue\":\"0\",\"listClass\":\"success\",\"params\":{},\"remark\":\"覆盖当前窗口\",\"status\":\"0\"}','{\"msg\":\"操作成功\",\"code\":200}',0,NULL,'2022-11-15 15:56:16'),(348,'字典数据',1,'com.grace.web.controller.system.SysDictDataController.add()','POST',1,'admin',NULL,'/system/dict/data','127.0.0.1','内网IP','{\"createBy\":\"admin\",\"default\":false,\"dictLabel\":\"新窗口\",\"dictSort\":1,\"dictType\":\"cms_link_open\",\"dictValue\":\"1\",\"listClass\":\"warning\",\"params\":{},\"remark\":\"在新窗口打开\",\"status\":\"0\"}','{\"msg\":\"操作成功\",\"code\":200}',0,NULL,'2022-11-15 15:56:47'),(349,'字典类型',1,'com.grace.web.controller.system.SysDictTypeController.add()','POST',1,'admin',NULL,'/system/dict/type','127.0.0.1','内网IP','{\"dictName\":\"链接类型\",\"dictType\":\"cms_link_open\",\"params\":{},\"status\":\"0\"}','{\"msg\":\"新增字典\'链接类型\'失败，字典类型已存在\",\"code\":500}',0,NULL,'2022-11-15 16:01:24'),(350,'字典类型',1,'com.grace.web.controller.system.SysDictTypeController.add()','POST',1,'admin',NULL,'/system/dict/type','127.0.0.1','内网IP','{\"createBy\":\"admin\",\"dictName\":\"链接类型\",\"dictType\":\"cms_link_type\",\"params\":{},\"status\":\"0\"}','{\"msg\":\"操作成功\",\"code\":200}',0,NULL,'2022-11-15 16:01:38'),(351,'字典数据',1,'com.grace.web.controller.system.SysDictDataController.add()','POST',1,'admin',NULL,'/system/dict/data','127.0.0.1','内网IP','{\"createBy\":\"admin\",\"default\":false,\"dictLabel\":\"友情链接\",\"dictSort\":1,\"dictType\":\"cms_link_type\",\"dictValue\":\"0\",\"listClass\":\"success\",\"params\":{},\"remark\":\"友情链接\",\"status\":\"0\"}','{\"msg\":\"操作成功\",\"code\":200}',0,NULL,'2022-11-15 16:02:38'),(352,'友情链接',1,'com.grace.web.controller.cms.CmsLinkController.add()','POST',1,'admin',NULL,'/cms/link','127.0.0.1','内网IP','{\"createTime\":\"2022-11-15 16:48:18.81\",\"groupName\":\"烦烦烦烦烦烦\",\"linkId\":4,\"linkName\":\"的犯规犯规得分\",\"linkType\":0,\"linkUrl\":\"smtp.163.com\",\"orderNum\":0,\"params\":{},\"visible\":0}','{\"msg\":\"操作成功\",\"code\":200}',0,NULL,'2022-11-15 16:48:18'),(353,'文件存储',3,'com.grace.web.controller.server.OssServerController.remove()','DELETE',1,'admin',NULL,'/server/oss/340,341,342,345,346,347,348,349,350,351','127.0.0.1','内网IP','{ids=340,341,342,345,346,347,348,349,350,351}','{\"msg\":\"操作成功\",\"code\":200}',0,NULL,'2022-11-16 00:42:45'),(354,'文件存储',3,'com.grace.web.controller.server.OssServerController.remove()','DELETE',1,'admin',NULL,'/server/oss/352,353,354,355,356,357,358,359,360,361','127.0.0.1','内网IP','{ids=352,353,354,355,356,357,358,359,360,361}','{\"msg\":\"操作成功\",\"code\":200}',0,NULL,'2022-11-16 00:42:50'),(355,'友情链接',1,'com.grace.web.controller.cms.CmsLinkController.add()','POST',1,'admin',NULL,'/cms/link','127.0.0.1','内网IP','{\"createTime\":\"2022-11-16 20:02:00.731\",\"groupName\":\"测试\",\"linkFavicon\":\"/server/oss/download/image/2022/11/16/44_20221116200123A001.png\",\"linkId\":5,\"linkName\":\"十分士大夫\",\"linkType\":0,\"linkUrl\":\"smtp.163.com\",\"orderNum\":0,\"params\":{},\"visible\":0}','{\"msg\":\"操作成功\",\"code\":200}',0,NULL,'2022-11-16 20:02:00'),(356,'友情链接',2,'com.grace.web.controller.cms.CmsLinkController.edit()','PUT',1,'admin',NULL,'/cms/link','127.0.0.1','内网IP','{\"createBy\":\"\",\"createTime\":\"2022-11-16 20:02:01\",\"groupName\":\"测试\",\"linkFavicon\":\"/dev-api/server/oss/download/image/2022/11/16/44_20221116200721A003.png\",\"linkId\":5,\"linkName\":\"十分士大夫\",\"linkType\":0,\"linkUrl\":\"smtp.163.com\",\"openType\":0,\"orderNum\":0,\"params\":{},\"updateBy\":\"\",\"updateTime\":\"2022-11-16 20:07:29.339\",\"visible\":0}','{\"msg\":\"操作成功\",\"code\":200}',0,NULL,'2022-11-16 20:07:29'),(357,'友情链接',2,'com.grace.web.controller.cms.CmsLinkController.edit()','PUT',1,'admin',NULL,'/cms/link','127.0.0.1','内网IP','{\"createBy\":\"\",\"createTime\":\"2022-11-15 16:48:19\",\"groupName\":\"烦烦烦烦烦烦\",\"linkFavicon\":\"/dev-api/server/oss/download/image/2022/11/16/404_20221116201854A004.png\",\"linkId\":4,\"linkName\":\"的犯规犯规得分\",\"linkType\":0,\"linkUrl\":\"smtp.163.com\",\"openType\":0,\"orderNum\":0,\"params\":{},\"updateBy\":\"\",\"updateTime\":\"2022-11-16 20:18:56.522\",\"visible\":0}','{\"msg\":\"操作成功\",\"code\":200}',0,NULL,'2022-11-16 20:18:56'),(358,'友情链接',3,'com.grace.web.controller.cms.CmsLinkController.remove()','DELETE',1,'admin',NULL,'/cms/link/1','127.0.0.1','内网IP','{linkIds=1}','{\"msg\":\"操作失败\",\"code\":500}',0,NULL,'2022-11-17 10:32:52'),(359,'友情链接',3,'com.grace.web.controller.cms.CmsLinkController.remove()','DELETE',1,'admin',NULL,'/cms/link/0','127.0.0.1','内网IP','{linkIds=0}','{\"msg\":\"操作失败\",\"code\":500}',0,NULL,'2022-11-17 10:33:12'),(360,'友情链接',2,'com.grace.web.controller.cms.CmsLinkController.updateVisible()','PUT',1,'admin',NULL,'/cms/link/visible/0/4,5','127.0.0.1','内网IP','0 [4,5]','{\"msg\":\"操作成功\",\"code\":200}',0,NULL,'2022-11-17 10:36:49'),(361,'友情链接',2,'com.grace.web.controller.cms.CmsLinkController.updateVisible()','PUT',1,'admin',NULL,'/cms/link/visible/1/4,5','127.0.0.1','内网IP','1 [4,5]','{\"msg\":\"操作成功\",\"code\":200}',0,NULL,'2022-11-17 10:36:55'),(362,'友情链接',2,'com.grace.web.controller.cms.CmsLinkController.updateOpenType()','PUT',1,'admin',NULL,'/cms/link/openType/1/4,5','127.0.0.1','内网IP','1 [4,5]','{\"msg\":\"操作成功\",\"code\":200}',0,NULL,'2022-11-17 10:39:49'),(363,'代码生成',3,'com.grace.generator.controller.GenController.remove()','DELETE',1,'admin',NULL,'/tool/gen/9','127.0.0.1','内网IP','{tableIds=9}','{\"msg\":\"操作成功\",\"code\":200}',0,NULL,'2022-11-17 15:45:22'),(364,'代码生成',2,'com.grace.generator.controller.GenController.editSave()','PUT',1,'admin',NULL,'/tool/gen','127.0.0.1','内网IP','{\"businessName\":\"tag\",\"className\":\"CmsTag\",\"columns\":[{\"capJavaField\":\"TagId\",\"columnComment\":\"标签id\",\"columnId\":123,\"columnName\":\"tag_id\",\"columnType\":\"bigint(20)\",\"createBy\":\"admin\",\"createTime\":\"2022-11-11 20:55:38\",\"dictType\":\"\",\"edit\":false,\"htmlType\":\"input\",\"increment\":true,\"insert\":true,\"isIncrement\":\"1\",\"isInsert\":\"1\",\"isPk\":\"1\",\"javaField\":\"tagId\",\"javaType\":\"Long\",\"list\":false,\"params\":{},\"pk\":true,\"query\":false,\"queryType\":\"EQ\",\"required\":false,\"sort\":1,\"superColumn\":false,\"tableId\":10,\"updateBy\":\"\",\"usableColumn\":false},{\"capJavaField\":\"TagName\",\"columnComment\":\"标签名\",\"columnId\":124,\"columnName\":\"tag_name\",\"columnType\":\"varchar(64)\",\"createBy\":\"admin\",\"createTime\":\"2022-11-11 20:55:38\",\"dictType\":\"\",\"edit\":true,\"htmlType\":\"input\",\"increment\":false,\"insert\":true,\"isEdit\":\"1\",\"isIncrement\":\"0\",\"isInsert\":\"1\",\"isList\":\"1\",\"isPk\":\"0\",\"isQuery\":\"1\",\"isRequired\":\"1\",\"javaField\":\"tagName\",\"javaType\":\"String\",\"list\":true,\"params\":{},\"pk\":false,\"query\":true,\"queryType\":\"LIKE\",\"required\":true,\"sort\":2,\"superColumn\":false,\"tableId\":10,\"updateBy\":\"\",\"usableColumn\":false},{\"capJavaField\":\"CreateBy\",\"columnComment\":\"创建人ID\",\"columnId\":125,\"columnName\":\"create_by\",\"columnType\":\"varchar(64)\",\"createBy\":\"admin\",\"createTime\":\"2022-11-11 20:55:38\",\"dictType\":\"\",\"edit\":false,\"htmlType\":\"input\",\"increment\":false,\"insert\":true,\"isIncrement\":\"0\",\"isInsert\":\"1\",\"isPk\":\"0\",\"javaField\":\"createBy\",\"javaType\":\"String\",\"list\":false,\"params\":{},\"pk\":false,\"query\":false,\"queryType\":\"EQ\",\"required\":false,\"sort\":3,\"superColumn\":true,\"tableId\":10,\"updateBy\":\"\",\"usableColumn\":false},{\"capJavaField\":\"CreateTime\",\"columnComment\":\"创建时间\",\"columnId\":126,\"columnName\":\"create_time\",\"columnType\":\"datetime\",\"createBy\":\"admin\",\"createTime\":\"2022-11-11 20:55:38\",\"dictType\":\"\",\"edit\":false,\"htmlType\":\"datetime\",\"increment\":false,\"insert\":true,\"isIncrement\":\"0\",\"isInsert\":\"1\",\"isPk\":\"0\",\"javaField\":\"createTime\",\"javaType\":\"Date\",\"list\":false,\"params\":{},\"pk\":false,\"query\":false,\"queryType\":\"EQ\",\"require','{\"msg\":\"操作成功\",\"code\":200}',0,NULL,'2022-11-17 15:45:46'),(365,'代码生成',2,'com.grace.generator.controller.GenController.editSave()','PUT',1,'admin',NULL,'/tool/gen','127.0.0.1','内网IP','{\"businessName\":\"tag\",\"className\":\"CmsTag\",\"columns\":[{\"capJavaField\":\"TagId\",\"columnComment\":\"标签id\",\"columnId\":123,\"columnName\":\"tag_id\",\"columnType\":\"bigint(20)\",\"createBy\":\"admin\",\"createTime\":\"2022-11-11 20:55:38\",\"dictType\":\"\",\"edit\":false,\"htmlType\":\"input\",\"increment\":true,\"insert\":true,\"isIncrement\":\"1\",\"isInsert\":\"1\",\"isPk\":\"1\",\"javaField\":\"tagId\",\"javaType\":\"Long\",\"list\":false,\"params\":{},\"pk\":true,\"query\":false,\"queryType\":\"EQ\",\"required\":false,\"sort\":1,\"superColumn\":false,\"tableId\":10,\"updateBy\":\"\",\"updateTime\":\"2022-11-17 15:45:46\",\"usableColumn\":false},{\"capJavaField\":\"TagName\",\"columnComment\":\"标签名\",\"columnId\":124,\"columnName\":\"tag_name\",\"columnType\":\"varchar(64)\",\"createBy\":\"admin\",\"createTime\":\"2022-11-11 20:55:38\",\"dictType\":\"\",\"edit\":true,\"htmlType\":\"input\",\"increment\":false,\"insert\":true,\"isEdit\":\"1\",\"isIncrement\":\"0\",\"isInsert\":\"1\",\"isList\":\"1\",\"isPk\":\"0\",\"isQuery\":\"1\",\"isRequired\":\"1\",\"javaField\":\"tagName\",\"javaType\":\"String\",\"list\":true,\"params\":{},\"pk\":false,\"query\":true,\"queryType\":\"LIKE\",\"required\":true,\"sort\":2,\"superColumn\":false,\"tableId\":10,\"updateBy\":\"\",\"updateTime\":\"2022-11-17 15:45:46\",\"usableColumn\":false},{\"capJavaField\":\"CreateBy\",\"columnComment\":\"创建人ID\",\"columnId\":125,\"columnName\":\"create_by\",\"columnType\":\"varchar(64)\",\"createBy\":\"admin\",\"createTime\":\"2022-11-11 20:55:38\",\"dictType\":\"\",\"edit\":false,\"htmlType\":\"input\",\"increment\":false,\"insert\":true,\"isIncrement\":\"0\",\"isInsert\":\"1\",\"isPk\":\"0\",\"javaField\":\"createBy\",\"javaType\":\"String\",\"list\":false,\"params\":{},\"pk\":false,\"query\":false,\"queryType\":\"EQ\",\"required\":false,\"sort\":3,\"superColumn\":true,\"tableId\":10,\"updateBy\":\"\",\"updateTime\":\"2022-11-17 15:45:46\",\"usableColumn\":false},{\"capJavaField\":\"CreateTime\",\"columnComment\":\"创建时间\",\"columnId\":126,\"columnName\":\"create_time\",\"columnType\":\"datetime\",\"createBy\":\"admin\",\"createTime\":\"2022-11-11 20:55:38\",\"dictType\":\"\",\"edit\":false,\"htmlType\":\"datetime\",\"increment\":false,\"insert\":true,\"isIncrement\":\"0\",\"isInsert\":\"1\",\"isPk\":\"0\",\"javaField\":\"','{\"msg\":\"操作成功\",\"code\":200}',0,NULL,'2022-11-17 15:46:52'),(366,'代码生成',2,'com.grace.generator.controller.GenController.editSave()','PUT',1,'admin',NULL,'/tool/gen','127.0.0.1','内网IP','{\"businessName\":\"tag\",\"className\":\"CmsTag\",\"columns\":[{\"capJavaField\":\"TagId\",\"columnComment\":\"标签id\",\"columnId\":123,\"columnName\":\"tag_id\",\"columnType\":\"bigint(20)\",\"createBy\":\"admin\",\"createTime\":\"2022-11-11 20:55:38\",\"dictType\":\"\",\"edit\":false,\"htmlType\":\"input\",\"increment\":true,\"insert\":true,\"isIncrement\":\"1\",\"isInsert\":\"1\",\"isPk\":\"1\",\"javaField\":\"tagId\",\"javaType\":\"Long\",\"list\":false,\"params\":{},\"pk\":true,\"query\":false,\"queryType\":\"EQ\",\"required\":false,\"sort\":1,\"superColumn\":false,\"tableId\":10,\"updateBy\":\"\",\"updateTime\":\"2022-11-17 15:46:51\",\"usableColumn\":false},{\"capJavaField\":\"TagName\",\"columnComment\":\"标签名\",\"columnId\":124,\"columnName\":\"tag_name\",\"columnType\":\"varchar(64)\",\"createBy\":\"admin\",\"createTime\":\"2022-11-11 20:55:38\",\"dictType\":\"\",\"edit\":true,\"htmlType\":\"input\",\"increment\":false,\"insert\":true,\"isEdit\":\"1\",\"isIncrement\":\"0\",\"isInsert\":\"1\",\"isList\":\"1\",\"isPk\":\"0\",\"isQuery\":\"1\",\"isRequired\":\"1\",\"javaField\":\"tagName\",\"javaType\":\"String\",\"list\":true,\"params\":{},\"pk\":false,\"query\":true,\"queryType\":\"LIKE\",\"required\":true,\"sort\":2,\"superColumn\":false,\"tableId\":10,\"updateBy\":\"\",\"updateTime\":\"2022-11-17 15:46:51\",\"usableColumn\":false},{\"capJavaField\":\"CreateBy\",\"columnComment\":\"创建人ID\",\"columnId\":125,\"columnName\":\"create_by\",\"columnType\":\"varchar(64)\",\"createBy\":\"admin\",\"createTime\":\"2022-11-11 20:55:38\",\"dictType\":\"\",\"edit\":false,\"htmlType\":\"input\",\"increment\":false,\"insert\":true,\"isIncrement\":\"0\",\"isInsert\":\"1\",\"isList\":\"1\",\"isPk\":\"0\",\"isQuery\":\"1\",\"javaField\":\"createBy\",\"javaType\":\"String\",\"list\":true,\"params\":{},\"pk\":false,\"query\":true,\"queryType\":\"EQ\",\"required\":false,\"sort\":3,\"superColumn\":true,\"tableId\":10,\"updateBy\":\"\",\"updateTime\":\"2022-11-17 15:46:51\",\"usableColumn\":false},{\"capJavaField\":\"CreateTime\",\"columnComment\":\"创建时间\",\"columnId\":126,\"columnName\":\"create_time\",\"columnType\":\"datetime\",\"createBy\":\"admin\",\"createTime\":\"2022-11-11 20:55:38\",\"dictType\":\"\",\"edit\":false,\"htmlType\":\"datetime\",\"increment\":false,\"insert\":true,\"isIncrement\":\"0\",\"isInsert\":\"1\"','{\"msg\":\"操作成功\",\"code\":200}',0,NULL,'2022-11-17 15:49:45'),(367,'代码生成',2,'com.grace.generator.controller.GenController.editSave()','PUT',1,'admin',NULL,'/tool/gen','127.0.0.1','内网IP','{\"businessName\":\"tag\",\"className\":\"CmsTag\",\"columns\":[{\"capJavaField\":\"TagId\",\"columnComment\":\"标签id\",\"columnId\":123,\"columnName\":\"tag_id\",\"columnType\":\"bigint(20)\",\"createBy\":\"admin\",\"createTime\":\"2022-11-11 20:55:38\",\"dictType\":\"\",\"edit\":false,\"htmlType\":\"input\",\"increment\":true,\"insert\":true,\"isIncrement\":\"1\",\"isInsert\":\"1\",\"isPk\":\"1\",\"javaField\":\"tagId\",\"javaType\":\"Long\",\"list\":false,\"params\":{},\"pk\":true,\"query\":false,\"queryType\":\"EQ\",\"required\":false,\"sort\":1,\"superColumn\":false,\"tableId\":10,\"updateBy\":\"\",\"updateTime\":\"2022-11-17 15:49:45\",\"usableColumn\":false},{\"capJavaField\":\"TagName\",\"columnComment\":\"标签名\",\"columnId\":124,\"columnName\":\"tag_name\",\"columnType\":\"varchar(64)\",\"createBy\":\"admin\",\"createTime\":\"2022-11-11 20:55:38\",\"dictType\":\"\",\"edit\":true,\"htmlType\":\"input\",\"increment\":false,\"insert\":true,\"isEdit\":\"1\",\"isIncrement\":\"0\",\"isInsert\":\"1\",\"isList\":\"1\",\"isPk\":\"0\",\"isQuery\":\"1\",\"isRequired\":\"1\",\"javaField\":\"tagName\",\"javaType\":\"String\",\"list\":true,\"params\":{},\"pk\":false,\"query\":true,\"queryType\":\"LIKE\",\"required\":true,\"sort\":2,\"superColumn\":false,\"tableId\":10,\"updateBy\":\"\",\"updateTime\":\"2022-11-17 15:49:45\",\"usableColumn\":false},{\"capJavaField\":\"CreateBy\",\"columnComment\":\"创建人ID\",\"columnId\":125,\"columnName\":\"create_by\",\"columnType\":\"varchar(64)\",\"createBy\":\"admin\",\"createTime\":\"2022-11-11 20:55:38\",\"dictType\":\"\",\"edit\":false,\"htmlType\":\"input\",\"increment\":false,\"insert\":true,\"isIncrement\":\"0\",\"isInsert\":\"1\",\"isList\":\"1\",\"isPk\":\"0\",\"isQuery\":\"1\",\"javaField\":\"createBy\",\"javaType\":\"String\",\"list\":true,\"params\":{},\"pk\":false,\"query\":true,\"queryType\":\"EQ\",\"required\":false,\"sort\":3,\"superColumn\":true,\"tableId\":10,\"updateBy\":\"\",\"updateTime\":\"2022-11-17 15:49:45\",\"usableColumn\":false},{\"capJavaField\":\"CreateTime\",\"columnComment\":\"创建时间\",\"columnId\":126,\"columnName\":\"create_time\",\"columnType\":\"datetime\",\"createBy\":\"admin\",\"createTime\":\"2022-11-11 20:55:38\",\"dictType\":\"\",\"edit\":false,\"htmlType\":\"datetime\",\"increment\":false,\"insert\":true,\"isIncrement\":\"0\",\"isInsert\":\"1\"','{\"msg\":\"操作成功\",\"code\":200}',0,NULL,'2022-11-17 15:50:15'),(368,'代码生成',2,'com.grace.generator.controller.GenController.editSave()','PUT',1,'admin',NULL,'/tool/gen','127.0.0.1','内网IP','{\"businessName\":\"tag\",\"className\":\"CmsTag\",\"columns\":[{\"capJavaField\":\"TagId\",\"columnComment\":\"标签id\",\"columnId\":123,\"columnName\":\"tag_id\",\"columnType\":\"bigint(20)\",\"createBy\":\"admin\",\"createTime\":\"2022-11-11 20:55:38\",\"dictType\":\"\",\"edit\":false,\"htmlType\":\"input\",\"increment\":true,\"insert\":true,\"isIncrement\":\"1\",\"isInsert\":\"1\",\"isPk\":\"1\",\"javaField\":\"tagId\",\"javaType\":\"Long\",\"list\":false,\"params\":{},\"pk\":true,\"query\":false,\"queryType\":\"EQ\",\"required\":false,\"sort\":1,\"superColumn\":false,\"tableId\":10,\"updateBy\":\"\",\"updateTime\":\"2022-11-17 15:50:15\",\"usableColumn\":false},{\"capJavaField\":\"TagName\",\"columnComment\":\"标签名\",\"columnId\":124,\"columnName\":\"tag_name\",\"columnType\":\"varchar(64)\",\"createBy\":\"admin\",\"createTime\":\"2022-11-11 20:55:38\",\"dictType\":\"\",\"edit\":true,\"htmlType\":\"input\",\"increment\":false,\"insert\":true,\"isEdit\":\"1\",\"isIncrement\":\"0\",\"isInsert\":\"1\",\"isList\":\"1\",\"isPk\":\"0\",\"isQuery\":\"1\",\"isRequired\":\"1\",\"javaField\":\"tagName\",\"javaType\":\"String\",\"list\":true,\"params\":{},\"pk\":false,\"query\":true,\"queryType\":\"LIKE\",\"required\":true,\"sort\":2,\"superColumn\":false,\"tableId\":10,\"updateBy\":\"\",\"updateTime\":\"2022-11-17 15:50:15\",\"usableColumn\":false},{\"capJavaField\":\"CreateBy\",\"columnComment\":\"创建人ID\",\"columnId\":125,\"columnName\":\"create_by\",\"columnType\":\"varchar(64)\",\"createBy\":\"admin\",\"createTime\":\"2022-11-11 20:55:38\",\"dictType\":\"\",\"edit\":false,\"htmlType\":\"input\",\"increment\":false,\"insert\":true,\"isIncrement\":\"0\",\"isInsert\":\"1\",\"isList\":\"1\",\"isPk\":\"0\",\"isQuery\":\"1\",\"javaField\":\"createBy\",\"javaType\":\"String\",\"list\":true,\"params\":{},\"pk\":false,\"query\":true,\"queryType\":\"EQ\",\"required\":false,\"sort\":3,\"superColumn\":true,\"tableId\":10,\"updateBy\":\"\",\"updateTime\":\"2022-11-17 15:50:15\",\"usableColumn\":false},{\"capJavaField\":\"CreateTime\",\"columnComment\":\"创建时间\",\"columnId\":126,\"columnName\":\"create_time\",\"columnType\":\"datetime\",\"createBy\":\"admin\",\"createTime\":\"2022-11-11 20:55:38\",\"dictType\":\"\",\"edit\":false,\"htmlType\":\"datetime\",\"increment\":false,\"insert\":true,\"isIncrement\":\"0\",\"isInsert\":\"1\"','{\"msg\":\"操作成功\",\"code\":200}',0,NULL,'2022-11-17 16:09:07'),(369,'代码生成',8,'com.grace.generator.controller.GenController.genCode()','GET',1,'admin',NULL,'/tool/gen/genCode/cms_tag','127.0.0.1','内网IP','{tableName=cms_tag}','{\"msg\":\"操作成功\",\"code\":200}',0,NULL,'2022-11-17 16:09:19'),(370,'代码生成',8,'com.grace.generator.controller.GenController.genCode()','GET',1,'admin',NULL,'/tool/gen/genCode/cms_tag','127.0.0.1','内网IP','{tableName=cms_tag}','{\"msg\":\"操作成功\",\"code\":200}',0,NULL,'2022-11-17 16:10:44'),(371,'代码生成',8,'com.grace.generator.controller.GenController.genCode()','GET',1,'admin',NULL,'/tool/gen/genCode/cms_tag','127.0.0.1','内网IP','{tableName=cms_tag}','{\"msg\":\"操作成功\",\"code\":200}',0,NULL,'2022-11-17 16:10:47'),(372,'代码生成',8,'com.grace.generator.controller.GenController.genCode()','GET',1,'admin',NULL,'/tool/gen/genCode/cms_tag','127.0.0.1','内网IP','{tableName=cms_tag}','{\"msg\":\"操作成功\",\"code\":200}',0,NULL,'2022-11-17 16:10:49'),(373,'代码生成',2,'com.grace.generator.controller.GenController.editSave()','PUT',1,'admin',NULL,'/tool/gen','127.0.0.1','内网IP','{\"businessName\":\"tag\",\"className\":\"CmsTag\",\"columns\":[{\"capJavaField\":\"TagId\",\"columnComment\":\"标签id\",\"columnId\":123,\"columnName\":\"tag_id\",\"columnType\":\"bigint(20)\",\"createBy\":\"admin\",\"createTime\":\"2022-11-11 20:55:38\",\"dictType\":\"\",\"edit\":false,\"htmlType\":\"input\",\"increment\":true,\"insert\":true,\"isIncrement\":\"1\",\"isInsert\":\"1\",\"isPk\":\"1\",\"javaField\":\"tagId\",\"javaType\":\"Long\",\"list\":false,\"params\":{},\"pk\":true,\"query\":false,\"queryType\":\"EQ\",\"required\":false,\"sort\":1,\"superColumn\":false,\"tableId\":10,\"updateBy\":\"\",\"updateTime\":\"2022-11-17 16:09:07\",\"usableColumn\":false},{\"capJavaField\":\"TagName\",\"columnComment\":\"标签名\",\"columnId\":124,\"columnName\":\"tag_name\",\"columnType\":\"varchar(64)\",\"createBy\":\"admin\",\"createTime\":\"2022-11-11 20:55:38\",\"dictType\":\"\",\"edit\":true,\"htmlType\":\"input\",\"increment\":false,\"insert\":true,\"isEdit\":\"1\",\"isIncrement\":\"0\",\"isInsert\":\"1\",\"isList\":\"1\",\"isPk\":\"0\",\"isQuery\":\"1\",\"isRequired\":\"1\",\"javaField\":\"tagName\",\"javaType\":\"String\",\"list\":true,\"params\":{},\"pk\":false,\"query\":true,\"queryType\":\"LIKE\",\"required\":true,\"sort\":2,\"superColumn\":false,\"tableId\":10,\"updateBy\":\"\",\"updateTime\":\"2022-11-17 16:09:07\",\"usableColumn\":false},{\"capJavaField\":\"CreateBy\",\"columnComment\":\"创建人ID\",\"columnId\":125,\"columnName\":\"create_by\",\"columnType\":\"varchar(64)\",\"createBy\":\"admin\",\"createTime\":\"2022-11-11 20:55:38\",\"dictType\":\"\",\"edit\":false,\"htmlType\":\"input\",\"increment\":false,\"insert\":true,\"isIncrement\":\"0\",\"isInsert\":\"1\",\"isList\":\"1\",\"isPk\":\"0\",\"isQuery\":\"1\",\"javaField\":\"createBy\",\"javaType\":\"String\",\"list\":true,\"params\":{},\"pk\":false,\"query\":true,\"queryType\":\"EQ\",\"required\":false,\"sort\":3,\"superColumn\":true,\"tableId\":10,\"updateBy\":\"\",\"updateTime\":\"2022-11-17 16:09:07\",\"usableColumn\":false},{\"capJavaField\":\"CreateTime\",\"columnComment\":\"创建时间\",\"columnId\":126,\"columnName\":\"create_time\",\"columnType\":\"datetime\",\"createBy\":\"admin\",\"createTime\":\"2022-11-11 20:55:38\",\"dictType\":\"\",\"edit\":false,\"htmlType\":\"datetime\",\"increment\":false,\"insert\":true,\"isIncrement\":\"0\",\"isInsert\":\"1\"','{\"msg\":\"操作成功\",\"code\":200}',0,NULL,'2022-11-17 16:13:49'),(374,'代码生成',8,'com.grace.generator.controller.GenController.batchGenCode()','GET',1,'admin',NULL,'/tool/gen/batchGenCode','127.0.0.1','内网IP','{}',NULL,0,NULL,'2022-11-17 16:13:52'),(375,'菜单管理',1,'com.grace.web.controller.system.SysMenuController.add()','POST',1,'admin',NULL,'/system/menu','127.0.0.1','内网IP','{\"children\":[],\"createBy\":\"admin\",\"isCache\":\"0\",\"isFrame\":\"1\",\"menuName\":\"链接查询\",\"menuType\":\"F\",\"orderNum\":1,\"params\":{},\"parentId\":2019,\"perms\":\"cms:link:query\",\"status\":\"0\",\"visible\":\"0\"}','{\"msg\":\"操作成功\",\"code\":200}',0,NULL,'2022-11-17 19:02:58'),(376,'菜单管理',1,'com.grace.web.controller.system.SysMenuController.add()','POST',1,'admin',NULL,'/system/menu','127.0.0.1','内网IP','{\"children\":[],\"createBy\":\"admin\",\"isCache\":\"0\",\"isFrame\":\"1\",\"menuName\":\"添加链接\",\"menuType\":\"F\",\"orderNum\":2,\"params\":{},\"parentId\":2019,\"perms\":\"cms:link:add\",\"status\":\"0\",\"visible\":\"0\"}','{\"msg\":\"操作成功\",\"code\":200}',0,NULL,'2022-11-17 19:03:53'),(377,'菜单管理',1,'com.grace.web.controller.system.SysMenuController.add()','POST',1,'admin',NULL,'/system/menu','127.0.0.1','内网IP','{\"children\":[],\"createBy\":\"admin\",\"isCache\":\"0\",\"isFrame\":\"1\",\"menuName\":\"编辑链接\",\"menuType\":\"F\",\"orderNum\":3,\"params\":{},\"parentId\":2019,\"perms\":\"cms:link:edit\",\"status\":\"0\",\"visible\":\"0\"}','{\"msg\":\"操作成功\",\"code\":200}',0,NULL,'2022-11-17 19:04:18'),(378,'菜单管理',1,'com.grace.web.controller.system.SysMenuController.add()','POST',1,'admin',NULL,'/system/menu','127.0.0.1','内网IP','{\"children\":[],\"createBy\":\"admin\",\"isCache\":\"0\",\"isFrame\":\"1\",\"menuName\":\"删除链接\",\"menuType\":\"F\",\"orderNum\":4,\"params\":{},\"parentId\":2019,\"perms\":\"cms:link:remove\",\"status\":\"0\",\"visible\":\"0\"}','{\"msg\":\"操作成功\",\"code\":200}',0,NULL,'2022-11-17 19:04:53'),(379,'菜单管理',1,'com.grace.web.controller.system.SysMenuController.add()','POST',1,'admin',NULL,'/system/menu','127.0.0.1','内网IP','{\"children\":[],\"component\":\"cms/tag/index\",\"createBy\":\"admin\",\"icon\":\"dict\",\"isCache\":\"0\",\"isFrame\":\"1\",\"menuName\":\"标签管理\",\"menuType\":\"C\",\"orderNum\":2,\"params\":{},\"parentId\":2013,\"path\":\"tag\",\"perms\":\"cms:tag:list\",\"status\":\"0\",\"visible\":\"0\"}','{\"msg\":\"操作成功\",\"code\":200}',0,NULL,'2022-11-17 19:08:03'),(380,'菜单管理',1,'com.grace.web.controller.system.SysMenuController.add()','POST',1,'admin',NULL,'/system/menu','127.0.0.1','内网IP','{\"children\":[],\"createBy\":\"admin\",\"isCache\":\"0\",\"isFrame\":\"1\",\"menuName\":\"标签查询\",\"menuType\":\"F\",\"orderNum\":1,\"params\":{},\"parentId\":2024,\"perms\":\"cms:tag:query\",\"status\":\"0\",\"visible\":\"0\"}','{\"msg\":\"操作成功\",\"code\":200}',0,NULL,'2022-11-17 19:10:30'),(381,'菜单管理',1,'com.grace.web.controller.system.SysMenuController.add()','POST',1,'admin',NULL,'/system/menu','127.0.0.1','内网IP','{\"children\":[],\"createBy\":\"admin\",\"isCache\":\"0\",\"isFrame\":\"1\",\"menuName\":\"添加标签\",\"menuType\":\"F\",\"orderNum\":2,\"params\":{},\"parentId\":2024,\"perms\":\"cms:tag:add\",\"status\":\"0\",\"visible\":\"0\"}','{\"msg\":\"操作成功\",\"code\":200}',0,NULL,'2022-11-17 19:10:54'),(382,'菜单管理',1,'com.grace.web.controller.system.SysMenuController.add()','POST',1,'admin',NULL,'/system/menu','127.0.0.1','内网IP','{\"children\":[],\"createBy\":\"admin\",\"isCache\":\"0\",\"isFrame\":\"1\",\"menuName\":\"编辑标签\",\"menuType\":\"F\",\"orderNum\":3,\"params\":{},\"parentId\":2024,\"perms\":\"cms:tag:edit\",\"status\":\"0\",\"visible\":\"0\"}','{\"msg\":\"操作成功\",\"code\":200}',0,NULL,'2022-11-17 19:11:20'),(383,'菜单管理',1,'com.grace.web.controller.system.SysMenuController.add()','POST',1,'admin',NULL,'/system/menu','127.0.0.1','内网IP','{\"children\":[],\"createBy\":\"admin\",\"isCache\":\"0\",\"isFrame\":\"1\",\"menuName\":\"删除标签\",\"menuType\":\"F\",\"orderNum\":4,\"params\":{},\"parentId\":2024,\"perms\":\"cms:tag:remove\",\"status\":\"0\",\"visible\":\"0\"}','{\"msg\":\"操作成功\",\"code\":200}',0,NULL,'2022-11-17 19:11:48'),(384,'字典类型',1,'com.grace.web.controller.system.SysDictTypeController.add()','POST',1,'admin',NULL,'/system/dict/type','127.0.0.1','内网IP','{\"createBy\":\"admin\",\"dictName\":\"标签类型\",\"dictType\":\"cms_tag_type\",\"params\":{},\"remark\":\"标签类型\",\"status\":\"0\"}','{\"msg\":\"操作成功\",\"code\":200}',0,NULL,'2022-11-17 22:42:57'),(385,'字典数据',1,'com.grace.web.controller.system.SysDictDataController.add()','POST',1,'admin',NULL,'/system/dict/data','127.0.0.1','内网IP','{\"createBy\":\"admin\",\"default\":false,\"dictLabel\":\"文档\",\"dictSort\":1,\"dictType\":\"cms_tag_type\",\"dictValue\":\"0\",\"listClass\":\"success\",\"params\":{},\"remark\":\"文档类型\",\"status\":\"0\"}','{\"msg\":\"操作成功\",\"code\":200}',0,NULL,'2022-11-17 22:43:27'),(386,'内容标签',1,'com.grace.web.controller.cms.CmsTagController.add()','POST',1,'admin',NULL,'/cms/tag','127.0.0.1','内网IP','{\"createBy\":\"admin\",\"orderNum\":0,\"params\":{},\"tagCount\":0,\"tagIco\":\"/dev-api/server/oss/download/image/2022/11/17/44_20221117224352A001.png\",\"tagId\":6,\"tagName\":\"测试\",\"tagType\":0,\"visible\":0}','{\"msg\":\"操作成功\",\"code\":200}',0,NULL,'2022-11-17 22:44:03'),(387,'代码生成',3,'com.grace.generator.controller.GenController.remove()','DELETE',1,'admin',NULL,'/tool/gen/10','127.0.0.1','内网IP','{tableIds=10}','{\"msg\":\"操作成功\",\"code\":200}',0,NULL,'2022-11-18 16:34:50'),(388,'代码生成',2,'com.grace.generator.controller.GenController.editSave()','PUT',1,'admin',NULL,'/tool/gen','127.0.0.1','内网IP','{\"businessName\":\"cat\",\"className\":\"CmsCat\",\"columns\":[{\"capJavaField\":\"CatId\",\"columnComment\":\"分类id\",\"columnId\":57,\"columnName\":\"cat_id\",\"columnType\":\"bigint(20)\",\"createBy\":\"admin\",\"createTime\":\"2022-11-11 20:55:38\",\"dictType\":\"\",\"edit\":false,\"htmlType\":\"input\",\"increment\":true,\"insert\":true,\"isIncrement\":\"1\",\"isInsert\":\"1\",\"isPk\":\"1\",\"javaField\":\"catId\",\"javaType\":\"Long\",\"list\":false,\"params\":{},\"pk\":true,\"query\":false,\"queryType\":\"EQ\",\"required\":false,\"sort\":1,\"superColumn\":false,\"tableId\":6,\"updateBy\":\"\",\"usableColumn\":false},{\"capJavaField\":\"CatName\",\"columnComment\":\"分类名字\",\"columnId\":58,\"columnName\":\"cat_name\",\"columnType\":\"varchar(255)\",\"createBy\":\"admin\",\"createTime\":\"2022-11-11 20:55:38\",\"dictType\":\"\",\"edit\":true,\"htmlType\":\"input\",\"increment\":false,\"insert\":true,\"isEdit\":\"1\",\"isIncrement\":\"0\",\"isInsert\":\"1\",\"isList\":\"1\",\"isPk\":\"0\",\"isQuery\":\"1\",\"isRequired\":\"1\",\"javaField\":\"catName\",\"javaType\":\"String\",\"list\":true,\"params\":{},\"pk\":false,\"query\":true,\"queryType\":\"LIKE\",\"required\":true,\"sort\":2,\"superColumn\":false,\"tableId\":6,\"updateBy\":\"\",\"usableColumn\":false},{\"capJavaField\":\"CatIcon\",\"columnComment\":\"栏目图标\",\"columnId\":59,\"columnName\":\"cat_icon\",\"columnType\":\"varchar(255)\",\"createBy\":\"admin\",\"createTime\":\"2022-11-11 20:55:38\",\"dictType\":\"\",\"edit\":true,\"htmlType\":\"input\",\"increment\":false,\"insert\":true,\"isEdit\":\"1\",\"isIncrement\":\"0\",\"isInsert\":\"1\",\"isList\":\"1\",\"isPk\":\"0\",\"isQuery\":\"1\",\"javaField\":\"catIcon\",\"javaType\":\"String\",\"list\":true,\"params\":{},\"pk\":false,\"query\":true,\"queryType\":\"EQ\",\"required\":false,\"sort\":3,\"superColumn\":false,\"tableId\":6,\"updateBy\":\"\",\"usableColumn\":false},{\"capJavaField\":\"Visible\",\"columnComment\":\"是否显示(0不显示)\",\"columnId\":60,\"columnName\":\"visible\",\"columnType\":\"tinyint(1)\",\"createBy\":\"admin\",\"createTime\":\"2022-11-11 20:55:38\",\"dictType\":\"\",\"edit\":true,\"htmlType\":\"input\",\"increment\":false,\"insert\":true,\"isEdit\":\"1\",\"isIncrement\":\"0\",\"isInsert\":\"1\",\"isList\":\"1\",\"isPk\":\"0\",\"isQuery\":\"1\",\"isRequired\":\"1\",\"javaField\":\"visible\",\"javaType\":\"','{\"msg\":\"操作成功\",\"code\":200}',0,NULL,'2022-11-18 16:37:01'),(389,'字典类型',2,'com.grace.web.controller.system.SysDictTypeController.edit()','PUT',1,'admin',NULL,'/system/dict/type','127.0.0.1','内网IP','{\"createBy\":\"admin\",\"createTime\":\"2022-11-17 22:42:57\",\"dictId\":111,\"dictName\":\"支持类型\",\"dictType\":\"cms_support_type\",\"params\":{},\"remark\":\"支持类型\",\"status\":\"0\",\"updateBy\":\"admin\"}','{\"msg\":\"操作成功\",\"code\":200}',0,NULL,'2022-11-18 16:40:13'),(390,'代码生成',2,'com.grace.generator.controller.GenController.editSave()','PUT',1,'admin',NULL,'/tool/gen','127.0.0.1','内网IP','{\"businessName\":\"cat\",\"className\":\"CmsCat\",\"columns\":[{\"capJavaField\":\"CatId\",\"columnComment\":\"分类id\",\"columnId\":57,\"columnName\":\"cat_id\",\"columnType\":\"bigint(20)\",\"createBy\":\"admin\",\"createTime\":\"2022-11-11 20:55:38\",\"dictType\":\"\",\"edit\":false,\"htmlType\":\"input\",\"increment\":true,\"insert\":true,\"isIncrement\":\"1\",\"isInsert\":\"1\",\"isList\":\"1\",\"isPk\":\"1\",\"javaField\":\"catId\",\"javaType\":\"Long\",\"list\":true,\"params\":{},\"pk\":true,\"query\":false,\"queryType\":\"EQ\",\"required\":false,\"sort\":1,\"superColumn\":false,\"tableId\":6,\"updateBy\":\"\",\"updateTime\":\"2022-11-18 16:37:01\",\"usableColumn\":false},{\"capJavaField\":\"CatName\",\"columnComment\":\"分类名字\",\"columnId\":58,\"columnName\":\"cat_name\",\"columnType\":\"varchar(255)\",\"createBy\":\"admin\",\"createTime\":\"2022-11-11 20:55:38\",\"dictType\":\"\",\"edit\":true,\"htmlType\":\"input\",\"increment\":false,\"insert\":true,\"isEdit\":\"1\",\"isIncrement\":\"0\",\"isInsert\":\"1\",\"isList\":\"1\",\"isPk\":\"0\",\"isQuery\":\"1\",\"isRequired\":\"1\",\"javaField\":\"catName\",\"javaType\":\"String\",\"list\":true,\"params\":{},\"pk\":false,\"query\":true,\"queryType\":\"LIKE\",\"required\":true,\"sort\":2,\"superColumn\":false,\"tableId\":6,\"updateBy\":\"\",\"updateTime\":\"2022-11-18 16:37:01\",\"usableColumn\":false},{\"capJavaField\":\"CatIcon\",\"columnComment\":\"栏目图标\",\"columnId\":59,\"columnName\":\"cat_icon\",\"columnType\":\"varchar(255)\",\"createBy\":\"admin\",\"createTime\":\"2022-11-11 20:55:38\",\"dictType\":\"\",\"edit\":true,\"htmlType\":\"input\",\"increment\":false,\"insert\":true,\"isEdit\":\"1\",\"isIncrement\":\"0\",\"isInsert\":\"1\",\"isList\":\"1\",\"isPk\":\"0\",\"isQuery\":\"1\",\"javaField\":\"catIcon\",\"javaType\":\"String\",\"list\":true,\"params\":{},\"pk\":false,\"query\":true,\"queryType\":\"EQ\",\"required\":false,\"sort\":3,\"superColumn\":false,\"tableId\":6,\"updateBy\":\"\",\"updateTime\":\"2022-11-18 16:37:01\",\"usableColumn\":false},{\"capJavaField\":\"Visible\",\"columnComment\":\"状态\",\"columnId\":60,\"columnName\":\"visible\",\"columnType\":\"tinyint(1)\",\"createBy\":\"admin\",\"createTime\":\"2022-11-11 20:55:38\",\"dictType\":\"sys_show_hide\",\"edit\":true,\"htmlType\":\"radio\",\"increment\":false,\"insert\":true,\"isEdit\":\"1\",','{\"msg\":\"操作成功\",\"code\":200}',0,NULL,'2022-11-18 16:42:52'),(391,'代码生成',8,'com.grace.generator.controller.GenController.batchGenCode()','GET',1,'admin',NULL,'/tool/gen/batchGenCode','127.0.0.1','内网IP','{}',NULL,0,NULL,'2022-11-18 16:48:39'),(392,'角色管理',2,'com.grace.web.controller.system.SysRoleController.changeStatus()','PUT',1,'admin',NULL,'/system/role/changeStatus','127.0.0.1','内网IP','{\"admin\":true,\"deptCheckStrictly\":false,\"flag\":false,\"menuCheckStrictly\":false,\"params\":{},\"roleId\":1,\"status\":\"1\"}',NULL,1,'不允许操作超级管理员角色','2022-11-18 19:06:02'),(393,'角色管理',2,'com.grace.web.controller.system.SysRoleController.changeStatus()','PUT',1,'admin',NULL,'/system/role/changeStatus','127.0.0.1','内网IP','{\"admin\":false,\"deptCheckStrictly\":false,\"flag\":false,\"menuCheckStrictly\":false,\"params\":{},\"roleId\":2,\"status\":\"1\",\"updateBy\":\"admin\"}','{\"msg\":\"操作成功\",\"code\":200}',0,NULL,'2022-11-18 19:06:07'),(394,'角色管理',2,'com.grace.web.controller.system.SysRoleController.changeStatus()','PUT',1,'admin',NULL,'/system/role/changeStatus','127.0.0.1','内网IP','{\"admin\":false,\"deptCheckStrictly\":false,\"flag\":false,\"menuCheckStrictly\":false,\"params\":{},\"roleId\":2,\"status\":\"0\",\"updateBy\":\"admin\"}','{\"msg\":\"操作成功\",\"code\":200}',0,NULL,'2022-11-18 19:06:09'),(395,'字典类型',1,'com.grace.web.controller.system.SysDictTypeController.add()','POST',1,'admin',NULL,'/system/dict/type','127.0.0.1','内网IP','{\"createBy\":\"admin\",\"dictName\":\"内容是否\",\"dictType\":\"cms_yse_no\",\"params\":{},\"remark\":\"内容是否\",\"status\":\"0\"}','{\"msg\":\"操作成功\",\"code\":200}',0,NULL,'2022-11-18 19:12:38'),(396,'字典数据',1,'com.grace.web.controller.system.SysDictDataController.add()','POST',1,'admin',NULL,'/system/dict/data','127.0.0.1','内网IP','{\"createBy\":\"admin\",\"default\":false,\"dictLabel\":\"是\",\"dictSort\":0,\"dictType\":\"cms_yse_no\",\"dictValue\":\"0\",\"listClass\":\"success\",\"params\":{},\"remark\":\"是yas\",\"status\":\"0\"}','{\"msg\":\"操作成功\",\"code\":200}',0,NULL,'2022-11-18 19:13:33'),(397,'字典数据',1,'com.grace.web.controller.system.SysDictDataController.add()','POST',1,'admin',NULL,'/system/dict/data','127.0.0.1','内网IP','{\"createBy\":\"admin\",\"default\":false,\"dictLabel\":\"否\",\"dictSort\":1,\"dictType\":\"cms_yse_no\",\"dictValue\":\"1\",\"listClass\":\"warning\",\"params\":{},\"remark\":\"否N\",\"status\":\"0\"}','{\"msg\":\"操作成功\",\"code\":200}',0,NULL,'2022-11-18 19:14:05'),(398,'字典类型',2,'com.grace.web.controller.system.SysDictTypeController.edit()','PUT',1,'admin',NULL,'/system/dict/type','127.0.0.1','内网IP','{\"createBy\":\"admin\",\"createTime\":\"2022-10-13 22:28:22\",\"dictId\":2,\"dictName\":\"状态状态\",\"dictType\":\"cms_show_hide\",\"params\":{},\"remark\":\"状态显示或者隐藏\",\"status\":\"0\",\"updateBy\":\"admin\"}','{\"msg\":\"操作成功\",\"code\":200}',0,NULL,'2022-11-18 19:15:50'),(399,'字典类型',2,'com.grace.web.controller.system.SysDictTypeController.edit()','PUT',1,'admin',NULL,'/system/dict/type','127.0.0.1','内网IP','{\"createBy\":\"admin\",\"createTime\":\"2022-10-13 22:28:22\",\"dictId\":2,\"dictName\":\"系统状态\",\"dictType\":\"sys_show_hide\",\"params\":{},\"remark\":\"状态显示或者隐藏\",\"status\":\"0\",\"updateBy\":\"admin\"}','{\"msg\":\"操作成功\",\"code\":200}',0,NULL,'2022-11-18 19:19:02'),(400,'菜单管理',1,'com.grace.web.controller.system.SysMenuController.add()','POST',1,'admin',NULL,'/system/menu','127.0.0.1','内网IP','{\"children\":[],\"component\":\"cms/category/index\",\"createBy\":\"admin\",\"icon\":\"cascader\",\"isCache\":\"0\",\"isFrame\":\"1\",\"menuName\":\"分类管理\",\"menuType\":\"C\",\"orderNum\":3,\"params\":{},\"parentId\":2013,\"path\":\"cms\",\"perms\":\"cms:category:view\",\"status\":\"0\",\"visible\":\"0\"}','{\"msg\":\"操作成功\",\"code\":200}',0,NULL,'2022-11-18 22:28:57'),(401,'字典类型',2,'com.grace.web.controller.system.SysDictTypeController.edit()','PUT',1,'admin',NULL,'/system/dict/type','127.0.0.1','内网IP','{\"createBy\":\"admin\",\"createTime\":\"2022-11-18 19:12:38\",\"dictId\":112,\"dictName\":\"内容是否\",\"dictType\":\"cms_yes_no\",\"params\":{},\"remark\":\"内容是否\",\"status\":\"0\",\"updateBy\":\"admin\"}','{\"msg\":\"操作成功\",\"code\":200}',0,NULL,'2022-11-18 22:52:35'),(402,'分类',1,'com.grace.web.controller.cms.CmsCategoryController.add()','POST',1,'admin',NULL,'/cms/category','127.0.0.1','内网IP','{\"ancestors\":\"0\",\"catCount\":0,\"catId\":50,\"catName\":\"cesad\",\"catType\":0,\"orderNum\":0,\"params\":{},\"parent\":0,\"parentId\":0,\"visible\":0}','{\"msg\":\"操作成功\",\"code\":200}',0,NULL,'2022-11-18 22:52:59'),(403,'分类',2,'com.grace.web.controller.cms.CmsCategoryController.edit()','PUT',1,'admin',NULL,'/cms/category','127.0.0.1','内网IP','{\"ancestors\":\"0\",\"catCount\":0,\"catId\":50,\"catName\":\"cesad\",\"catPassCount\":0,\"catType\":0,\"createBy\":\"\",\"createTime\":\"2022-11-18 22:52:59\",\"orderNum\":0,\"params\":{},\"parent\":0,\"parentId\":0,\"updateBy\":\"\",\"visible\":0}','{\"msg\":\"操作成功\",\"code\":200}',0,NULL,'2022-11-19 00:49:22'),(404,'内容标签',2,'com.grace.web.controller.cms.CmsTagController.edit()','PUT',1,'admin',NULL,'/cms/tag','127.0.0.1','内网IP','{\"createBy\":\"admin\",\"createTime\":\"2022-11-17 22:44:03\",\"orderNum\":0,\"params\":{},\"tagCount\":0,\"tagIco\":\"/dev-api/server/oss/download/image/2022/11/19/44_20221119012101A009.png\",\"tagId\":6,\"tagName\":\"测试\",\"tagPassCount\":0,\"tagType\":0,\"updateBy\":\"admin\",\"visible\":0}','{\"msg\":\"操作成功\",\"code\":200}',0,NULL,'2022-11-19 01:21:04'),(405,'内容标签',2,'com.grace.web.controller.cms.CmsTagController.edit()','PUT',1,'admin',NULL,'/cms/tag','127.0.0.1','内网IP','{\"createBy\":\"admin\",\"createTime\":\"2022-11-17 22:44:03\",\"orderNum\":0,\"params\":{},\"tagCount\":0,\"tagIco\":\"/dev-api/server/oss/download/image/2022/11/19/44_20221119085109A001.png\",\"tagId\":6,\"tagName\":\"测试\",\"tagPassCount\":0,\"tagType\":0,\"updateBy\":\"admin\",\"updateTime\":\"2022-11-19 01:21:04\",\"visible\":0}','{\"msg\":\"操作成功\",\"code\":200}',0,NULL,'2022-11-19 08:51:11'),(406,'内容标签',1,'com.grace.web.controller.cms.CmsTagController.add()','POST',1,'admin',NULL,'/cms/tag','127.0.0.1','内网IP','{\"createBy\":\"admin\",\"orderNum\":1,\"params\":{},\"tagCount\":0,\"tagIco\":\"/dev-api/server/oss/download/image/2022/11/19/44_20221119085117A002.png\",\"tagId\":7,\"tagName\":\"你说的发生的\",\"tagType\":0,\"visible\":0}','{\"msg\":\"操作成功\",\"code\":200}',0,NULL,'2022-11-19 08:51:34'),(407,'内容标签',2,'com.grace.web.controller.cms.CmsTagController.edit()','PUT',1,'admin',NULL,'/cms/tag','127.0.0.1','内网IP','{\"createBy\":\"admin\",\"createTime\":\"2022-11-17 22:44:03\",\"orderNum\":0,\"params\":{},\"tagCount\":0,\"tagIco\":\"/dev-api/server/oss/download/image/2022/11/19/44_20221119085215A003.png\",\"tagId\":6,\"tagName\":\"测试\",\"tagPassCount\":0,\"tagType\":0,\"updateBy\":\"admin\",\"updateTime\":\"2022-11-19 08:51:11\",\"visible\":0}','{\"msg\":\"操作成功\",\"code\":200}',0,NULL,'2022-11-19 08:52:19'),(408,'内容标签',2,'com.grace.web.controller.cms.CmsTagController.edit()','PUT',1,'admin',NULL,'/cms/tag','127.0.0.1','内网IP','{\"createBy\":\"admin\",\"createTime\":\"2022-11-17 22:44:03\",\"orderNum\":0,\"params\":{},\"tagCount\":0,\"tagIco\":\"/dev-api/server/oss/download/image/2022/11/19/44_20221119085215A003.png\",\"tagId\":6,\"tagName\":\"测试\",\"tagPassCount\":0,\"tagType\":0,\"updateBy\":\"admin\",\"updateTime\":\"2022-11-19 08:52:18\",\"visible\":0}','{\"msg\":\"操作成功\",\"code\":200}',0,NULL,'2022-11-19 08:54:23'),(409,'分类',1,'com.grace.web.controller.cms.CmsCategoryController.add()','POST',1,'admin',NULL,'/cms/category','127.0.0.1','内网IP','{\"ancestors\":\"0,50\",\"catCount\":0,\"catId\":51,\"catName\":\"我是子类\",\"catType\":0,\"catUrl\":\"smtp.163.com\",\"orderNum\":0,\"params\":{},\"parent\":1,\"parentId\":50,\"visible\":0}','{\"msg\":\"操作成功\",\"code\":200}',0,NULL,'2022-11-19 08:57:24'),(410,'代码生成',3,'com.grace.generator.controller.GenController.remove()','DELETE',1,'admin',NULL,'/tool/gen/6','127.0.0.1','内网IP','{tableIds=6}','{\"msg\":\"操作成功\",\"code\":200}',0,NULL,'2022-11-19 09:00:10'),(411,'代码生成',3,'com.grace.generator.controller.GenController.remove()','DELETE',1,'admin',NULL,'/tool/gen/8','127.0.0.1','内网IP','{tableIds=8}','{\"msg\":\"操作成功\",\"code\":200}',0,NULL,'2022-11-19 09:00:16'),(412,'代码生成',6,'com.grace.generator.controller.GenController.importTableSave()','POST',1,'admin',NULL,'/tool/gen/importTable','127.0.0.1','内网IP','\"cms_column\"','{\"msg\":\"操作成功\",\"code\":200}',0,NULL,'2022-11-19 09:00:47'),(413,'代码生成',2,'com.grace.generator.controller.GenController.editSave()','PUT',1,'admin',NULL,'/tool/gen','127.0.0.1','内网IP','{\"businessName\":\"column\",\"className\":\"CmsColumn\",\"columns\":[{\"capJavaField\":\"ColumnId\",\"columnComment\":\"栏目导航id\",\"columnId\":149,\"columnName\":\"column_id\",\"columnType\":\"bigint(20)\",\"createBy\":\"admin\",\"createTime\":\"2022-11-19 09:00:47\",\"dictType\":\"\",\"edit\":false,\"htmlType\":\"input\",\"increment\":true,\"insert\":true,\"isIncrement\":\"1\",\"isInsert\":\"1\",\"isPk\":\"1\",\"javaField\":\"columnId\",\"javaType\":\"Long\",\"list\":false,\"params\":{},\"pk\":true,\"query\":false,\"queryType\":\"EQ\",\"required\":false,\"sort\":1,\"superColumn\":false,\"tableId\":12,\"updateBy\":\"\",\"usableColumn\":false},{\"capJavaField\":\"ColumnName\",\"columnComment\":\"栏目名字\",\"columnId\":150,\"columnName\":\"column_name\",\"columnType\":\"varchar(255)\",\"createBy\":\"admin\",\"createTime\":\"2022-11-19 09:00:47\",\"dictType\":\"\",\"edit\":true,\"htmlType\":\"input\",\"increment\":false,\"insert\":true,\"isEdit\":\"1\",\"isIncrement\":\"0\",\"isInsert\":\"1\",\"isList\":\"1\",\"isPk\":\"0\",\"isQuery\":\"1\",\"isRequired\":\"1\",\"javaField\":\"columnName\",\"javaType\":\"String\",\"list\":true,\"params\":{},\"pk\":false,\"query\":true,\"queryType\":\"LIKE\",\"required\":true,\"sort\":2,\"superColumn\":false,\"tableId\":12,\"updateBy\":\"\",\"usableColumn\":false},{\"capJavaField\":\"ColumnIcon\",\"columnComment\":\"栏目图标\",\"columnId\":151,\"columnName\":\"column_icon\",\"columnType\":\"varchar(255)\",\"createBy\":\"admin\",\"createTime\":\"2022-11-19 09:00:47\",\"dictType\":\"\",\"edit\":true,\"htmlType\":\"input\",\"increment\":false,\"insert\":true,\"isEdit\":\"1\",\"isIncrement\":\"0\",\"isInsert\":\"1\",\"isList\":\"1\",\"isPk\":\"0\",\"isQuery\":\"1\",\"javaField\":\"columnIcon\",\"javaType\":\"String\",\"list\":true,\"params\":{},\"pk\":false,\"query\":true,\"queryType\":\"EQ\",\"required\":false,\"sort\":3,\"superColumn\":false,\"tableId\":12,\"updateBy\":\"\",\"usableColumn\":false},{\"capJavaField\":\"Visible\",\"columnComment\":\"是否显示(1显示，0不显示)\",\"columnId\":152,\"columnName\":\"visible\",\"columnType\":\"tinyint(1)\",\"createBy\":\"admin\",\"createTime\":\"2022-11-19 09:00:47\",\"dictType\":\"sys_show_hide\",\"edit\":true,\"htmlType\":\"select\",\"increment\":false,\"insert\":true,\"isEdit\":\"1\",\"isIncrement\":\"0\",\"isInsert\":\"1\",\"isList\":\"1\",\"isPk\":\"0\",\"isQu','{\"msg\":\"操作成功\",\"code\":200}',0,NULL,'2022-11-19 09:04:48'),(414,'代码生成',2,'com.grace.generator.controller.GenController.synchDb()','GET',1,'admin',NULL,'/tool/gen/synchDb/cms_column','127.0.0.1','内网IP','{tableName=cms_column}','{\"msg\":\"操作成功\",\"code\":200}',0,NULL,'2022-11-19 09:12:02'),(415,'代码生成',2,'com.grace.generator.controller.GenController.editSave()','PUT',1,'admin',NULL,'/tool/gen','127.0.0.1','内网IP','{\"businessName\":\"column\",\"className\":\"CmsColumn\",\"columns\":[{\"capJavaField\":\"ColumnId\",\"columnComment\":\"导航ID\",\"columnId\":149,\"columnName\":\"column_id\",\"columnType\":\"bigint(20)\",\"createBy\":\"admin\",\"createTime\":\"2022-11-19 09:00:47\",\"dictType\":\"\",\"edit\":false,\"htmlType\":\"input\",\"increment\":true,\"insert\":true,\"isIncrement\":\"1\",\"isInsert\":\"1\",\"isPk\":\"1\",\"javaField\":\"columnId\",\"javaType\":\"Long\",\"list\":false,\"params\":{},\"pk\":true,\"query\":false,\"queryType\":\"EQ\",\"required\":false,\"sort\":1,\"superColumn\":false,\"tableId\":12,\"updateBy\":\"\",\"updateTime\":\"2022-11-19 09:12:01\",\"usableColumn\":false},{\"capJavaField\":\"ColumnName\",\"columnComment\":\"栏目名字\",\"columnId\":150,\"columnName\":\"column_name\",\"columnType\":\"varchar(255)\",\"createBy\":\"admin\",\"createTime\":\"2022-11-19 09:00:47\",\"dictType\":\"\",\"edit\":true,\"htmlType\":\"input\",\"increment\":false,\"insert\":true,\"isEdit\":\"1\",\"isIncrement\":\"0\",\"isInsert\":\"1\",\"isList\":\"1\",\"isPk\":\"0\",\"isQuery\":\"1\",\"isRequired\":\"1\",\"javaField\":\"columnName\",\"javaType\":\"String\",\"list\":true,\"params\":{},\"pk\":false,\"query\":true,\"queryType\":\"LIKE\",\"required\":true,\"sort\":2,\"superColumn\":false,\"tableId\":12,\"updateBy\":\"\",\"updateTime\":\"2022-11-19 09:12:01\",\"usableColumn\":false},{\"capJavaField\":\"ColumnIcon\",\"columnComment\":\"栏目图标\",\"columnId\":151,\"columnName\":\"column_icon\",\"columnType\":\"varchar(255)\",\"createBy\":\"admin\",\"createTime\":\"2022-11-19 09:00:47\",\"dictType\":\"\",\"edit\":true,\"htmlType\":\"textarea\",\"increment\":false,\"insert\":true,\"isEdit\":\"1\",\"isIncrement\":\"0\",\"isInsert\":\"1\",\"isList\":\"1\",\"isPk\":\"0\",\"isQuery\":\"1\",\"javaField\":\"columnIcon\",\"javaType\":\"String\",\"list\":true,\"params\":{},\"pk\":false,\"query\":true,\"queryType\":\"EQ\",\"required\":false,\"sort\":3,\"superColumn\":false,\"tableId\":12,\"updateBy\":\"\",\"updateTime\":\"2022-11-19 09:12:01\",\"usableColumn\":false},{\"capJavaField\":\"Visible\",\"columnComment\":\"状态\",\"columnId\":152,\"columnName\":\"visible\",\"columnType\":\"tinyint(1)\",\"createBy\":\"admin\",\"createTime\":\"2022-11-19 09:00:47\",\"dictType\":\"sys_show_hide\",\"edit\":true,\"htmlType\":\"input\",\"increment\":fa','{\"msg\":\"操作成功\",\"code\":200}',0,NULL,'2022-11-19 09:20:25'),(416,'菜单管理',2,'com.grace.web.controller.system.SysMenuController.edit()','PUT',1,'admin',NULL,'/system/menu','127.0.0.1','内网IP','{\"children\":[],\"component\":\"monitor/server/index\",\"createTime\":\"2022-10-13 22:28:19\",\"icon\":\"server\",\"isCache\":\"0\",\"isFrame\":\"1\",\"menuId\":112,\"menuName\":\"服务监控\",\"menuType\":\"C\",\"orderNum\":4,\"params\":{},\"parentId\":2,\"path\":\"server\",\"perms\":\"monitor:server:list\",\"query\":\"\",\"status\":\"0\",\"updateBy\":\"admin\",\"visible\":\"0\"}','{\"msg\":\"操作成功\",\"code\":200}',0,NULL,'2022-11-19 16:14:17'),(417,'菜单管理',2,'com.grace.web.controller.system.SysMenuController.edit()','PUT',1,'admin',NULL,'/system/menu','127.0.0.1','内网IP','{\"children\":[],\"component\":\"monitor/server/index\",\"createTime\":\"2022-10-13 22:28:19\",\"icon\":\"server\",\"isCache\":\"0\",\"isFrame\":\"1\",\"menuId\":112,\"menuName\":\"服务监控\",\"menuType\":\"C\",\"orderNum\":4,\"params\":{},\"parentId\":2,\"path\":\"server\",\"perms\":\"monitor:server:list\",\"query\":\"\",\"status\":\"0\",\"updateBy\":\"admin\",\"visible\":\"0\"}','{\"msg\":\"操作成功\",\"code\":200}',0,NULL,'2022-11-19 16:16:54'),(418,'菜单管理',2,'com.grace.web.controller.system.SysMenuController.edit()','PUT',1,'admin',NULL,'/system/menu','127.0.0.1','内网IP','{\"children\":[],\"component\":\"monitor/server/index\",\"createTime\":\"2022-10-13 22:28:19\",\"icon\":\"server\",\"isCache\":\"0\",\"isFrame\":\"1\",\"menuId\":112,\"menuName\":\"服务监控\",\"menuType\":\"C\",\"orderNum\":4,\"params\":{},\"parentId\":2,\"path\":\"server\",\"perms\":\"monitor:server:list\",\"query\":\"\",\"status\":\"0\",\"updateBy\":\"admin\",\"visible\":\"0\"}','{\"msg\":\"操作成功\",\"code\":200}',0,NULL,'2022-11-19 16:20:50'),(419,'代码生成',8,'com.grace.generator.controller.GenController.batchGenCode()','GET',1,'admin',NULL,'/tool/gen/batchGenCode','127.0.0.1','内网IP','{}',NULL,0,NULL,'2022-11-19 16:23:06'),(420,'代码生成',2,'com.grace.generator.controller.GenController.editSave()','PUT',1,'admin',NULL,'/tool/gen','127.0.0.1','内网IP','{\"businessName\":\"column\",\"className\":\"CmsColumn\",\"columns\":[{\"capJavaField\":\"ColumnId\",\"columnComment\":\"导航ID\",\"columnId\":149,\"columnName\":\"column_id\",\"columnType\":\"bigint(20)\",\"createBy\":\"admin\",\"createTime\":\"2022-11-19 09:00:47\",\"dictType\":\"\",\"edit\":false,\"htmlType\":\"input\",\"increment\":true,\"insert\":true,\"isIncrement\":\"1\",\"isInsert\":\"1\",\"isPk\":\"1\",\"javaField\":\"columnId\",\"javaType\":\"Long\",\"list\":false,\"params\":{},\"pk\":true,\"query\":false,\"queryType\":\"EQ\",\"required\":false,\"sort\":1,\"superColumn\":false,\"tableId\":12,\"updateBy\":\"\",\"updateTime\":\"2022-11-19 09:20:24\",\"usableColumn\":false},{\"capJavaField\":\"ColumnName\",\"columnComment\":\"栏目名字\",\"columnId\":150,\"columnName\":\"column_name\",\"columnType\":\"varchar(255)\",\"createBy\":\"admin\",\"createTime\":\"2022-11-19 09:00:47\",\"dictType\":\"\",\"edit\":true,\"htmlType\":\"input\",\"increment\":false,\"insert\":true,\"isEdit\":\"1\",\"isIncrement\":\"0\",\"isInsert\":\"1\",\"isList\":\"1\",\"isPk\":\"0\",\"isQuery\":\"1\",\"isRequired\":\"1\",\"javaField\":\"columnName\",\"javaType\":\"String\",\"list\":true,\"params\":{},\"pk\":false,\"query\":true,\"queryType\":\"LIKE\",\"required\":true,\"sort\":2,\"superColumn\":false,\"tableId\":12,\"updateBy\":\"\",\"updateTime\":\"2022-11-19 09:20:25\",\"usableColumn\":false},{\"capJavaField\":\"ColumnIcon\",\"columnComment\":\"栏目图标\",\"columnId\":151,\"columnName\":\"column_icon\",\"columnType\":\"varchar(255)\",\"createBy\":\"admin\",\"createTime\":\"2022-11-19 09:00:47\",\"dictType\":\"\",\"edit\":true,\"htmlType\":\"textarea\",\"increment\":false,\"insert\":true,\"isEdit\":\"1\",\"isIncrement\":\"0\",\"isInsert\":\"1\",\"isList\":\"1\",\"isPk\":\"0\",\"isQuery\":\"1\",\"javaField\":\"columnIcon\",\"javaType\":\"String\",\"list\":true,\"params\":{},\"pk\":false,\"query\":true,\"queryType\":\"EQ\",\"required\":false,\"sort\":3,\"superColumn\":false,\"tableId\":12,\"updateBy\":\"\",\"updateTime\":\"2022-11-19 09:20:25\",\"usableColumn\":false},{\"capJavaField\":\"Visible\",\"columnComment\":\"状态\",\"columnId\":152,\"columnName\":\"visible\",\"columnType\":\"tinyint(1)\",\"createBy\":\"admin\",\"createTime\":\"2022-11-19 09:00:47\",\"dictType\":\"sys_show_hide\",\"edit\":true,\"htmlType\":\"input\",\"increment\":fa','{\"msg\":\"操作成功\",\"code\":200}',0,NULL,'2022-11-19 16:23:42'),(421,'代码生成',8,'com.grace.generator.controller.GenController.batchGenCode()','GET',1,'admin',NULL,'/tool/gen/batchGenCode','127.0.0.1','内网IP','{}',NULL,0,NULL,'2022-11-19 16:23:44'),(422,'菜单管理',1,'com.grace.web.controller.system.SysMenuController.add()','POST',1,'admin',NULL,'/system/menu','127.0.0.1','内网IP','{\"children\":[],\"component\":\"monitor/server/index\",\"createBy\":\"admin\",\"icon\":\"tab\",\"isCache\":\"0\",\"isFrame\":\"1\",\"menuName\":\"菜单管理\",\"menuType\":\"C\",\"orderNum\":3,\"params\":{},\"parentId\":2013,\"path\":\"server\",\"perms\":\"cms:column:list\",\"status\":\"0\",\"visible\":\"0\"}','{\"msg\":\"操作成功\",\"code\":200}',0,NULL,'2022-11-19 16:34:39'),(423,'菜单管理',2,'com.grace.web.controller.system.SysMenuController.edit()','PUT',1,'admin',NULL,'/system/menu','127.0.0.1','内网IP','{\"children\":[],\"component\":\"monitor/server/index\",\"createTime\":\"2022-10-13 22:28:19\",\"icon\":\"server\",\"isCache\":\"0\",\"isFrame\":\"1\",\"menuId\":112,\"menuName\":\"服务监控\",\"menuType\":\"C\",\"orderNum\":4,\"params\":{},\"parentId\":2,\"path\":\"server\",\"perms\":\"monitor:server:list\",\"query\":\"\",\"status\":\"0\",\"updateBy\":\"admin\",\"visible\":\"0\"}','{\"msg\":\"操作成功\",\"code\":200}',0,NULL,'2022-11-19 16:36:11'),(424,'菜单管理',2,'com.grace.web.controller.system.SysMenuController.edit()','PUT',1,'admin',NULL,'/system/menu','127.0.0.1','内网IP','{\"children\":[],\"component\":\"monitor/server/index\",\"createTime\":\"2022-11-19 16:34:39\",\"icon\":\"tab\",\"isCache\":\"0\",\"isFrame\":\"1\",\"menuId\":2030,\"menuName\":\"菜单管理\",\"menuType\":\"C\",\"orderNum\":3,\"params\":{},\"parentId\":2013,\"path\":\"server\",\"perms\":\"cms:column:list\",\"status\":\"0\",\"updateBy\":\"admin\",\"visible\":\"0\"}','{\"msg\":\"操作成功\",\"code\":200}',0,NULL,'2022-11-19 16:37:41'),(425,'菜单管理',2,'com.grace.web.controller.system.SysMenuController.edit()','PUT',1,'admin',NULL,'/system/menu','127.0.0.1','内网IP','{\"children\":[],\"component\":\"monitor/server/index\",\"createTime\":\"2022-11-19 16:34:39\",\"icon\":\"tab\",\"isCache\":\"0\",\"isFrame\":\"1\",\"menuId\":2030,\"menuName\":\"菜单管理\",\"menuType\":\"C\",\"orderNum\":3,\"params\":{},\"parentId\":2,\"path\":\"server\",\"perms\":\"cms:column:list\",\"status\":\"0\",\"updateBy\":\"admin\",\"visible\":\"0\"}','{\"msg\":\"操作成功\",\"code\":200}',0,NULL,'2022-11-19 16:38:13'),(426,'菜单管理',2,'com.grace.web.controller.system.SysMenuController.edit()','PUT',1,'admin',NULL,'/system/menu','127.0.0.1','内网IP','{\"children\":[],\"component\":\"monitor/server/index\",\"createTime\":\"2022-11-19 16:34:39\",\"icon\":\"tab\",\"isCache\":\"0\",\"isFrame\":\"1\",\"menuId\":2030,\"menuName\":\"服务监控\",\"menuType\":\"C\",\"orderNum\":3,\"params\":{},\"parentId\":2,\"path\":\"server\",\"perms\":\"monitor:server:list\",\"status\":\"0\",\"visible\":\"0\"}','{\"msg\":\"修改菜单\'服务监控\'失败，菜单名称已存在\",\"code\":500}',0,NULL,'2022-11-19 16:39:22'),(427,'菜单管理',2,'com.grace.web.controller.system.SysMenuController.edit()','PUT',1,'admin',NULL,'/system/menu','127.0.0.1','内网IP','{\"children\":[],\"component\":\"monitor/server/index\",\"createTime\":\"2022-11-19 16:34:39\",\"icon\":\"tab\",\"isCache\":\"0\",\"isFrame\":\"1\",\"menuId\":2030,\"menuName\":\"服务监控1\",\"menuType\":\"C\",\"orderNum\":3,\"params\":{},\"parentId\":2,\"path\":\"server\",\"perms\":\"monitor:server:list\",\"status\":\"0\",\"updateBy\":\"admin\",\"visible\":\"0\"}','{\"msg\":\"操作成功\",\"code\":200}',0,NULL,'2022-11-19 16:39:27'),(428,'菜单管理',2,'com.grace.web.controller.system.SysMenuController.edit()','PUT',1,'admin',NULL,'/system/menu','127.0.0.1','内网IP','{\"children\":[],\"component\":\"cms/column/index\",\"createTime\":\"2022-11-19 16:34:39\",\"icon\":\"tab\",\"isCache\":\"0\",\"isFrame\":\"1\",\"menuId\":2030,\"menuName\":\"菜单管理\",\"menuType\":\"C\",\"orderNum\":3,\"params\":{},\"parentId\":2,\"path\":\"cms\",\"perms\":\"cms:column:list\",\"status\":\"0\",\"updateBy\":\"admin\",\"visible\":\"0\"}','{\"msg\":\"操作成功\",\"code\":200}',0,NULL,'2022-11-19 16:41:00'),(429,'菜单管理',2,'com.grace.web.controller.system.SysMenuController.edit()','PUT',1,'admin',NULL,'/system/menu','127.0.0.1','内网IP','{\"children\":[],\"component\":\"cms/column/index\",\"createTime\":\"2022-11-19 16:34:39\",\"icon\":\"tab\",\"isCache\":\"0\",\"isFrame\":\"1\",\"menuId\":2030,\"menuName\":\"菜单管理\",\"menuType\":\"C\",\"orderNum\":3,\"params\":{},\"parentId\":2013,\"path\":\"cms\",\"perms\":\"cms:column:list\",\"status\":\"0\",\"updateBy\":\"admin\",\"visible\":\"0\"}','{\"msg\":\"操作成功\",\"code\":200}',0,NULL,'2022-11-19 16:41:31'),(430,'菜单管理',2,'com.grace.web.controller.system.SysMenuController.edit()','PUT',1,'admin',NULL,'/system/menu','127.0.0.1','内网IP','{\"children\":[],\"createTime\":\"2022-11-13 19:47:02\",\"icon\":\"nested\",\"isCache\":\"0\",\"isFrame\":\"1\",\"menuId\":2013,\"menuName\":\"内容管理\",\"menuType\":\"M\",\"orderNum\":5,\"params\":{},\"parentId\":0,\"path\":\"cms\",\"perms\":\"\",\"status\":\"0\",\"updateBy\":\"admin\",\"visible\":\"0\"}','{\"msg\":\"操作成功\",\"code\":200}',0,NULL,'2022-11-19 16:42:39'),(431,'菜单管理',2,'com.grace.web.controller.system.SysMenuController.edit()','PUT',1,'admin',NULL,'/system/menu','127.0.0.1','内网IP','{\"children\":[],\"component\":\"cms/column/index\",\"createTime\":\"2022-11-19 16:34:39\",\"icon\":\"tab\",\"isCache\":\"0\",\"isFrame\":\"1\",\"menuId\":2030,\"menuName\":\"菜单管理\",\"menuType\":\"C\",\"orderNum\":3,\"params\":{},\"parentId\":2013,\"path\":\"column\",\"perms\":\"cms:column:list\",\"status\":\"0\",\"updateBy\":\"admin\",\"visible\":\"0\"}','{\"msg\":\"操作成功\",\"code\":200}',0,NULL,'2022-11-19 16:42:58'),(432,'菜单管理',2,'com.grace.web.controller.system.SysMenuController.edit()','PUT',1,'admin',NULL,'/system/menu','127.0.0.1','内网IP','{\"children\":[],\"component\":\"monitor/server/index\",\"createTime\":\"2022-10-13 22:28:19\",\"icon\":\"server\",\"isCache\":\"0\",\"isFrame\":\"1\",\"menuId\":112,\"menuName\":\"服务监控\",\"menuType\":\"C\",\"orderNum\":4,\"params\":{},\"parentId\":2,\"path\":\"server\",\"perms\":\"monitor:server:list\",\"query\":\"\",\"status\":\"0\",\"updateBy\":\"admin\",\"visible\":\"0\"}','{\"msg\":\"操作成功\",\"code\":200}',0,NULL,'2022-11-19 16:44:28'),(433,'菜单管理',1,'com.grace.web.controller.system.SysMenuController.add()','POST',1,'admin',NULL,'/system/menu','127.0.0.1','内网IP','{\"children\":[],\"component\":\"monitor/server/index\",\"createBy\":\"admin\",\"icon\":\"button\",\"isCache\":\"0\",\"isFrame\":\"1\",\"menuName\":\"gggggg\",\"menuType\":\"C\",\"orderNum\":1,\"params\":{},\"parentId\":2,\"path\":\"server\",\"status\":\"0\",\"visible\":\"0\"}','{\"msg\":\"操作成功\",\"code\":200}',0,NULL,'2022-11-19 16:45:01'),(434,'菜单管理',2,'com.grace.web.controller.system.SysMenuController.edit()','PUT',1,'admin',NULL,'/system/menu','127.0.0.1','内网IP','{\"children\":[],\"component\":\"monitor/server/index\",\"createTime\":\"2022-11-19 16:45:01\",\"icon\":\"button\",\"isCache\":\"0\",\"isFrame\":\"1\",\"menuId\":2031,\"menuName\":\"gggggg\",\"menuType\":\"C\",\"orderNum\":1,\"params\":{},\"parentId\":2,\"path\":\"server\",\"perms\":\"\",\"status\":\"0\",\"updateBy\":\"admin\",\"visible\":\"0\"}','{\"msg\":\"操作成功\",\"code\":200}',0,NULL,'2022-11-19 16:46:20'),(435,'菜单管理',2,'com.grace.web.controller.system.SysMenuController.edit()','PUT',1,'admin',NULL,'/system/menu','127.0.0.1','内网IP','{\"children\":[],\"component\":\"monitor/server/index\",\"createTime\":\"2022-10-13 22:28:19\",\"icon\":\"server\",\"isCache\":\"0\",\"isFrame\":\"1\",\"menuId\":112,\"menuName\":\"服务监控\",\"menuType\":\"C\",\"orderNum\":4,\"params\":{},\"parentId\":2,\"path\":\"server\",\"perms\":\"monitor:server:list\",\"query\":\"\",\"status\":\"0\",\"updateBy\":\"admin\",\"visible\":\"0\"}','{\"msg\":\"操作成功\",\"code\":200}',0,NULL,'2022-11-19 19:50:33'),(436,'菜单管理',2,'com.grace.web.controller.system.SysMenuController.edit()','PUT',1,'admin',NULL,'/system/menu','127.0.0.1','内网IP','{\"children\":[],\"component\":\"monitor/server/index\",\"createTime\":\"2022-10-13 22:28:19\",\"icon\":\"server\",\"isCache\":\"0\",\"isFrame\":\"1\",\"menuId\":112,\"menuName\":\"服务监控\",\"menuType\":\"C\",\"orderNum\":4,\"params\":{},\"parentId\":2,\"path\":\"server\",\"perms\":\"monitor:server:list\",\"query\":\"\",\"status\":\"0\",\"updateBy\":\"admin\",\"visible\":\"0\"}','{\"msg\":\"操作成功\",\"code\":200}',0,NULL,'2022-11-19 19:51:46'),(437,'菜单管理',2,'com.grace.web.controller.system.SysMenuController.edit()','PUT',1,'admin',NULL,'/system/menu','127.0.0.1','内网IP','{\"children\":[],\"createTime\":\"2022-10-13 22:28:18\",\"icon\":\"monitor\",\"isCache\":\"0\",\"isFrame\":\"1\",\"menuId\":2,\"menuName\":\"系统监控\",\"menuType\":\"M\",\"orderNum\":2,\"params\":{},\"parentId\":0,\"path\":\"monitor\",\"perms\":\"\",\"query\":\"\",\"status\":\"0\",\"updateBy\":\"admin\",\"visible\":\"0\"}','{\"msg\":\"操作成功\",\"code\":200}',0,NULL,'2022-11-19 19:51:56'),(438,'菜单管理',2,'com.grace.web.controller.system.SysMenuController.edit()','PUT',1,'admin',NULL,'/system/menu','127.0.0.1','内网IP','{\"children\":[],\"component\":\"monitor/server/index\",\"createTime\":\"2022-11-19 16:45:01\",\"icon\":\"button\",\"isCache\":\"0\",\"isFrame\":\"1\",\"menuId\":2031,\"menuName\":\"gggggg\",\"menuType\":\"C\",\"orderNum\":1,\"params\":{},\"parentId\":2013,\"path\":\"cms\",\"perms\":\"\",\"status\":\"0\",\"updateBy\":\"admin\",\"visible\":\"0\"}','{\"msg\":\"操作成功\",\"code\":200}',0,NULL,'2022-11-19 19:53:05'),(439,'菜单管理',2,'com.grace.web.controller.system.SysMenuController.edit()','PUT',1,'admin',NULL,'/system/menu','127.0.0.1','内网IP','{\"children\":[],\"component\":\"monitor/server/index\",\"createTime\":\"2022-11-19 16:45:01\",\"icon\":\"button\",\"isCache\":\"0\",\"isFrame\":\"1\",\"menuId\":2031,\"menuName\":\"gggggg\",\"menuType\":\"C\",\"orderNum\":1,\"params\":{},\"parentId\":2013,\"path\":\"server\",\"perms\":\"\",\"status\":\"0\",\"updateBy\":\"admin\",\"visible\":\"0\"}','{\"msg\":\"操作成功\",\"code\":200}',0,NULL,'2022-11-19 19:55:31'),(440,'菜单管理',2,'com.grace.web.controller.system.SysMenuController.edit()','PUT',1,'admin',NULL,'/system/menu','127.0.0.1','内网IP','{\"children\":[],\"component\":\"monitor/server/index\",\"createTime\":\"2022-10-13 22:28:19\",\"icon\":\"server\",\"isCache\":\"0\",\"isFrame\":\"1\",\"menuId\":112,\"menuName\":\"服务监控\",\"menuType\":\"C\",\"orderNum\":4,\"params\":{},\"parentId\":2,\"path\":\"ui\",\"perms\":\"monitor:server:list\",\"query\":\"\",\"status\":\"0\",\"updateBy\":\"admin\",\"visible\":\"0\"}','{\"msg\":\"操作成功\",\"code\":200}',0,NULL,'2022-11-19 20:17:36'),(441,'菜单管理',2,'com.grace.web.controller.system.SysMenuController.edit()','PUT',1,'admin',NULL,'/system/menu','127.0.0.1','内网IP','{\"children\":[],\"component\":\"monitor/ui/index\",\"createTime\":\"2022-10-13 22:28:19\",\"icon\":\"server\",\"isCache\":\"0\",\"isFrame\":\"1\",\"menuId\":112,\"menuName\":\"服务监控\",\"menuType\":\"C\",\"orderNum\":4,\"params\":{},\"parentId\":2,\"path\":\"ui\",\"perms\":\"monitor:server:list\",\"query\":\"\",\"status\":\"0\",\"updateBy\":\"admin\",\"visible\":\"0\"}','{\"msg\":\"操作成功\",\"code\":200}',0,NULL,'2022-11-19 20:18:23'),(442,'菜单管理',2,'com.grace.web.controller.system.SysMenuController.edit()','PUT',1,'admin',NULL,'/system/menu','127.0.0.1','内网IP','{\"children\":[],\"component\":\"monitor/server/index\",\"createTime\":\"2022-10-13 22:28:19\",\"icon\":\"server\",\"isCache\":\"0\",\"isFrame\":\"1\",\"menuId\":112,\"menuName\":\"服务监控\",\"menuType\":\"C\",\"orderNum\":4,\"params\":{},\"parentId\":2,\"path\":\"server\",\"perms\":\"monitor:server:list\",\"query\":\"\",\"status\":\"0\",\"updateBy\":\"admin\",\"visible\":\"0\"}','{\"msg\":\"操作成功\",\"code\":200}',0,NULL,'2022-11-19 20:20:22'),(443,'菜单管理',2,'com.grace.web.controller.system.SysMenuController.edit()','PUT',1,'admin',NULL,'/system/menu','127.0.0.1','内网IP','{\"children\":[],\"component\":\"monitor/system/index\",\"createTime\":\"2022-10-13 22:28:19\",\"icon\":\"server\",\"isCache\":\"0\",\"isFrame\":\"1\",\"menuId\":112,\"menuName\":\"服务监控\",\"menuType\":\"C\",\"orderNum\":4,\"params\":{},\"parentId\":2,\"path\":\"system\",\"perms\":\"monitor:server:list\",\"query\":\"\",\"status\":\"0\",\"updateBy\":\"admin\",\"visible\":\"0\"}','{\"msg\":\"操作成功\",\"code\":200}',0,NULL,'2022-11-19 20:25:07'),(444,'角色管理',2,'com.grace.web.controller.system.SysRoleController.changeStatus()','PUT',1,'admin',NULL,'/system/role/changeStatus','127.0.0.1','内网IP','{\"admin\":true,\"deptCheckStrictly\":false,\"flag\":false,\"menuCheckStrictly\":false,\"params\":{},\"roleId\":1,\"status\":\"1\"}',NULL,1,'不允许操作超级管理员角色','2022-11-19 20:35:56'),(445,'菜单管理',2,'com.grace.web.controller.system.SysMenuController.edit()','PUT',1,'admin',NULL,'/system/menu','127.0.0.1','内网IP','{\"children\":[],\"createTime\":\"2022-11-01 13:51:16\",\"icon\":\"server\",\"isCache\":\"0\",\"isFrame\":\"1\",\"menuId\":2000,\"menuName\":\"系统服务\",\"menuType\":\"M\",\"orderNum\":4,\"params\":{},\"parentId\":0,\"path\":\"server\",\"perms\":\"\",\"status\":\"0\",\"updateBy\":\"admin\",\"visible\":\"0\"}','{\"msg\":\"操作成功\",\"code\":200}',0,NULL,'2022-11-19 20:36:31'),(446,'菜单管理',2,'com.grace.web.controller.system.SysMenuController.edit()','PUT',1,'admin',NULL,'/system/menu','127.0.0.1','内网IP','{\"children\":[],\"component\":\"server/oss/index\",\"createTime\":\"2022-11-01 13:54:18\",\"icon\":\"documentation\",\"isCache\":\"0\",\"isFrame\":\"1\",\"menuId\":2001,\"menuName\":\"储存服务\",\"menuType\":\"C\",\"orderNum\":1,\"params\":{},\"parentId\":2000,\"path\":\"oss\",\"perms\":\"server:oss:list\",\"status\":\"0\",\"updateBy\":\"admin\",\"visible\":\"0\"}','{\"msg\":\"操作成功\",\"code\":200}',0,NULL,'2022-11-19 20:36:42'),(447,'菜单管理',2,'com.grace.web.controller.system.SysMenuController.edit()','PUT',1,'admin',NULL,'/system/menu','127.0.0.1','内网IP','{\"children\":[],\"component\":\"server/mail/index\",\"createTime\":\"2022-11-07 19:13:32\",\"icon\":\"email\",\"isCache\":\"0\",\"isFrame\":\"1\",\"menuId\":2002,\"menuName\":\"邮件服务\",\"menuType\":\"C\",\"orderNum\":2,\"params\":{},\"parentId\":2000,\"path\":\"mail\",\"perms\":\"server:mail:list\",\"status\":\"0\",\"updateBy\":\"admin\",\"visible\":\"0\"}','{\"msg\":\"操作成功\",\"code\":200}',0,NULL,'2022-11-19 20:36:48'),(448,'菜单管理',2,'com.grace.web.controller.system.SysMenuController.edit()','PUT',1,'admin',NULL,'/system/menu','127.0.0.1','内网IP','{\"children\":[],\"component\":\"monitor/server/index\",\"createTime\":\"2022-10-13 22:28:19\",\"icon\":\"server\",\"isCache\":\"0\",\"isFrame\":\"1\",\"menuId\":112,\"menuName\":\"服务监控\",\"menuType\":\"C\",\"orderNum\":4,\"params\":{},\"parentId\":2,\"path\":\"server\",\"perms\":\"monitor:server:list\",\"query\":\"\",\"status\":\"1\",\"updateBy\":\"admin\",\"visible\":\"0\"}','{\"msg\":\"操作成功\",\"code\":200}',0,NULL,'2022-11-19 20:44:58'),(449,'菜单管理',2,'com.grace.web.controller.system.SysMenuController.edit()','PUT',1,'admin',NULL,'/system/menu','127.0.0.1','内网IP','{\"children\":[],\"createTime\":\"2022-11-13 19:47:02\",\"icon\":\"nested\",\"isCache\":\"0\",\"isFrame\":\"1\",\"menuId\":2013,\"menuName\":\"内容管理\",\"menuType\":\"M\",\"orderNum\":5,\"params\":{},\"parentId\":0,\"path\":\"cms\",\"perms\":\"\",\"status\":\"1\",\"updateBy\":\"admin\",\"visible\":\"0\"}','{\"msg\":\"操作成功\",\"code\":200}',0,NULL,'2022-11-19 20:45:26'),(450,'菜单管理',2,'com.grace.web.controller.system.SysMenuController.edit()','PUT',1,'admin',NULL,'/system/menu','127.0.0.1','内网IP','{\"children\":[],\"component\":\"monitor/server/index\",\"createTime\":\"2022-10-13 22:28:19\",\"icon\":\"server\",\"isCache\":\"0\",\"isFrame\":\"1\",\"menuId\":112,\"menuName\":\"服务监控\",\"menuType\":\"C\",\"orderNum\":4,\"params\":{},\"parentId\":2,\"path\":\"server\",\"perms\":\"monitor:server:list\",\"query\":\"\",\"status\":\"0\",\"updateBy\":\"admin\",\"visible\":\"0\"}','{\"msg\":\"操作成功\",\"code\":200}',0,NULL,'2022-11-19 20:46:15'),(451,'菜单管理',2,'com.grace.web.controller.system.SysMenuController.edit()','PUT',1,'admin',NULL,'/system/menu','127.0.0.1','内网IP','{\"children\":[],\"createTime\":\"2022-11-01 13:51:16\",\"icon\":\"server\",\"isCache\":\"0\",\"isFrame\":\"1\",\"menuId\":2000,\"menuName\":\"系统服务\",\"menuType\":\"M\",\"orderNum\":4,\"params\":{},\"parentId\":0,\"path\":\"server\",\"perms\":\"\",\"status\":\"1\",\"updateBy\":\"admin\",\"visible\":\"0\"}','{\"msg\":\"操作成功\",\"code\":200}',0,NULL,'2022-11-19 20:47:10'),(452,'菜单管理',2,'com.grace.web.controller.system.SysMenuController.edit()','PUT',1,'admin',NULL,'/system/menu','127.0.0.1','内网IP','{\"children\":[],\"createTime\":\"2022-11-01 13:51:16\",\"icon\":\"server\",\"isCache\":\"0\",\"isFrame\":\"1\",\"menuId\":2000,\"menuName\":\"系统服务\",\"menuType\":\"M\",\"orderNum\":4,\"params\":{},\"parentId\":0,\"path\":\"server\",\"perms\":\"\",\"status\":\"0\",\"updateBy\":\"admin\",\"visible\":\"0\"}','{\"msg\":\"操作成功\",\"code\":200}',0,NULL,'2022-11-19 20:48:40'),(453,'菜单管理',2,'com.grace.web.controller.system.SysMenuController.edit()','PUT',1,'admin',NULL,'/system/menu','127.0.0.1','内网IP','{\"children\":[],\"createTime\":\"2022-11-01 13:51:16\",\"icon\":\"server\",\"isCache\":\"0\",\"isFrame\":\"1\",\"menuId\":2000,\"menuName\":\"系统服务\",\"menuType\":\"M\",\"orderNum\":4,\"params\":{},\"parentId\":0,\"path\":\"server\",\"perms\":\"\",\"status\":\"1\",\"updateBy\":\"admin\",\"visible\":\"0\"}','{\"msg\":\"操作成功\",\"code\":200}',0,NULL,'2022-11-19 20:55:44'),(454,'菜单管理',2,'com.grace.web.controller.system.SysMenuController.edit()','PUT',1,'admin',NULL,'/system/menu','127.0.0.1','内网IP','{\"children\":[],\"createTime\":\"2022-11-13 19:47:02\",\"icon\":\"nested\",\"isCache\":\"0\",\"isFrame\":\"1\",\"menuId\":2013,\"menuName\":\"内容管理\",\"menuType\":\"M\",\"orderNum\":5,\"params\":{},\"parentId\":0,\"path\":\"cms\",\"perms\":\"\",\"status\":\"0\",\"updateBy\":\"admin\",\"visible\":\"0\"}','{\"msg\":\"操作成功\",\"code\":200}',0,NULL,'2022-11-19 20:57:47'),(455,'菜单管理',2,'com.grace.web.controller.system.SysMenuController.edit()','PUT',1,'admin',NULL,'/system/menu','127.0.0.1','内网IP','{\"children\":[],\"component\":\"cms/article/index\",\"createTime\":\"2022-11-19 16:45:01\",\"icon\":\"button\",\"isCache\":\"0\",\"isFrame\":\"1\",\"menuId\":2031,\"menuName\":\"文章管理\",\"menuType\":\"C\",\"orderNum\":1,\"params\":{},\"parentId\":2013,\"path\":\"article\",\"perms\":\"\",\"status\":\"0\",\"updateBy\":\"admin\",\"visible\":\"0\"}','{\"msg\":\"操作成功\",\"code\":200}',0,NULL,'2022-11-19 20:59:12'),(456,'代码生成',2,'com.grace.generator.controller.GenController.editSave()','PUT',1,'admin',NULL,'/tool/gen','127.0.0.1','内网IP','{\"businessName\":\"column\",\"className\":\"CmsColumn\",\"columns\":[{\"capJavaField\":\"ColumnId\",\"columnComment\":\"导航ID\",\"columnId\":149,\"columnName\":\"column_id\",\"columnType\":\"bigint(20)\",\"createBy\":\"admin\",\"createTime\":\"2022-11-19 09:00:47\",\"dictType\":\"\",\"edit\":false,\"htmlType\":\"input\",\"increment\":true,\"insert\":true,\"isIncrement\":\"1\",\"isInsert\":\"1\",\"isPk\":\"1\",\"javaField\":\"columnId\",\"javaType\":\"Long\",\"list\":false,\"params\":{},\"pk\":true,\"query\":false,\"queryType\":\"EQ\",\"required\":false,\"sort\":1,\"superColumn\":false,\"tableId\":12,\"updateBy\":\"\",\"updateTime\":\"2022-11-19 16:23:42\",\"usableColumn\":false},{\"capJavaField\":\"ColumnName\",\"columnComment\":\"栏目名字\",\"columnId\":150,\"columnName\":\"column_name\",\"columnType\":\"varchar(255)\",\"createBy\":\"admin\",\"createTime\":\"2022-11-19 09:00:47\",\"dictType\":\"\",\"edit\":true,\"htmlType\":\"input\",\"increment\":false,\"insert\":true,\"isEdit\":\"1\",\"isIncrement\":\"0\",\"isInsert\":\"1\",\"isList\":\"1\",\"isPk\":\"0\",\"isQuery\":\"1\",\"isRequired\":\"1\",\"javaField\":\"columnName\",\"javaType\":\"String\",\"list\":true,\"params\":{},\"pk\":false,\"query\":true,\"queryType\":\"LIKE\",\"required\":true,\"sort\":2,\"superColumn\":false,\"tableId\":12,\"updateBy\":\"\",\"updateTime\":\"2022-11-19 16:23:42\",\"usableColumn\":false},{\"capJavaField\":\"ColumnIcon\",\"columnComment\":\"栏目图标\",\"columnId\":151,\"columnName\":\"column_icon\",\"columnType\":\"varchar(255)\",\"createBy\":\"admin\",\"createTime\":\"2022-11-19 09:00:47\",\"dictType\":\"\",\"edit\":true,\"htmlType\":\"textarea\",\"increment\":false,\"insert\":true,\"isEdit\":\"1\",\"isIncrement\":\"0\",\"isInsert\":\"1\",\"isList\":\"1\",\"isPk\":\"0\",\"isQuery\":\"1\",\"javaField\":\"columnIcon\",\"javaType\":\"String\",\"list\":true,\"params\":{},\"pk\":false,\"query\":true,\"queryType\":\"EQ\",\"required\":false,\"sort\":3,\"superColumn\":false,\"tableId\":12,\"updateBy\":\"\",\"updateTime\":\"2022-11-19 16:23:42\",\"usableColumn\":false},{\"capJavaField\":\"Visible\",\"columnComment\":\"状态\",\"columnId\":152,\"columnName\":\"visible\",\"columnType\":\"tinyint(1)\",\"createBy\":\"admin\",\"createTime\":\"2022-11-19 09:00:47\",\"dictType\":\"sys_show_hide\",\"edit\":true,\"htmlType\":\"input\",\"increment\":fa','{\"msg\":\"操作成功\",\"code\":200}',0,NULL,'2022-11-19 21:03:13'),(457,'代码生成',8,'com.grace.generator.controller.GenController.batchGenCode()','GET',1,'admin',NULL,'/tool/gen/batchGenCode','127.0.0.1','内网IP','{}',NULL,0,NULL,'2022-11-19 21:03:17'),(458,'菜单管理',2,'com.grace.web.controller.system.SysMenuController.edit()','PUT',1,'admin',NULL,'/system/menu','127.0.0.1','内网IP','{\"children\":[],\"createTime\":\"2022-11-01 13:51:16\",\"icon\":\"server\",\"isCache\":\"0\",\"isFrame\":\"1\",\"menuId\":2000,\"menuName\":\"系统服务\",\"menuType\":\"M\",\"orderNum\":4,\"params\":{},\"parentId\":0,\"path\":\"server\",\"perms\":\"\",\"status\":\"0\",\"updateBy\":\"admin\",\"visible\":\"0\"}','{\"msg\":\"操作成功\",\"code\":200}',0,NULL,'2022-11-20 09:14:08'),(459,'菜单管理',2,'com.grace.web.controller.system.SysMenuController.edit()','PUT',1,'admin',NULL,'/system/menu','127.0.0.1','内网IP','{\"children\":[],\"component\":\"cms/article/index\",\"createTime\":\"2022-11-19 16:45:01\",\"icon\":\"button\",\"isCache\":\"0\",\"isFrame\":\"1\",\"menuId\":2031,\"menuName\":\"文章管理\",\"menuType\":\"C\",\"orderNum\":1,\"params\":{},\"parentId\":2013,\"path\":\"server\",\"perms\":\"cms:article:list\",\"status\":\"0\",\"updateBy\":\"admin\",\"visible\":\"0\"}','{\"msg\":\"操作成功\",\"code\":200}',0,NULL,'2022-11-20 09:17:17'),(460,'菜单管理',2,'com.grace.web.controller.system.SysMenuController.edit()','PUT',1,'admin',NULL,'/system/menu','127.0.0.1','内网IP','{\"children\":[],\"component\":\"cms/article/index\",\"createTime\":\"2022-11-19 16:45:01\",\"icon\":\"button\",\"isCache\":\"0\",\"isFrame\":\"1\",\"menuId\":2031,\"menuName\":\"文章管理\",\"menuType\":\"C\",\"orderNum\":1,\"params\":{},\"parentId\":2013,\"path\":\"article\",\"perms\":\"cms:article:list\",\"status\":\"0\",\"updateBy\":\"admin\",\"visible\":\"0\"}','{\"msg\":\"操作成功\",\"code\":200}',0,NULL,'2022-11-20 09:17:49'),(461,'菜单管理',2,'com.grace.web.controller.system.SysMenuController.edit()','PUT',1,'admin',NULL,'/system/menu','127.0.0.1','内网IP','{\"children\":[],\"createTime\":\"2022-11-01 13:51:16\",\"icon\":\"server\",\"isCache\":\"0\",\"isFrame\":\"1\",\"menuId\":2000,\"menuName\":\"系统服务\",\"menuType\":\"M\",\"orderNum\":4,\"params\":{},\"parentId\":0,\"path\":\"server1\",\"perms\":\"\",\"status\":\"0\",\"updateBy\":\"admin\",\"visible\":\"0\"}','{\"msg\":\"操作成功\",\"code\":200}',0,NULL,'2022-11-20 09:20:00'),(462,'菜单管理',2,'com.grace.web.controller.system.SysMenuController.edit()','PUT',1,'admin',NULL,'/system/menu','127.0.0.1','内网IP','{\"children\":[],\"createTime\":\"2022-11-01 13:51:16\",\"icon\":\"server\",\"isCache\":\"0\",\"isFrame\":\"1\",\"menuId\":2000,\"menuName\":\"系统服务\",\"menuType\":\"M\",\"orderNum\":4,\"params\":{},\"parentId\":0,\"path\":\"server\",\"perms\":\"\",\"status\":\"0\",\"updateBy\":\"admin\",\"visible\":\"0\"}','{\"msg\":\"操作成功\",\"code\":200}',0,NULL,'2022-11-20 09:20:49'),(463,'菜单管理',2,'com.grace.web.controller.system.SysMenuController.edit()','PUT',1,'admin',NULL,'/system/menu','127.0.0.1','内网IP','{\"children\":[],\"component\":\"monitor/server/index\",\"createTime\":\"2022-10-13 22:28:19\",\"icon\":\"server\",\"isCache\":\"0\",\"isFrame\":\"1\",\"menuId\":112,\"menuName\":\"服务监控\",\"menuType\":\"C\",\"orderNum\":4,\"params\":{},\"parentId\":2,\"path\":\"server1\",\"perms\":\"monitor:server:list\",\"query\":\"\",\"status\":\"0\",\"updateBy\":\"admin\",\"visible\":\"0\"}','{\"msg\":\"操作成功\",\"code\":200}',0,NULL,'2022-11-20 09:33:11'),(464,'菜单管理',2,'com.grace.web.controller.system.SysMenuController.edit()','PUT',1,'admin',NULL,'/system/menu','127.0.0.1','内网IP','{\"children\":[],\"component\":\"cms/article/index\",\"createTime\":\"2022-11-19 16:45:01\",\"icon\":\"button\",\"isCache\":\"0\",\"isFrame\":\"1\",\"menuId\":2031,\"menuName\":\"文章管理\",\"menuType\":\"C\",\"orderNum\":1,\"params\":{},\"parentId\":2013,\"path\":\"server\",\"perms\":\"cms:article:list\",\"status\":\"0\",\"updateBy\":\"admin\",\"visible\":\"0\"}','{\"msg\":\"操作成功\",\"code\":200}',0,NULL,'2022-11-20 09:33:53'),(465,'菜单管理',2,'com.grace.web.controller.system.SysMenuController.edit()','PUT',1,'admin',NULL,'/system/menu','127.0.0.1','内网IP','{\"children\":[],\"component\":\"monitor/server/index\",\"createTime\":\"2022-10-13 22:28:19\",\"icon\":\"server\",\"isCache\":\"0\",\"isFrame\":\"1\",\"menuId\":112,\"menuName\":\"服务监控\",\"menuType\":\"C\",\"orderNum\":4,\"params\":{},\"parentId\":2,\"path\":\"server\",\"perms\":\"monitor:server:list\",\"query\":\"\",\"status\":\"0\",\"updateBy\":\"admin\",\"visible\":\"0\"}','{\"msg\":\"操作成功\",\"code\":200}',0,NULL,'2022-11-20 09:35:07'),(466,'菜单管理',2,'com.grace.web.controller.system.SysMenuController.edit()','PUT',1,'admin',NULL,'/system/menu','127.0.0.1','内网IP','{\"children\":[],\"component\":\"cms/article/index\",\"createTime\":\"2022-11-19 16:45:01\",\"icon\":\"button\",\"isCache\":\"0\",\"isFrame\":\"1\",\"menuId\":2031,\"menuName\":\"文章管理\",\"menuType\":\"C\",\"orderNum\":1,\"params\":{},\"parentId\":2013,\"path\":\"article\",\"perms\":\"cms:article:list\",\"status\":\"0\",\"updateBy\":\"admin\",\"visible\":\"0\"}','{\"msg\":\"操作成功\",\"code\":200}',0,NULL,'2022-11-20 09:35:36'),(467,'菜单管理',2,'com.grace.web.controller.system.SysMenuController.edit()','PUT',1,'admin',NULL,'/system/menu','127.0.0.1','内网IP','{\"children\":[],\"component\":\"monitor/server/index\",\"createTime\":\"2022-10-13 22:28:19\",\"icon\":\"server\",\"isCache\":\"0\",\"isFrame\":\"1\",\"menuId\":112,\"menuName\":\"服务监控\",\"menuType\":\"C\",\"orderNum\":4,\"params\":{},\"parentId\":2,\"path\":\"server1\",\"perms\":\"monitor:server:list\",\"query\":\"\",\"status\":\"0\",\"updateBy\":\"admin\",\"visible\":\"0\"}','{\"msg\":\"操作成功\",\"code\":200}',0,NULL,'2022-11-20 09:36:06'),(468,'菜单管理',2,'com.grace.web.controller.system.SysMenuController.edit()','PUT',1,'admin',NULL,'/system/menu','127.0.0.1','内网IP','{\"children\":[],\"component\":\"monitor/server/index\",\"createTime\":\"2022-10-13 22:28:19\",\"icon\":\"server\",\"isCache\":\"0\",\"isFrame\":\"1\",\"menuId\":112,\"menuName\":\"服务监控\",\"menuType\":\"C\",\"orderNum\":4,\"params\":{},\"parentId\":2,\"path\":\"server\",\"perms\":\"monitor:server:list\",\"query\":\"\",\"status\":\"0\",\"updateBy\":\"admin\",\"visible\":\"0\"}','{\"msg\":\"操作成功\",\"code\":200}',0,NULL,'2022-11-20 09:36:34'),(469,'分类',1,'com.grace.web.controller.cms.CmsCategoryController.add()','POST',1,'admin',NULL,'/cms/category','127.0.0.1','内网IP','{\"catCount\":0,\"catName\":\"我是子类\",\"catType\":0,\"createBy\":\"admin\",\"orderNum\":0,\"params\":{},\"parent\":1,\"parentId\":50,\"visible\":0}',NULL,1,'请检查路径或者分类名是否重复','2022-11-20 20:04:11'),(470,'分类',1,'com.grace.web.controller.cms.CmsCategoryController.add()','POST',1,'admin',NULL,'/cms/category','127.0.0.1','内网IP','{\"catCount\":0,\"catName\":\"我是子类\",\"catType\":0,\"createBy\":\"admin\",\"orderNum\":0,\"params\":{},\"parent\":1,\"parentId\":50,\"visible\":0}',NULL,1,'请检查路径或者分类名是否重复','2022-11-20 20:04:17'),(471,'分类',1,'com.grace.web.controller.cms.CmsCategoryController.add()','POST',1,'admin',NULL,'/cms/category','127.0.0.1','内网IP','{\"catCount\":0,\"catName\":\"我是子类\",\"catType\":0,\"createBy\":\"admin\",\"orderNum\":0,\"params\":{},\"parent\":1,\"parentId\":50,\"visible\":0}',NULL,1,'请检查路径或者分类名是否重复','2022-11-20 20:04:21'),(472,'分类',1,'com.grace.web.controller.cms.CmsCategoryController.add()','POST',1,'admin',NULL,'/cms/category','127.0.0.1','内网IP','{\"ancestors\":\"0,50\",\"catCount\":0,\"catId\":52,\"catName\":\"我是子\",\"catType\":0,\"createBy\":\"admin\",\"orderNum\":0,\"params\":{},\"parent\":1,\"parentId\":50,\"visible\":0}','{\"msg\":\"操作成功\",\"code\":200}',0,NULL,'2022-11-20 20:04:33'),(473,'代码生成',3,'com.grace.generator.controller.GenController.remove()','DELETE',1,'admin',NULL,'/tool/gen/12','127.0.0.1','内网IP','{tableIds=12}','{\"msg\":\"操作成功\",\"code\":200}',0,NULL,'2022-11-20 23:01:05'),(474,'代码生成',2,'com.grace.generator.controller.GenController.editSave()','PUT',1,'admin',NULL,'/tool/gen','127.0.0.1','内网IP','{\"businessName\":\"article\",\"className\":\"CmsArticle\",\"columns\":[{\"capJavaField\":\"ArticleId\",\"columnComment\":\"文章id\",\"columnId\":28,\"columnName\":\"article_id\",\"columnType\":\"bigint(20)\",\"createBy\":\"admin\",\"createTime\":\"2022-11-11 20:55:38\",\"dictType\":\"\",\"edit\":false,\"htmlType\":\"input\",\"increment\":true,\"insert\":true,\"isIncrement\":\"1\",\"isInsert\":\"1\",\"isPk\":\"1\",\"isQuery\":\"1\",\"javaField\":\"articleId\",\"javaType\":\"Long\",\"list\":false,\"params\":{},\"pk\":true,\"query\":true,\"queryType\":\"EQ\",\"required\":false,\"sort\":1,\"superColumn\":false,\"tableId\":3,\"updateBy\":\"\",\"usableColumn\":false},{\"capJavaField\":\"ArticleTitle\",\"columnComment\":\"文章标题\",\"columnId\":29,\"columnName\":\"article_title\",\"columnType\":\"varchar(255)\",\"createBy\":\"admin\",\"createTime\":\"2022-11-11 20:55:38\",\"dictType\":\"\",\"edit\":true,\"htmlType\":\"input\",\"increment\":false,\"insert\":true,\"isEdit\":\"1\",\"isIncrement\":\"0\",\"isInsert\":\"1\",\"isList\":\"1\",\"isPk\":\"0\",\"isQuery\":\"1\",\"isRequired\":\"1\",\"javaField\":\"articleTitle\",\"javaType\":\"String\",\"list\":true,\"params\":{},\"pk\":false,\"query\":true,\"queryType\":\"EQ\",\"required\":true,\"sort\":2,\"superColumn\":false,\"tableId\":3,\"updateBy\":\"\",\"usableColumn\":false},{\"capJavaField\":\"CreateBy\",\"columnComment\":\"发表人\",\"columnId\":30,\"columnName\":\"create_by\",\"columnType\":\"varchar(64)\",\"createBy\":\"admin\",\"createTime\":\"2022-11-11 20:55:38\",\"dictType\":\"\",\"edit\":false,\"htmlType\":\"input\",\"increment\":false,\"insert\":true,\"isIncrement\":\"0\",\"isInsert\":\"1\",\"isPk\":\"0\",\"isQuery\":\"1\",\"isRequired\":\"1\",\"javaField\":\"createBy\",\"javaType\":\"String\",\"list\":false,\"params\":{},\"pk\":false,\"query\":true,\"queryType\":\"EQ\",\"required\":true,\"sort\":3,\"superColumn\":true,\"tableId\":3,\"updateBy\":\"\",\"usableColumn\":false},{\"capJavaField\":\"CreateTime\",\"columnComment\":\"创建时间\",\"columnId\":31,\"columnName\":\"create_time\",\"columnType\":\"datetime\",\"createBy\":\"admin\",\"createTime\":\"2022-11-11 20:55:38\",\"dictType\":\"\",\"edit\":false,\"htmlType\":\"datetime\",\"increment\":false,\"insert\":true,\"isIncrement\":\"0\",\"isInsert\":\"1\",\"isPk\":\"0\",\"isRequired\":\"1\",\"javaField\":\"createTime\",\"javaTyp','{\"msg\":\"操作成功\",\"code\":200}',0,NULL,'2022-11-20 23:04:09'),(475,'代码生成',2,'com.grace.generator.controller.GenController.editSave()','PUT',1,'admin',NULL,'/tool/gen','127.0.0.1','内网IP','{\"businessName\":\"article\",\"className\":\"CmsArticle\",\"columns\":[{\"capJavaField\":\"ArticleId\",\"columnComment\":\"文章id\",\"columnId\":28,\"columnName\":\"article_id\",\"columnType\":\"bigint(20)\",\"createBy\":\"admin\",\"createTime\":\"2022-11-11 20:55:38\",\"dictType\":\"\",\"edit\":false,\"htmlType\":\"input\",\"increment\":true,\"insert\":true,\"isIncrement\":\"1\",\"isInsert\":\"1\",\"isPk\":\"1\",\"isQuery\":\"1\",\"javaField\":\"articleId\",\"javaType\":\"Long\",\"list\":false,\"params\":{},\"pk\":true,\"query\":true,\"queryType\":\"EQ\",\"required\":false,\"sort\":1,\"superColumn\":false,\"tableId\":3,\"updateBy\":\"\",\"updateTime\":\"2022-11-20 23:04:09\",\"usableColumn\":false},{\"capJavaField\":\"ArticleTitle\",\"columnComment\":\"文章标题\",\"columnId\":29,\"columnName\":\"article_title\",\"columnType\":\"varchar(255)\",\"createBy\":\"admin\",\"createTime\":\"2022-11-11 20:55:38\",\"dictType\":\"\",\"edit\":true,\"htmlType\":\"input\",\"increment\":false,\"insert\":true,\"isEdit\":\"1\",\"isIncrement\":\"0\",\"isInsert\":\"1\",\"isList\":\"1\",\"isPk\":\"0\",\"isQuery\":\"1\",\"isRequired\":\"1\",\"javaField\":\"articleTitle\",\"javaType\":\"String\",\"list\":true,\"params\":{},\"pk\":false,\"query\":true,\"queryType\":\"EQ\",\"required\":true,\"sort\":2,\"superColumn\":false,\"tableId\":3,\"updateBy\":\"\",\"updateTime\":\"2022-11-20 23:04:09\",\"usableColumn\":false},{\"capJavaField\":\"CreateBy\",\"columnComment\":\"发表人\",\"columnId\":30,\"columnName\":\"create_by\",\"columnType\":\"varchar(64)\",\"createBy\":\"admin\",\"createTime\":\"2022-11-11 20:55:38\",\"dictType\":\"\",\"edit\":false,\"htmlType\":\"input\",\"increment\":false,\"insert\":true,\"isIncrement\":\"0\",\"isInsert\":\"1\",\"isPk\":\"0\",\"isQuery\":\"1\",\"isRequired\":\"1\",\"javaField\":\"createBy\",\"javaType\":\"String\",\"list\":false,\"params\":{},\"pk\":false,\"query\":true,\"queryType\":\"EQ\",\"required\":true,\"sort\":3,\"superColumn\":true,\"tableId\":3,\"updateBy\":\"\",\"updateTime\":\"2022-11-20 23:04:09\",\"usableColumn\":false},{\"capJavaField\":\"CreateTime\",\"columnComment\":\"创建时间\",\"columnId\":31,\"columnName\":\"create_time\",\"columnType\":\"datetime\",\"createBy\":\"admin\",\"createTime\":\"2022-11-11 20:55:38\",\"dictType\":\"\",\"edit\":false,\"htmlType\":\"datetime\",\"increment\":false,\"in','{\"msg\":\"操作成功\",\"code\":200}',0,NULL,'2022-11-20 23:05:33'),(476,'代码生成',8,'com.grace.generator.controller.GenController.batchGenCode()','GET',1,'admin',NULL,'/tool/gen/batchGenCode','127.0.0.1','内网IP','{}',NULL,0,NULL,'2022-11-20 23:05:36'),(477,'字典类型',1,'com.grace.web.controller.system.SysDictTypeController.add()','POST',1,'admin',NULL,'/system/dict/type','127.0.0.1','内网IP','{\"createBy\":\"admin\",\"dictName\":\"导航类型\",\"dictType\":\"cms_column_type\",\"params\":{},\"remark\":\"导航类型\",\"status\":\"0\"}','{\"msg\":\"操作成功\",\"code\":200}',0,NULL,'2022-11-21 12:28:13'),(478,'字典数据',1,'com.grace.web.controller.system.SysDictDataController.add()','POST',1,'admin',NULL,'/system/dict/data','127.0.0.1','内网IP','{\"createBy\":\"admin\",\"default\":false,\"dictLabel\":\"站内导航\",\"dictSort\":0,\"dictType\":\"cms_column_type\",\"dictValue\":\"0\",\"listClass\":\"success\",\"params\":{},\"remark\":\"站内导航\",\"status\":\"0\"}','{\"msg\":\"操作成功\",\"code\":200}',0,NULL,'2022-11-21 12:30:09'),(479,'字典数据',1,'com.grace.web.controller.system.SysDictDataController.add()','POST',1,'admin',NULL,'/system/dict/data','127.0.0.1','内网IP','{\"createBy\":\"admin\",\"default\":false,\"dictLabel\":\"站外导航\",\"dictSort\":0,\"dictType\":\"cms_column_type\",\"dictValue\":\"1\",\"listClass\":\"success\",\"params\":{},\"remark\":\"站外导航\",\"status\":\"0\"}','{\"msg\":\"操作成功\",\"code\":200}',0,NULL,'2022-11-21 12:31:13'),(480,'菜单管理',2,'com.grace.web.controller.system.SysMenuController.edit()','PUT',1,'admin',NULL,'/system/menu','127.0.0.1','内网IP','{\"children\":[],\"component\":\"cms/category/index\",\"createTime\":\"2022-11-18 22:28:57\",\"icon\":\"cascader\",\"isCache\":\"0\",\"isFrame\":\"1\",\"menuId\":2029,\"menuName\":\"分类管理\",\"menuType\":\"C\",\"orderNum\":3,\"params\":{},\"parentId\":2013,\"path\":\"category\",\"perms\":\"cms:category:view\",\"status\":\"0\",\"updateBy\":\"admin\",\"visible\":\"0\"}','{\"msg\":\"操作成功\",\"code\":200}',0,NULL,'2022-11-21 22:44:39'),(481,'内容菜单',1,'com.grace.web.controller.cms.CmsColumnController.add()','POST',1,'admin',NULL,'/cms/column','127.0.0.1','内网IP','{\"ancestors\":\"0\",\"columnId\":23,\"columnName\":\"我是目录\",\"createBy\":\"admin\",\"openType\":0,\"orderNum\":0,\"params\":{},\"parent\":0,\"parentId\":0,\"visible\":0}','{\"msg\":\"操作成功\",\"code\":200}',0,NULL,'2022-11-22 10:22:25'),(482,'内容菜单',1,'com.grace.web.controller.cms.CmsColumnController.add()','POST',1,'admin',NULL,'/cms/column','127.0.0.1','内网IP','{\"ancestors\":\"0\",\"columnId\":24,\"columnName\":\"我是子节点\",\"createBy\":\"admin\",\"openType\":0,\"orderNum\":0,\"params\":{},\"parent\":0,\"parentId\":23,\"visible\":0}','{\"msg\":\"操作成功\",\"code\":200}',0,NULL,'2022-11-22 10:22:47'),(483,'内容菜单',2,'com.grace.web.controller.cms.CmsColumnController.edit()','PUT',1,'admin',NULL,'/cms/column','127.0.0.1','内网IP','{\"ancestors\":\"0,23\",\"columnId\":24,\"columnName\":\"我是子节点\",\"createBy\":\"admin\",\"createTime\":\"2022-11-22 10:22:47\",\"description\":\"\",\"keywords\":\"\",\"openType\":0,\"orderNum\":0,\"params\":{},\"parent\":1,\"parentId\":23,\"perms\":\"\",\"updateBy\":\"admin\",\"visible\":0}','{\"msg\":\"操作成功\",\"code\":200}',0,NULL,'2022-11-22 10:35:16'),(484,'字典类型',1,'com.grace.web.controller.system.SysDictTypeController.add()','POST',1,'admin',NULL,'/system/dict/type','127.0.0.1','内网IP','{\"createBy\":\"admin\",\"dictName\":\"文章类型\",\"dictType\":\"cms_article_type\",\"params\":{},\"remark\":\"文章类型\",\"status\":\"0\"}','{\"msg\":\"操作成功\",\"code\":200}',0,NULL,'2022-11-24 21:09:40'),(485,'字典数据',1,'com.grace.web.controller.system.SysDictDataController.add()','POST',1,'admin',NULL,'/system/dict/data','127.0.0.1','内网IP','{\"createBy\":\"admin\",\"default\":false,\"dictLabel\":\"图文\",\"dictSort\":0,\"dictType\":\"cms_article_type\",\"dictValue\":\"0\",\"listClass\":\"primary\",\"params\":{},\"remark\":\"图文\",\"status\":\"0\"}','{\"msg\":\"操作成功\",\"code\":200}',0,NULL,'2022-11-24 21:12:30'),(486,'菜单管理',1,'com.grace.web.controller.system.SysMenuController.add()','POST',1,'admin',NULL,'/system/menu','127.0.0.1','内网IP','{\"children\":[],\"createBy\":\"admin\",\"isCache\":\"0\",\"isFrame\":\"1\",\"menuName\":\"查询文章\",\"menuType\":\"F\",\"orderNum\":1,\"params\":{},\"parentId\":2031,\"perms\":\"cms:article:quary\",\"status\":\"0\",\"visible\":\"0\"}','{\"msg\":\"操作成功\",\"code\":200}',0,NULL,'2022-11-26 14:20:36'),(487,'菜单管理',2,'com.grace.web.controller.system.SysMenuController.edit()','PUT',1,'admin',NULL,'/system/menu','127.0.0.1','内网IP','{\"children\":[],\"createTime\":\"2022-11-26 14:20:36\",\"icon\":\"#\",\"isCache\":\"0\",\"isFrame\":\"1\",\"menuId\":2032,\"menuName\":\"查询文章\",\"menuType\":\"F\",\"orderNum\":1,\"params\":{},\"parentId\":2031,\"path\":\"\",\"perms\":\"cms:article:query\",\"status\":\"0\",\"updateBy\":\"admin\",\"visible\":\"0\"}','{\"msg\":\"操作成功\",\"code\":200}',0,NULL,'2022-11-26 14:20:57'),(488,'菜单管理',1,'com.grace.web.controller.system.SysMenuController.add()','POST',1,'admin',NULL,'/system/menu','127.0.0.1','内网IP','{\"children\":[],\"createBy\":\"admin\",\"isCache\":\"0\",\"isFrame\":\"1\",\"menuName\":\"添加文章\",\"menuType\":\"F\",\"orderNum\":1,\"params\":{},\"parentId\":2031,\"perms\":\"cms:article:add\",\"status\":\"0\",\"visible\":\"0\"}','{\"msg\":\"操作成功\",\"code\":200}',0,NULL,'2022-11-26 14:21:34'),(489,'菜单管理',2,'com.grace.web.controller.system.SysMenuController.edit()','PUT',1,'admin',NULL,'/system/menu','127.0.0.1','内网IP','{\"children\":[],\"createTime\":\"2022-11-26 14:21:34\",\"icon\":\"#\",\"isCache\":\"0\",\"isFrame\":\"1\",\"menuId\":2033,\"menuName\":\"添加文章\",\"menuType\":\"F\",\"orderNum\":2,\"params\":{},\"parentId\":2031,\"path\":\"\",\"perms\":\"cms:article:add\",\"status\":\"0\",\"updateBy\":\"admin\",\"visible\":\"0\"}','{\"msg\":\"操作成功\",\"code\":200}',0,NULL,'2022-11-26 14:21:55'),(490,'菜单管理',1,'com.grace.web.controller.system.SysMenuController.add()','POST',1,'admin',NULL,'/system/menu','127.0.0.1','内网IP','{\"children\":[],\"createBy\":\"admin\",\"isCache\":\"0\",\"isFrame\":\"1\",\"menuName\":\"修改文章\",\"menuType\":\"F\",\"orderNum\":3,\"params\":{},\"parentId\":2031,\"perms\":\"cms:article:edit\",\"status\":\"0\",\"visible\":\"0\"}','{\"msg\":\"操作成功\",\"code\":200}',0,NULL,'2022-11-26 14:22:18'),(491,'菜单管理',1,'com.grace.web.controller.system.SysMenuController.add()','POST',1,'admin',NULL,'/system/menu','127.0.0.1','内网IP','{\"children\":[],\"createBy\":\"admin\",\"isCache\":\"0\",\"isFrame\":\"1\",\"menuName\":\"移除文章\",\"menuType\":\"F\",\"orderNum\":4,\"params\":{},\"parentId\":2031,\"perms\":\"cms:article:remove\",\"status\":\"0\",\"visible\":\"0\"}','{\"msg\":\"操作成功\",\"code\":200}',0,NULL,'2022-11-26 14:22:50'),(492,'菜单管理',2,'com.grace.web.controller.system.SysMenuController.edit()','PUT',1,'admin',NULL,'/system/menu','127.0.0.1','内网IP','{\"children\":[],\"component\":\"cms/category/index\",\"createTime\":\"2022-11-18 22:28:57\",\"icon\":\"cascader\",\"isCache\":\"0\",\"isFrame\":\"1\",\"menuId\":2029,\"menuName\":\"分类管理\",\"menuType\":\"C\",\"orderNum\":3,\"params\":{},\"parentId\":2013,\"path\":\"category\",\"perms\":\"cms:category:list\",\"status\":\"0\",\"updateBy\":\"admin\",\"visible\":\"0\"}','{\"msg\":\"操作成功\",\"code\":200}',0,NULL,'2022-11-26 14:23:34'),(493,'菜单管理',1,'com.grace.web.controller.system.SysMenuController.add()','POST',1,'admin',NULL,'/system/menu','127.0.0.1','内网IP','{\"children\":[],\"createBy\":\"admin\",\"isCache\":\"0\",\"isFrame\":\"1\",\"menuName\":\"分类查询\",\"menuType\":\"F\",\"orderNum\":1,\"params\":{},\"parentId\":2029,\"perms\":\"cms:category:query\",\"status\":\"0\",\"visible\":\"0\"}','{\"msg\":\"操作成功\",\"code\":200}',0,NULL,'2022-11-26 14:24:17'),(494,'菜单管理',1,'com.grace.web.controller.system.SysMenuController.add()','POST',1,'admin',NULL,'/system/menu','127.0.0.1','内网IP','{\"children\":[],\"createBy\":\"admin\",\"isCache\":\"0\",\"isFrame\":\"1\",\"menuName\":\"添加分类\",\"menuType\":\"F\",\"orderNum\":2,\"params\":{},\"parentId\":2029,\"perms\":\"cms:category:add\",\"status\":\"0\",\"visible\":\"0\"}','{\"msg\":\"操作成功\",\"code\":200}',0,NULL,'2022-11-26 14:24:35'),(495,'菜单管理',1,'com.grace.web.controller.system.SysMenuController.add()','POST',1,'admin',NULL,'/system/menu','127.0.0.1','内网IP','{\"children\":[],\"createBy\":\"admin\",\"isCache\":\"0\",\"isFrame\":\"1\",\"menuName\":\"编辑分类\",\"menuType\":\"F\",\"orderNum\":3,\"params\":{},\"parentId\":2029,\"perms\":\"cms:category:edit\",\"status\":\"0\",\"visible\":\"0\"}','{\"msg\":\"操作成功\",\"code\":200}',0,NULL,'2022-11-26 14:24:56'),(496,'菜单管理',1,'com.grace.web.controller.system.SysMenuController.add()','POST',1,'admin',NULL,'/system/menu','127.0.0.1','内网IP','{\"children\":[],\"createBy\":\"admin\",\"isCache\":\"0\",\"isFrame\":\"1\",\"menuName\":\"移除分类\",\"menuType\":\"F\",\"orderNum\":4,\"params\":{},\"parentId\":2029,\"perms\":\"cms:category:remove\",\"status\":\"0\",\"visible\":\"0\"}','{\"msg\":\"操作成功\",\"code\":200}',0,NULL,'2022-11-26 14:25:24'),(497,'菜单管理',1,'com.grace.web.controller.system.SysMenuController.add()','POST',1,'admin',NULL,'/system/menu','127.0.0.1','内网IP','{\"children\":[],\"createBy\":\"admin\",\"isCache\":\"0\",\"isFrame\":\"1\",\"menuName\":\"菜单查询\",\"menuType\":\"F\",\"orderNum\":1,\"params\":{},\"parentId\":2030,\"perms\":\"cms:column:query\",\"status\":\"0\",\"visible\":\"0\"}','{\"msg\":\"操作成功\",\"code\":200}',0,NULL,'2022-11-26 14:25:58'),(498,'菜单管理',1,'com.grace.web.controller.system.SysMenuController.add()','POST',1,'admin',NULL,'/system/menu','127.0.0.1','内网IP','{\"children\":[],\"createBy\":\"admin\",\"isCache\":\"0\",\"isFrame\":\"1\",\"menuName\":\"添加菜单\",\"menuType\":\"F\",\"orderNum\":2,\"params\":{},\"parentId\":2030,\"perms\":\"cms:column:add\",\"status\":\"0\",\"visible\":\"0\"}','{\"msg\":\"操作成功\",\"code\":200}',0,NULL,'2022-11-26 14:26:19'),(499,'菜单管理',1,'com.grace.web.controller.system.SysMenuController.add()','POST',1,'admin',NULL,'/system/menu','127.0.0.1','内网IP','{\"children\":[],\"createBy\":\"admin\",\"isCache\":\"0\",\"isFrame\":\"1\",\"menuName\":\"编辑菜单\",\"menuType\":\"F\",\"orderNum\":3,\"params\":{},\"parentId\":2030,\"perms\":\"cms:column:edit\",\"status\":\"0\",\"visible\":\"0\"}','{\"msg\":\"操作成功\",\"code\":200}',0,NULL,'2022-11-26 14:26:51'),(500,'菜单管理',1,'com.grace.web.controller.system.SysMenuController.add()','POST',1,'admin',NULL,'/system/menu','127.0.0.1','内网IP','{\"children\":[],\"createBy\":\"admin\",\"isCache\":\"0\",\"isFrame\":\"1\",\"menuName\":\"移除菜单\",\"menuType\":\"F\",\"orderNum\":4,\"params\":{},\"parentId\":2030,\"perms\":\"cms:column:remove\",\"status\":\"0\",\"visible\":\"0\"}','{\"msg\":\"操作成功\",\"code\":200}',0,NULL,'2022-11-26 14:27:16'),(501,'菜单管理',1,'com.grace.web.controller.system.SysMenuController.add()','POST',1,'admin',NULL,'/system/menu','127.0.0.1','内网IP','{\"children\":[],\"component\":\"cms/setting/index\",\"createBy\":\"admin\",\"icon\":\"swagger\",\"isCache\":\"0\",\"isFrame\":\"1\",\"menuName\":\"参数维护\",\"menuType\":\"C\",\"orderNum\":1,\"params\":{},\"parentId\":2013,\"path\":\"setting\",\"perms\":\"cms:setting:list\",\"status\":\"0\",\"visible\":\"0\"}','{\"msg\":\"操作成功\",\"code\":200}',0,NULL,'2022-11-26 14:30:25'),(502,'菜单管理',1,'com.grace.web.controller.system.SysMenuController.add()','POST',1,'admin',NULL,'/system/menu','127.0.0.1','内网IP','{\"children\":[],\"createBy\":\"admin\",\"isCache\":\"0\",\"isFrame\":\"1\",\"menuName\":\"参数更新\",\"menuType\":\"F\",\"orderNum\":2,\"params\":{},\"parentId\":2044,\"perms\":\"cms:setting:edit\",\"status\":\"0\",\"visible\":\"0\"}','{\"msg\":\"操作成功\",\"code\":200}',0,NULL,'2022-11-26 14:31:43'),(503,'内容配置',2,'com.grace.web.controller.cms.CmsSettingController.updateConfig()','POST',1,'admin',NULL,'/cms/setting/updateConfig','127.0.0.1','内网IP','{\"oly.cms.articleCat.maxNum\":\"1\",\"oly.cms.articleTag.maxNum\":\"1\",\"oly.cms.articleKey.maxNum\":\"1\",\"oly.cms.articleImg.maxNum\":\"1\"}','{\"msg\":\"操作成功\",\"code\":200}',0,NULL,'2022-11-26 14:41:12'),(504,'字典类型',1,'com.grace.web.controller.system.SysDictTypeController.add()','POST',1,'admin',NULL,'/system/dict/type','127.0.0.1','内网IP','{\"createBy\":\"admin\",\"dictName\":\"文章状态\",\"dictType\":\"cms_article_visible\",\"params\":{},\"status\":\"0\"}','{\"msg\":\"操作成功\",\"code\":200}',0,NULL,'2022-11-26 19:10:52'),(505,'字典类型',2,'com.grace.web.controller.system.SysDictTypeController.edit()','PUT',1,'admin',NULL,'/system/dict/type','127.0.0.1','内网IP','{\"createBy\":\"admin\",\"createTime\":\"2022-11-26 19:10:52\",\"dictId\":115,\"dictName\":\"文章状态\",\"dictType\":\"cms_article_visible\",\"params\":{},\"remark\":\"文章状态\",\"status\":\"0\",\"updateBy\":\"admin\"}','{\"msg\":\"操作成功\",\"code\":200}',0,NULL,'2022-11-26 19:11:18'),(506,'字典数据',1,'com.grace.web.controller.system.SysDictDataController.add()','POST',1,'admin',NULL,'/system/dict/data','127.0.0.1','内网IP','{\"createBy\":\"admin\",\"default\":false,\"dictLabel\":\"隐藏\",\"dictSort\":0,\"dictType\":\"cms_article_visible\",\"dictValue\":\"0\",\"listClass\":\"primary\",\"params\":{},\"remark\":\"不显示\",\"status\":\"0\"}','{\"msg\":\"操作成功\",\"code\":200}',0,NULL,'2022-11-26 19:12:33'),(507,'字典数据',1,'com.grace.web.controller.system.SysDictDataController.add()','POST',1,'admin',NULL,'/system/dict/data','127.0.0.1','内网IP','{\"createBy\":\"admin\",\"default\":false,\"dictLabel\":\"审核\",\"dictSort\":0,\"dictType\":\"cms_article_visible\",\"dictValue\":\"1\",\"listClass\":\"info\",\"params\":{},\"remark\":\"待审核\",\"status\":\"0\"}','{\"msg\":\"操作成功\",\"code\":200}',0,NULL,'2022-11-26 19:13:10'),(508,'字典数据',2,'com.grace.web.controller.system.SysDictDataController.edit()','PUT',1,'admin',NULL,'/system/dict/data','127.0.0.1','内网IP','{\"createBy\":\"admin\",\"createTime\":\"2022-11-26 19:13:10\",\"default\":false,\"dictCode\":138,\"dictLabel\":\"审核\",\"dictSort\":0,\"dictType\":\"cms_article_visible\",\"dictValue\":\"1\",\"isDefault\":\"N\",\"listClass\":\"primary\",\"params\":{},\"remark\":\"待审核\",\"status\":\"0\",\"updateBy\":\"admin\"}','{\"msg\":\"操作成功\",\"code\":200}',0,NULL,'2022-11-26 19:13:17'),(509,'字典数据',1,'com.grace.web.controller.system.SysDictDataController.add()','POST',1,'admin',NULL,'/system/dict/data','127.0.0.1','内网IP','{\"createBy\":\"admin\",\"default\":false,\"dictLabel\":\"通过\",\"dictSort\":2,\"dictType\":\"cms_article_visible\",\"dictValue\":\"2\",\"listClass\":\"success\",\"params\":{},\"remark\":\"通过\",\"status\":\"0\"}','{\"msg\":\"操作成功\",\"code\":200}',0,NULL,'2022-11-26 19:13:50'),(510,'字典数据',1,'com.grace.web.controller.system.SysDictDataController.add()','POST',1,'admin',NULL,'/system/dict/data','127.0.0.1','内网IP','{\"createBy\":\"admin\",\"default\":false,\"dictLabel\":\"草稿\",\"dictSort\":3,\"dictType\":\"cms_article_visible\",\"dictValue\":\"3\",\"listClass\":\"warning\",\"params\":{},\"remark\":\"草稿\",\"status\":\"0\"}','{\"msg\":\"操作成功\",\"code\":200}',0,NULL,'2022-11-26 19:14:35'),(511,'字典数据',1,'com.grace.web.controller.system.SysDictDataController.add()','POST',1,'admin',NULL,'/system/dict/data','127.0.0.1','内网IP','{\"createBy\":\"admin\",\"default\":false,\"dictLabel\":\"回收\",\"dictSort\":4,\"dictType\":\"cms_article_visible\",\"dictValue\":\"4\",\"listClass\":\"success\",\"params\":{},\"remark\":\"逻辑删除\",\"status\":\"0\"}','{\"msg\":\"操作成功\",\"code\":200}',0,NULL,'2022-11-26 19:15:26'),(512,'内容配置',2,'com.grace.web.controller.cms.CmsSettingController.updateConfig()','POST',1,'admin',NULL,'/cms/setting/updateConfig','127.0.0.1','内网IP','{\"oly.cms.articleCat.maxNum\":\"1\",\"oly.cms.articleImg.maxNum\":\"1\",\"oly.cms.articleTag.maxNum\":\"1\",\"oly.cms.articleKey.maxNum\":\"1\",\"oly.cms.articleVisible.default\":\"1\"}','{\"msg\":\"操作成功\",\"code\":200}',0,NULL,'2022-11-26 19:15:42'),(513,'文章',1,'com.grace.web.controller.cms.CmsArticleController.add()','POST',1,'admin',NULL,'/cms/article','127.0.0.1','内网IP','{\"allowComment\":false,\"articleBuild\":0,\"articleContent\":\"<p>99999吗拜纳姆拜纳姆部门部门你爸妈把你</p>\",\"articleTitle\":\"，你们，模拟，你们，你们能\",\"articleType\":0,\"articleUrl\":\"/dgfgfdg\",\"cats\":[50],\"createBy\":\"admin\",\"params\":{},\"tags\":[6]}',NULL,1,'arraycopy: element type mismatch: can not cast one of the elements of java.lang.Object[] to the type of the destination array, java.lang.Long','2022-11-26 21:24:32'),(514,'文章',1,'com.grace.web.controller.cms.CmsArticleController.add()','POST',1,'admin',NULL,'/cms/article','127.0.0.1','内网IP','{\"allowComment\":false,\"articleBuild\":0,\"articleContent\":\"<p>99999吗拜纳姆拜纳姆部门部门你爸妈把你</p>\",\"articleTitle\":\"，你们，模拟，你们，你们能\",\"articleType\":0,\"articleUrl\":\"/dgfgfdg\",\"cats\":[50],\"createBy\":\"admin\",\"params\":{},\"tags\":[6]}',NULL,1,'arraycopy: element type mismatch: can not cast one of the elements of java.lang.Object[] to the type of the destination array, java.lang.Long','2022-11-26 21:24:43'),(515,'文章',1,'com.grace.web.controller.cms.CmsArticleController.add()','POST',1,'admin',NULL,'/cms/article','127.0.0.1','内网IP','{\"allowComment\":false,\"articleBuild\":0,\"articleContent\":\"<p>99999吗拜纳姆拜纳姆部门部门你爸妈把你</p>\",\"articleTitle\":\"，你们，模拟，你们，你们能\",\"articleType\":0,\"articleUrl\":\"/dgfgfdg\",\"cats\":[50],\"createBy\":\"admin\",\"keywords\":\"\",\"params\":{},\"tags\":[6]}',NULL,1,'arraycopy: element type mismatch: can not cast one of the elements of java.lang.Object[] to the type of the destination array, java.lang.Long','2022-11-26 21:26:36'),(516,'文章',1,'com.grace.web.controller.cms.CmsArticleController.add()','POST',1,'admin',NULL,'/cms/article','127.0.0.1','内网IP','{\"allowComment\":false,\"articleBuild\":0,\"articleContent\":\"<p>99999吗拜纳姆拜纳姆部门部门你爸妈把你</p>\",\"articleTitle\":\"，你们，模拟，你们，你们能\",\"articleType\":0,\"articleUrl\":\"/dgfgfdg\",\"cats\":[50],\"createBy\":\"admin\",\"keywords\":\"\",\"params\":{},\"tags\":[6]}',NULL,1,'arraycopy: element type mismatch: can not cast one of the elements of java.lang.Object[] to the type of the destination array, java.lang.Long','2022-11-26 21:27:40'),(517,'文章',1,'com.grace.web.controller.cms.CmsArticleController.add()','POST',1,'admin',NULL,'/cms/article','127.0.0.1','内网IP','{\"allowComment\":false,\"articleBuild\":0,\"articleContent\":\"<p>99999吗拜纳姆拜纳姆部门部门你爸妈把你</p>\",\"articleTitle\":\"，你们，模拟，你们，你们能\",\"articleType\":0,\"articleUrl\":\"/dgfgfdg\",\"cats\":[50],\"createBy\":\"admin\",\"keywords\":\"\",\"params\":{},\"tags\":[6]}',NULL,1,'关联数量不能超过1','2022-11-26 21:37:12'),(518,'文章',1,'com.grace.web.controller.cms.CmsArticleController.add()','POST',1,'admin',NULL,'/cms/article','127.0.0.1','内网IP','{\"allowComment\":false,\"articleBuild\":0,\"articleContent\":\"<p>99999吗拜纳姆拜纳姆部门部门你爸妈把你</p>\",\"articleId\":31,\"articleTitle\":\"，你们，模拟，你们，你们能\",\"articleTop\":0,\"articleType\":0,\"articleUrl\":\"/dgfgfdg\",\"cats\":[50],\"createBy\":\"admin\",\"keywords\":\"\",\"params\":{},\"tags\":[6],\"visible\":1}','{\"msg\":\"操作成功\",\"code\":200}',0,NULL,'2022-11-26 21:38:56'),(519,'文章',1,'com.grace.web.controller.cms.CmsArticleController.add()','POST',1,'admin',NULL,'/cms/article','127.0.0.1','内网IP','{\"allowComment\":false,\"articleBuild\":0,\"articleContent\":\"<p>99999ghjghjghjghjghjhgjghhgjhgj</p>\",\"articleId\":32,\"articleTitle\":\"过后就会感觉更好\",\"articleTop\":0,\"articleType\":0,\"articleUrl\":\"/bbu\",\"cats\":[50],\"createBy\":\"admin\",\"params\":{},\"tags\":[6],\"visible\":1}','{\"msg\":\"操作成功\",\"code\":200}',0,NULL,'2022-11-26 21:55:40'),(520,'文章',1,'com.grace.web.controller.cms.CmsArticleController.add()','POST',1,'admin',NULL,'/cms/article','127.0.0.1','内网IP','{\"allowComment\":false,\"articleBuild\":0,\"articleContent\":\"<p>99999ghhhhhhhhhhhhhhhhhhhhhhhhhhhhhhh</p>\",\"articleId\":33,\"articleTitle\":\"计划骨结核\",\"articleTop\":0,\"articleType\":0,\"articleUrl\":\"/ooo\",\"cats\":[50],\"createBy\":\"admin\",\"params\":{},\"tags\":[6],\"visible\":1}','{\"msg\":\"操作成功\",\"code\":200}',0,NULL,'2022-11-26 22:10:36'),(521,'文章',1,'com.grace.web.controller.cms.CmsArticleController.add()','POST',1,'admin',NULL,'/cms/article','127.0.0.1','内网IP','{\"allowComment\":true,\"articleBuild\":0,\"articleContent\":\"<p>99999vbnbvnvbnbvnbvnbvnvb</p>\",\"articleId\":34,\"articleTitle\":\"vbnbvnvbnbv\",\"articleTop\":0,\"articleType\":0,\"articleUrl\":\"vbnbvnbv\",\"cats\":[51],\"createBy\":\"admin\",\"params\":{},\"tags\":[7],\"visible\":1}','{\"msg\":\"操作成功\",\"code\":200}',0,NULL,'2022-11-26 22:29:11'),(522,'内容配置',2,'com.grace.web.controller.cms.CmsSettingController.updateConfig()','POST',1,'admin',NULL,'/cms/setting/updateConfig','127.0.0.1','内网IP','{\"oly.cms.articleCat.maxNum\":\"1\",\"oly.cms.articleImg.maxNum\":\"1\",\"oly.cms.articleVisible.default\":\"1\",\"oly.cms.articleTag.maxNum\":\"1\",\"oly.cms.articleKey.maxNum\":\"1\"}','{\"msg\":\"操作成功\",\"code\":200}',0,NULL,'2022-11-27 01:26:21'),(523,'内容配置',2,'com.grace.web.controller.cms.CmsSettingController.updateConfig()','POST',1,'admin',NULL,'/cms/setting/updateConfig','127.0.0.1','内网IP','{\"oly.cms.articleCat.maxNum\":\"10\",\"oly.cms.articleImg.maxNum\":\"1\",\"oly.cms.articleVisible.default\":\"1\",\"oly.cms.articleTag.maxNum\":\"1\",\"oly.cms.articleKey.maxNum\":\"1\"}','{\"msg\":\"操作成功\",\"code\":200}',0,NULL,'2022-11-27 01:44:10'),(524,'内容配置',2,'com.grace.web.controller.cms.CmsSettingController.updateConfig()','POST',1,'admin',NULL,'/cms/setting/updateConfig','127.0.0.1','内网IP','{\"oly.cms.articleCat.maxNum\":\"10\",\"oly.cms.articleImg.maxNum\":\"1\",\"oly.cms.articleVisible.default\":\"1\",\"oly.cms.articleTag.maxNum\":\"1\",\"oly.cms.articleKey.maxNum\":\"1\"}','{\"msg\":\"操作成功\",\"code\":200}',0,NULL,'2022-11-27 01:44:27'),(525,'储存参数',2,'com.grace.web.controller.server.OssServerController.updateConfig()','POST',1,'admin',NULL,'/server/oss/updateConfig','127.0.0.1','内网IP','{\"oly.oss.video.maxSize\":\"1000\",\"oly.oss.max.length\":\"1\",\"oly.oss.support.type\":\"music,video,image,document,compress\",\"oly.oss.music.maxSize\":\"1000\",\"oly.oss.zh.py\":\"true\",\"oly.oss.image.maxSize\":\"1000\",\"oly.oss.document.maxSize\":\"1000\",\"oly.oss.native.domain\":\"/server/oss/download/\",\"oly.oss.used\":\"native\",\"oly.oss.compress.maxSize\":\"1001\"}','{\"msg\":\"操作成功\",\"code\":200}',0,NULL,'2022-11-27 01:46:12'),(526,'储存参数',2,'com.grace.web.controller.server.OssServerController.updateConfig()','POST',1,'admin',NULL,'/server/oss/updateConfig','127.0.0.1','内网IP','{\"oly.oss.video.maxSize\":\"1000\",\"oly.oss.max.length\":\"100\",\"oly.oss.support.type\":\"music,video,image,document,compress\",\"oly.oss.music.maxSize\":\"1000\",\"oly.oss.zh.py\":\"true\",\"oly.oss.image.maxSize\":\"1000\",\"oly.oss.document.maxSize\":\"1000\",\"oly.oss.native.domain\":\"/server/oss/download/\",\"oly.oss.used\":\"native\",\"oly.oss.compress.maxSize\":\"1001\"}','{\"msg\":\"操作成功\",\"code\":200}',0,NULL,'2022-11-27 01:46:25'),(527,'内容配置',2,'com.grace.web.controller.cms.CmsSettingController.updateConfig()','POST',1,'admin',NULL,'/cms/setting/updateConfig','127.0.0.1','内网IP','{\"oly.cms.articleCat.maxNum\":\"100\",\"oly.cms.articleImg.maxNum\":\"1\",\"oly.cms.articleVisible.default\":\"1\",\"oly.cms.articleTag.maxNum\":\"1\",\"oly.cms.articleKey.maxNum\":\"1\"}','{\"msg\":\"操作成功\",\"code\":200}',0,NULL,'2022-11-27 01:48:44'),(528,'参数管理',2,'com.grace.web.controller.system.SysConfigController.edit()','PUT',1,'admin',NULL,'/system/config','127.0.0.1','内网IP','{\"configGroup\":\"mailConfig\",\"configId\":118,\"configKey\":\"oly.mail.starttls\",\"configName\":\"oly.mail.starttls\",\"configType\":\"N\",\"configValue\":\"false\",\"configValueType\":2,\"createBy\":\"admin\",\"createTime\":\"2022-11-07 20:35:10\",\"params\":{},\"updateBy\":\"admin\",\"updateTime\":\"2022-11-11 10:15:15\"}','{\"msg\":\"操作成功\",\"code\":200}',0,NULL,'2022-11-27 11:47:11'),(529,'参数管理',2,'com.grace.web.controller.system.SysConfigController.edit()','PUT',1,'admin',NULL,'/system/config','127.0.0.1','内网IP','{\"configGroup\":\"mailConfig\",\"configId\":117,\"configKey\":\"oly.mail.enabled\",\"configName\":\"oly.mail.enabled\",\"configType\":\"N\",\"configValue\":\"true\",\"configValueType\":2,\"createBy\":\"admin\",\"createTime\":\"2022-11-07 20:35:10\",\"params\":{},\"updateBy\":\"admin\",\"updateTime\":\"2022-11-11 10:15:15\"}','{\"msg\":\"操作成功\",\"code\":200}',0,NULL,'2022-11-27 11:47:19'),(530,'参数管理',2,'com.grace.web.controller.system.SysConfigController.edit()','PUT',1,'admin',NULL,'/system/config','127.0.0.1','内网IP','{\"configGroup\":\"cmsConfig\",\"configId\":120,\"configKey\":\"oly.cms.articleCat.maxNum\",\"configName\":\"oly.cms.articleCat.maxNum\",\"configType\":\"N\",\"configValue\":\"100\",\"configValueType\":0,\"createBy\":\"admin\",\"createTime\":\"2022-11-26 14:41:11\",\"params\":{},\"updateBy\":\"admin\",\"updateTime\":\"2022-11-27 01:48:44\"}','{\"msg\":\"操作成功\",\"code\":200}',0,NULL,'2022-11-27 11:47:26'),(531,'参数管理',2,'com.grace.web.controller.system.SysConfigController.edit()','PUT',1,'admin',NULL,'/system/config','127.0.0.1','内网IP','{\"configGroup\":\"cmsConfig\",\"configId\":121,\"configKey\":\"oly.cms.articleTag.maxNum\",\"configName\":\"oly.cms.articleTag.maxNum\",\"configType\":\"N\",\"configValue\":\"1\",\"configValueType\":0,\"createBy\":\"admin\",\"createTime\":\"2022-11-26 14:41:11\",\"params\":{},\"updateBy\":\"admin\",\"updateTime\":\"2022-11-27 01:48:44\"}','{\"msg\":\"操作成功\",\"code\":200}',0,NULL,'2022-11-27 11:47:31'),(532,'参数管理',2,'com.grace.web.controller.system.SysConfigController.edit()','PUT',1,'admin',NULL,'/system/config','127.0.0.1','内网IP','{\"configGroup\":\"cmsConfig\",\"configId\":122,\"configKey\":\"oly.cms.articleKey.maxNum\",\"configName\":\"oly.cms.articleKey.maxNum\",\"configType\":\"N\",\"configValue\":\"1\",\"configValueType\":0,\"createBy\":\"admin\",\"createTime\":\"2022-11-26 14:41:11\",\"params\":{},\"updateBy\":\"admin\",\"updateTime\":\"2022-11-27 01:48:44\"}','{\"msg\":\"操作成功\",\"code\":200}',0,NULL,'2022-11-27 11:47:36'),(533,'参数管理',2,'com.grace.web.controller.system.SysConfigController.edit()','PUT',1,'admin',NULL,'/system/config','127.0.0.1','内网IP','{\"configGroup\":\"cmsConfig\",\"configId\":123,\"configKey\":\"oly.cms.articleImg.maxNum\",\"configName\":\"oly.cms.articleImg.maxNum\",\"configType\":\"N\",\"configValue\":\"1\",\"configValueType\":0,\"createBy\":\"admin\",\"createTime\":\"2022-11-26 14:41:12\",\"params\":{},\"updateBy\":\"admin\",\"updateTime\":\"2022-11-27 01:48:44\"}','{\"msg\":\"操作成功\",\"code\":200}',0,NULL,'2022-11-27 11:47:42'),(534,'内容配置',2,'com.grace.web.controller.cms.CmsSettingController.updateConfig()','POST',1,'admin',NULL,'/cms/setting/updateConfig','127.0.0.1','内网IP','{\"oly.cms.articleCat.maxNum\":\"100\",\"oly.cms.articleImg.maxNum\":\"1\",\"oly.cms.articleVisible.default\":\"1\",\"oly.cms.articleTag.maxNum\":\"1\",\"oly.cms.articleKey.maxNum\":\"5\"}','{\"msg\":\"操作成功\",\"code\":200}',0,NULL,'2022-11-27 11:48:56'),(535,'内容配置',2,'com.grace.web.controller.cms.CmsSettingController.updateConfig()','POST',1,'admin',NULL,'/cms/setting/updateConfig','127.0.0.1','内网IP','{\"oly.cms.articleCat.maxNum\":\"100\",\"oly.cms.articleImg.maxNum\":\"1\",\"oly.cms.articleVisible.default\":\"1\",\"oly.cms.articleTag.maxNum\":\"5\",\"oly.cms.articleKey.maxNum\":\"5\"}','{\"msg\":\"操作成功\",\"code\":200}',0,NULL,'2022-11-27 11:48:59'),(536,'内容配置',2,'com.grace.web.controller.cms.CmsSettingController.updateConfig()','POST',1,'admin',NULL,'/cms/setting/updateConfig','127.0.0.1','内网IP','{\"oly.cms.articleCat.maxNum\":\"100\",\"oly.cms.articleImg.maxNum\":\"3\",\"oly.cms.articleVisible.default\":\"1\",\"oly.cms.articleTag.maxNum\":\"2\",\"oly.cms.articleKey.maxNum\":\"5\"}','{\"msg\":\"操作成功\",\"code\":200}',0,NULL,'2022-11-27 11:56:35'),(537,'内容标签',2,'com.grace.web.controller.cms.CmsTagController.edit()','PUT',1,'admin',NULL,'/cms/tag','127.0.0.1','内网IP','{\"createBy\":\"admin\",\"createTime\":\"2022-11-17 22:44:03\",\"orderNum\":0,\"params\":{},\"tagCount\":3,\"tagIco\":\"/dev-api/server/oss/download/image/2022/11/19/44_20221119085215A003.png\",\"tagId\":6,\"tagName\":\"测试\",\"tagPassCount\":0,\"tagType\":0,\"updateBy\":\"admin\",\"updateTime\":\"2022-11-19 08:54:23\",\"visible\":1}','{\"msg\":\"操作成功\",\"code\":200}',0,NULL,'2022-11-28 01:10:33'),(538,'内容标签',2,'com.grace.web.controller.cms.CmsTagController.edit()','PUT',1,'admin',NULL,'/cms/tag','127.0.0.1','内网IP','{\"createBy\":\"admin\",\"createTime\":\"2022-11-17 22:44:03\",\"orderNum\":0,\"params\":{},\"tagCount\":3,\"tagIco\":\"/dev-api/server/oss/download/image/2022/11/19/44_20221119085215A003.png\",\"tagId\":6,\"tagName\":\"测试\",\"tagPassCount\":0,\"tagType\":0,\"updateBy\":\"admin\",\"updateTime\":\"2022-11-28 01:10:33\",\"visible\":0}','{\"msg\":\"操作成功\",\"code\":200}',0,NULL,'2022-11-28 01:12:52'),(539,'内容标签',2,'com.grace.web.controller.cms.CmsTagController.edit()','PUT',1,'admin',NULL,'/cms/tag','127.0.0.1','内网IP','{\"createBy\":\"admin\",\"createTime\":\"2022-11-19 08:51:33\",\"orderNum\":1,\"params\":{},\"tagCount\":1,\"tagIco\":\"/dev-api/server/oss/download/image/2022/11/19/44_20221119085117A002.png\",\"tagId\":7,\"tagName\":\"你说的发生的\",\"tagPassCount\":0,\"tagType\":0,\"updateBy\":\"admin\",\"visible\":1}','{\"msg\":\"操作成功\",\"code\":200}',0,NULL,'2022-11-28 01:12:56'),(540,'内容标签',2,'com.grace.web.controller.cms.CmsTagController.edit()','PUT',1,'admin',NULL,'/cms/tag','127.0.0.1','内网IP','{\"createBy\":\"admin\",\"createTime\":\"2022-11-17 22:44:03\",\"orderNum\":0,\"params\":{},\"tagCount\":3,\"tagIco\":\"/dev-api/server/oss/download/image/2022/11/19/44_20221119085215A003.png\",\"tagId\":6,\"tagName\":\"测试\",\"tagPassCount\":0,\"tagType\":0,\"updateBy\":\"admin\",\"updateTime\":\"2022-11-28 01:12:52\",\"visible\":1}','{\"msg\":\"操作成功\",\"code\":200}',0,NULL,'2022-11-28 01:13:39'),(541,'内容标签',2,'com.grace.web.controller.cms.CmsTagController.edit()','PUT',1,'admin',NULL,'/cms/tag','127.0.0.1','内网IP','{\"createBy\":\"admin\",\"createTime\":\"2022-11-17 22:44:03\",\"orderNum\":0,\"params\":{},\"tagCount\":3,\"tagIco\":\"/dev-api/server/oss/download/image/2022/11/19/44_20221119085215A003.png\",\"tagId\":6,\"tagName\":\"测试\",\"tagPassCount\":0,\"tagType\":0,\"updateBy\":\"admin\",\"updateTime\":\"2022-11-28 01:13:39\",\"visible\":0}','{\"msg\":\"操作成功\",\"code\":200}',0,NULL,'2022-11-28 09:25:54'),(542,'内容标签',2,'com.grace.web.controller.cms.CmsTagController.edit()','PUT',1,'admin',NULL,'/cms/tag','127.0.0.1','内网IP','{\"createBy\":\"admin\",\"createTime\":\"2022-11-19 08:51:33\",\"orderNum\":1,\"params\":{},\"tagCount\":1,\"tagIco\":\"/dev-api/server/oss/download/image/2022/11/19/44_20221119085117A002.png\",\"tagId\":7,\"tagName\":\"你说的发生的\",\"tagPassCount\":0,\"tagType\":0,\"updateBy\":\"admin\",\"updateTime\":\"2022-11-28 01:12:56\",\"visible\":0}','{\"msg\":\"操作成功\",\"code\":200}',0,NULL,'2022-11-28 09:25:59'),(543,'储存参数',2,'com.grace.web.controller.server.OssServerController.updateConfig()','POST',1,'admin',NULL,'/server/oss/updateConfig','127.0.0.1','内网IP','{\"oly.oss.video.maxSize\":\"1000\",\"oly.oss.max.length\":\"100\",\"oly.oss.support.type\":\"music,video,image,document,compress\",\"oly.oss.music.maxSize\":\"1000\",\"oly.oss.zh.py\":\"false\",\"oly.oss.image.maxSize\":\"1000\",\"oly.oss.document.maxSize\":\"1000\",\"oly.oss.native.domain\":\"/server/oss/download/\",\"oly.oss.used\":\"native\",\"oly.oss.compress.maxSize\":\"1001\"}','{\"msg\":\"操作成功\",\"code\":200}',0,NULL,'2022-11-28 11:37:25'),(544,'内容标签',2,'com.grace.web.controller.cms.CmsTagController.edit()','PUT',1,'admin',NULL,'/cms/tag','127.0.0.1','内网IP','{\"createBy\":\"admin\",\"createTime\":\"2022-11-19 08:51:33\",\"orderNum\":1,\"params\":{},\"tagCount\":1,\"tagIco\":\"/dev-api/server/oss/download/image/2022/11/19/44_20221119085117A002.png\",\"tagId\":7,\"tagName\":\"你说的发生的\",\"tagPassCount\":0,\"tagType\":0,\"updateBy\":\"admin\",\"updateTime\":\"2022-11-28 09:25:59\",\"visible\":1}','{\"msg\":\"操作成功\",\"code\":200}',0,NULL,'2022-11-28 11:45:47'),(545,'分类',2,'com.grace.web.controller.cms.CmsCategoryController.edit()','PUT',1,'admin',NULL,'/cms/category','127.0.0.1','内网IP','{\"ancestors\":\"0\",\"catCount\":3,\"catId\":50,\"catName\":\"cesad\",\"catPassCount\":0,\"catType\":0,\"createBy\":\"\",\"createTime\":\"2022-11-18 22:52:59\",\"orderNum\":0,\"params\":{},\"parent\":0,\"parentId\":0,\"updateBy\":\"admin\",\"updateTime\":\"2022-11-19 00:49:22\",\"visible\":1}','{\"msg\":\"操作成功\",\"code\":200}',0,NULL,'2022-11-28 15:35:16'),(546,'分类',2,'com.grace.web.controller.cms.CmsCategoryController.edit()','PUT',1,'admin',NULL,'/cms/category','127.0.0.1','内网IP','{\"ancestors\":\"0\",\"catCount\":3,\"catId\":50,\"catName\":\"cesad\",\"catPassCount\":0,\"catType\":0,\"createBy\":\"\",\"createTime\":\"2022-11-18 22:52:59\",\"orderNum\":0,\"params\":{},\"parent\":0,\"parentId\":0,\"updateBy\":\"admin\",\"updateTime\":\"2022-11-28 15:35:16\",\"visible\":0}','{\"msg\":\"操作成功\",\"code\":200}',0,NULL,'2022-11-28 15:37:54'),(547,'内容配置',2,'com.grace.web.controller.cms.CmsSettingController.updateConfig()','POST',1,'admin',NULL,'/cms/setting/updateConfig','127.0.0.1','内网IP','{\"oly.cms.articleCat.maxNum\":\"2\",\"oly.cms.articleImg.maxNum\":\"3\",\"oly.cms.articleVisible.default\":\"1\",\"oly.cms.articleTag.maxNum\":\"4\",\"oly.cms.articleKey.maxNum\":\"4\"}','{\"msg\":\"操作成功\",\"code\":200}',0,NULL,'2022-11-28 19:41:32'),(548,'文章',1,'com.grace.web.controller.cms.CmsArticleController.add()','POST',1,'admin',NULL,'/cms/article','127.0.0.1','内网IP','{\"allowComment\":true,\"articleBuild\":0,\"articleContent\":\"<p>dfgdfgdfggdddgfdgdfdfdfgfdgdfddgdfgfd</p>\",\"articleId\":35,\"articleTitle\":\"vbnbvnvbnbv\",\"articleTop\":0,\"articleType\":0,\"articleUrl\":\"vbnbvnbv\",\"cats\":[51],\"createBy\":\"admin\",\"createTime\":\"2022-11-26 22:29:11\",\"keywords\":\"ghjhg,ghjgh,ghjgh\",\"params\":{},\"tags\":[7],\"visible\":1}','{\"msg\":\"操作成功\",\"code\":200}',0,NULL,'2022-11-28 19:43:12'),(549,'文章',1,'com.grace.web.controller.cms.CmsArticleController.add()','POST',1,'admin',NULL,'/cms/article','127.0.0.1','内网IP','{\"allowComment\":true,\"articleBuild\":0,\"articleContent\":\"<p style=\\\"text-align: right;\\\">99999vbnbvnvbnbv<span style=\\\"color: rgb(241, 196, 15);\\\">nbvnbvnvb</span></p>\",\"articleId\":36,\"articleTitle\":\"vbnbvnvbnbv\",\"articleTop\":0,\"articleType\":0,\"articleUrl\":\"vbnbvnbv\",\"cats\":[51],\"createBy\":\"admin\",\"createTime\":\"2022-11-26 22:29:11\",\"params\":{},\"tags\":[7],\"visible\":1}','{\"msg\":\"操作成功\",\"code\":200}',0,NULL,'2022-11-28 19:58:01'),(550,'文章',3,'com.grace.web.controller.cms.CmsArticleController.remove()','DELETE',1,'admin',NULL,'/cms/article/36','127.0.0.1','内网IP','{articleIds=36}','{\"msg\":\"操作成功\",\"code\":200}',0,NULL,'2022-11-28 20:05:01'),(551,'文章',3,'com.grace.web.controller.cms.CmsArticleController.remove()','DELETE',1,'admin',NULL,'/cms/article/35','127.0.0.1','内网IP','{articleIds=35}','{\"msg\":\"操作成功\",\"code\":200}',0,NULL,'2022-11-28 20:05:03'),(552,'文章',1,'com.grace.web.controller.cms.CmsArticleController.add()','POST',1,'admin',NULL,'/cms/article','127.0.0.1','内网IP','{\"allowComment\":true,\"articleBuild\":0,\"articleContent\":\"<p>99999vbnbvnvbnbvnbvnbvnvb</p>\",\"articleId\":37,\"articleTitle\":\"vbnbvnvbnbv\",\"articleTop\":0,\"articleType\":0,\"articleUrl\":\"vbnbvnbv\",\"cats\":[51],\"createBy\":\"admin\",\"createTime\":\"2022-11-26 22:29:11\",\"params\":{},\"tags\":[7],\"visible\":1}','{\"msg\":\"操作成功\",\"code\":200}',0,NULL,'2022-11-28 20:06:30'),(553,'文章',3,'com.grace.web.controller.cms.CmsArticleController.remove()','DELETE',1,'admin',NULL,'/cms/article/37','127.0.0.1','内网IP','{articleIds=37}','{\"msg\":\"操作成功\",\"code\":200}',0,NULL,'2022-11-28 20:07:20'),(554,'文章',1,'com.grace.web.controller.cms.CmsArticleController.add()','POST',1,'admin',NULL,'/cms/article','127.0.0.1','内网IP','{\"allowComment\":true,\"articleBuild\":0,\"articleContent\":\"<p>55555555fg<span style=\\\"background-color: rgb(0, 0, 0);\\\">hfghfghfghfghfhgf</span></p>\",\"articleTitle\":\"vbnbvnvbnbv\",\"articleType\":0,\"articleUrl\":\"/98k\",\"cats\":[50,51],\"createBy\":\"admin\",\"params\":{},\"tags\":[6]}',NULL,1,'参数验证校验失败,请检查！','2022-11-28 20:07:55'),(555,'文章',1,'com.grace.web.controller.cms.CmsArticleController.add()','POST',1,'admin',NULL,'/cms/article','127.0.0.1','内网IP','{\"allowComment\":true,\"articleBuild\":0,\"articleContent\":\"<p>99999vbnbvnvbnbvnbvnbvnvb</p>\",\"articleTitle\":\"vbnbvnvbnbv\",\"articleTop\":0,\"articleType\":0,\"articleUrl\":\"vbnbvnbv\",\"cats\":[51],\"createBy\":\"admin\",\"createTime\":\"2022-11-26 22:29:11\",\"params\":{},\"tags\":[7],\"visible\":1}',NULL,1,'参数验证校验失败,请检查！','2022-11-28 20:11:34'),(556,'文章',1,'com.grace.web.controller.cms.CmsArticleController.add()','POST',1,'admin',NULL,'/cms/article','127.0.0.1','内网IP','{\"allowComment\":true,\"articleBuild\":0,\"articleContent\":\"<p>99999vbnbvnvbnbvnbvnbvnvb</p>\",\"articleTitle\":\"vbnbvnvbnbv\",\"articleTop\":0,\"articleType\":0,\"articleUrl\":\"/vbnbvnbv\",\"cats\":[51],\"createBy\":\"admin\",\"createTime\":\"2022-11-26 22:29:11\",\"params\":{},\"tags\":[7],\"visible\":1}',NULL,1,'参数验证校验失败,请检查！','2022-11-29 00:49:23'),(557,'文章',1,'com.grace.web.controller.cms.CmsArticleController.add()','POST',1,'admin',NULL,'/cms/article','127.0.0.1','内网IP','{\"allowComment\":true,\"articleBuild\":0,\"articleContent\":\"<p>99999vbnbvnvbnbvnbvnbvnvb</p>\",\"articleTitle\":\"vbnbvnvbnbv\",\"articleTop\":0,\"articleType\":0,\"articleUrl\":\"/vbnbvnbv\",\"cats\":[51],\"createBy\":\"admin\",\"createTime\":\"2022-11-26 22:29:11\",\"params\":{},\"tags\":[7],\"visible\":1}',NULL,1,'参数验证校验失败,请检查！','2022-11-29 00:49:30'),(558,'文章',1,'com.grace.web.controller.cms.CmsArticleController.add()','POST',1,'admin',NULL,'/cms/article','127.0.0.1','内网IP','{\"allowComment\":true,\"articleBuild\":0,\"articleContent\":\"<p>99999vbnbvnvbnbvnbvnbvnvb豆腐干豆腐干</p>\",\"articleTitle\":\"vbnbvnvbnbv\",\"articleTop\":0,\"articleType\":0,\"articleUrl\":\"/vbnbvnbv\",\"cats\":[51],\"createBy\":\"admin\",\"createTime\":\"2022-11-26 22:29:11\",\"params\":{},\"tags\":[7],\"visible\":1}',NULL,1,'参数验证校验失败,请检查！','2022-11-29 00:49:35'),(559,'文章',1,'com.grace.web.controller.cms.CmsArticleController.add()','POST',1,'admin',NULL,'/cms/article','127.0.0.1','内网IP','{\"allowComment\":true,\"articleBuild\":0,\"articleContent\":\"<p>99999vbnbvnvbnbvnbvnbvnvb豆腐干豆腐干</p>\",\"articleTitle\":\"vbnbvnvbnbv\",\"articleTop\":0,\"articleType\":0,\"articleUrl\":\"/vbnbvnbv\",\"cats\":[51],\"createBy\":\"admin\",\"createTime\":\"2022-11-26 22:29:11\",\"params\":{},\"tags\":[7],\"visible\":1}',NULL,1,'参数验证校验失败,请检查！','2022-11-29 00:49:48'),(560,'文章',1,'com.grace.web.controller.cms.CmsArticleController.add()','POST',1,'admin',NULL,'/cms/article','127.0.0.1','内网IP','{\"allowComment\":true,\"articleBuild\":0,\"articleContent\":\"<p>99999vbnbvnvbnbvnbvnbvnvb豆腐干豆腐干</p>\",\"articleId\":38,\"articleTitle\":\"vbnbvnvbnbvd\",\"articleTop\":0,\"articleType\":0,\"articleUrl\":\"/vbnbvnbv\",\"cats\":[51],\"createBy\":\"admin\",\"createTime\":\"2022-11-26 22:29:11\",\"params\":{},\"tags\":[7],\"visible\":1}','{\"msg\":\"操作成功\",\"code\":200}',0,NULL,'2022-11-29 00:49:54'),(561,'文章',2,'com.grace.web.controller.cms.CmsArticleController.edit()','PUT',1,'admin',NULL,'/cms/article','127.0.0.1','内网IP','{\"allowComment\":false,\"articleBuild\":0,\"articleContent\":\"<p>99999吗拜纳姆拜纳姆部门部门你爸妈把你</p>\",\"articleId\":31,\"articleTitle\":\"，你们，模拟，你们，你们能\",\"articleTop\":0,\"articleType\":0,\"articleUrl\":\"/dgfgfdg\",\"cats\":[50],\"createBy\":\"admin\",\"createTime\":\"2022-11-26 21:38:56\",\"params\":{},\"tags\":[6],\"updateBy\":\"admin\",\"visible\":1}','{\"msg\":\"操作成功\",\"code\":200}',0,NULL,'2022-11-29 00:59:03'),(562,'文章',2,'com.grace.web.controller.cms.CmsArticleController.edit()','PUT',1,'admin',NULL,'/cms/article','127.0.0.1','内网IP','{\"allowComment\":false,\"articleBuild\":0,\"articleContent\":\"<p>99999吗拜纳姆拜纳姆部门部门你爸妈把你</p>\",\"articleId\":31,\"articleTitle\":\"，你们，模拟，你们，你们能\",\"articleTop\":0,\"articleType\":0,\"articleUrl\":\"/dgfgfdg\",\"cats\":[50],\"createBy\":\"admin\",\"createTime\":\"2022-11-26 21:38:56\",\"params\":{},\"tags\":[6],\"updateBy\":\"admin\",\"visible\":1}','{\"msg\":\"操作成功\",\"code\":200}',0,NULL,'2022-11-29 00:59:07'),(563,'文章',3,'com.grace.web.controller.cms.CmsArticleController.remove()','DELETE',1,'admin',NULL,'/cms/article/34','127.0.0.1','内网IP','{articleIds=34}','{\"msg\":\"操作成功\",\"code\":200}',0,NULL,'2022-11-29 01:00:02'),(564,'文章',2,'com.grace.web.controller.cms.CmsArticleController.edit()','PUT',1,'admin',NULL,'/cms/article','127.0.0.1','内网IP','{\"allowComment\":false,\"articleBuild\":0,\"articleContent\":\"<p>99999ghhhhhhhhhhhhhhhhhhhhhhhhhhhhhhh</p>\",\"articleId\":33,\"articleTitle\":\"计划骨结核\",\"articleTop\":0,\"articleType\":0,\"articleUrl\":\"/ooo\",\"cats\":[50],\"createBy\":\"admin\",\"createTime\":\"2022-11-26 22:10:36\",\"params\":{},\"tags\":[6],\"updateBy\":\"admin\",\"visible\":1}','{\"msg\":\"操作成功\",\"code\":200}',0,NULL,'2022-11-29 01:00:09'),(565,'内容标签',2,'com.grace.web.controller.cms.CmsTagController.edit()','PUT',1,'admin',NULL,'/cms/tag','127.0.0.1','内网IP','{\"createBy\":\"admin\",\"createTime\":\"2022-11-19 08:51:33\",\"orderNum\":1,\"params\":{},\"tagCount\":1,\"tagIco\":\"/dev-api/server/oss/download/image/2022/11/19/44_20221119085117A002.png\",\"tagId\":7,\"tagName\":\"你说的发生的\",\"tagPassCount\":0,\"tagType\":0,\"updateBy\":\"admin\",\"updateTime\":\"2022-11-28 11:45:47\",\"visible\":0}','{\"msg\":\"操作成功\",\"code\":200}',0,NULL,'2022-11-29 10:50:20'),(566,'内容标签',2,'com.grace.web.controller.cms.CmsTagController.edit()','PUT',1,'admin',NULL,'/cms/tag','127.0.0.1','内网IP','{\"createBy\":\"admin\",\"createTime\":\"2022-11-17 22:44:03\",\"orderNum\":0,\"params\":{},\"tagCount\":3,\"tagIco\":\"/dev-api/server/oss/download/image/2022/11/19/44_20221119085215A003.png\",\"tagId\":6,\"tagName\":\"测试\",\"tagPassCount\":0,\"tagType\":0,\"updateBy\":\"admin\",\"updateTime\":\"2022-11-28 09:25:54\",\"visible\":1}','{\"msg\":\"操作成功\",\"code\":200}',0,NULL,'2022-11-29 11:26:02'),(567,'文章',2,'com.grace.web.controller.cms.CmsArticleController.edit()','PUT',1,'admin',NULL,'/cms/article','127.0.0.1','内网IP','{\"allowComment\":false,\"articleBuild\":0,\"articleContent\":\"<p>99999吗拜纳姆拜纳姆部门部门你爸妈把你</p>\",\"articleId\":31,\"articleTitle\":\"，你们，模拟，你们，你们能\",\"articleTop\":0,\"articleType\":0,\"articleUrl\":\"/dgfgfdg\",\"cats\":[51],\"createBy\":\"admin\",\"createTime\":\"2022-11-26 21:38:56\",\"params\":{},\"tags\":[6],\"updateBy\":\"admin\",\"updateTime\":\"2022-11-29 00:59:07\",\"visible\":1}',NULL,1,'Invalid bound statement (not found): com.oly.cms.admin.mapper.CmsArticleLiquidMapper.removeCmsArticleCatsByArticleId','2022-11-29 12:45:40'),(568,'文章',2,'com.grace.web.controller.cms.CmsArticleController.edit()','PUT',1,'admin',NULL,'/cms/article','127.0.0.1','内网IP','{\"allowComment\":false,\"articleBuild\":0,\"articleContent\":\"<p>99999吗拜纳姆拜纳姆部门部门你爸妈把你</p>\",\"articleId\":31,\"articleTitle\":\"，你们，模拟，你们，你们能\",\"articleTop\":0,\"articleType\":0,\"articleUrl\":\"/dgfgfdg\",\"cats\":[51],\"createBy\":\"admin\",\"createTime\":\"2022-11-26 21:38:56\",\"params\":{},\"tags\":[6],\"updateBy\":\"admin\",\"updateTime\":\"2022-11-29 00:59:07\",\"visible\":1}',NULL,1,'Invalid bound statement (not found): com.oly.cms.admin.mapper.CmsArticleLiquidMapper.removeCmsArticleCatsByArticleId','2022-11-29 12:45:48'),(569,'文章',2,'com.grace.web.controller.cms.CmsArticleController.edit()','PUT',1,'admin',NULL,'/cms/article','127.0.0.1','内网IP','{\"allowComment\":false,\"articleBuild\":0,\"articleContent\":\"<p>99999吗拜纳姆拜纳姆部门部门你爸妈把你</p>\",\"articleId\":31,\"articleTitle\":\"，你们，模拟，你们，你们能\",\"articleTop\":0,\"articleType\":0,\"articleUrl\":\"/dgfgfdg\",\"cats\":[51],\"createBy\":\"admin\",\"createTime\":\"2022-11-26 21:38:56\",\"params\":{},\"tags\":[6],\"updateBy\":\"admin\",\"updateTime\":\"2022-11-29 00:59:07\",\"visible\":1}','{\"msg\":\"操作成功\",\"code\":200}',0,NULL,'2022-11-29 13:05:36'),(570,'文章',2,'com.grace.web.controller.cms.CmsArticleController.edit()','PUT',1,'admin',NULL,'/cms/article','127.0.0.1','内网IP','{\"allowComment\":false,\"articleBuild\":0,\"articleContent\":\"<p>99999吗拜纳姆拜纳姆部门部门你爸妈把你</p>\",\"articleId\":31,\"articleTitle\":\"，你们，模拟，你们，你们能\",\"articleTop\":0,\"articleType\":0,\"articleUrl\":\"/dgfgfdg\",\"cats\":[51],\"createBy\":\"admin\",\"createTime\":\"2022-11-26 21:38:56\",\"params\":{},\"tags\":[6],\"updateBy\":\"admin\",\"updateTime\":\"2022-11-29 00:59:07\",\"visible\":1}','{\"msg\":\"操作成功\",\"code\":200}',0,NULL,'2022-11-29 13:05:42'),(571,'文章',2,'com.grace.web.controller.cms.CmsArticleController.edit()','PUT',1,'admin',NULL,'/cms/article','127.0.0.1','内网IP','{\"allowComment\":false,\"articleBuild\":0,\"articleContent\":\"<p>99999吗拜纳姆拜纳姆部门部门你爸妈把你</p>\",\"articleId\":31,\"articleTitle\":\"，你们，模拟，你们，你们能\",\"articleTop\":0,\"articleType\":0,\"articleUrl\":\"/dgfgfdg\",\"cats\":[52],\"createBy\":\"admin\",\"createTime\":\"2022-11-26 21:38:56\",\"params\":{},\"tags\":[6],\"updateBy\":\"admin\",\"updateTime\":\"2022-11-29 13:05:42\",\"visible\":1}','{\"msg\":\"操作成功\",\"code\":200}',0,NULL,'2022-11-29 13:06:28'),(572,'文章',2,'com.grace.web.controller.cms.CmsArticleController.edit()','PUT',1,'admin',NULL,'/cms/article','127.0.0.1','内网IP','{\"allowComment\":false,\"articleBuild\":0,\"articleContent\":\"<p>99999ghjghjghjghjghjhgjghhgjhgj</p>\",\"articleId\":32,\"articleTitle\":\"过后就会感觉更好\",\"articleTop\":0,\"articleType\":0,\"articleUrl\":\"/bbu\",\"cats\":[51],\"createBy\":\"admin\",\"createTime\":\"2022-11-26 21:55:40\",\"params\":{},\"tags\":[6],\"updateBy\":\"admin\",\"visible\":1}','{\"msg\":\"操作成功\",\"code\":200}',0,NULL,'2022-11-29 13:07:03'),(573,'文章',2,'com.grace.web.controller.cms.CmsArticleController.edit()','PUT',1,'admin',NULL,'/cms/article','127.0.0.1','内网IP','{\"allowComment\":false,\"articleBuild\":0,\"articleContent\":\"<p>99999吗拜纳姆拜纳姆部门部门你爸妈把你</p>\",\"articleId\":31,\"articleTitle\":\"，你们，模拟，你们，你们能\",\"articleTop\":0,\"articleType\":0,\"articleUrl\":\"/dgfgfdg\",\"cats\":[50],\"createBy\":\"admin\",\"createTime\":\"2022-11-26 21:38:56\",\"params\":{},\"tags\":[6],\"updateBy\":\"admin\",\"updateTime\":\"2022-11-29 13:06:28\",\"visible\":1}','{\"msg\":\"操作成功\",\"code\":200}',0,NULL,'2022-11-29 13:11:04'),(574,'文章',2,'com.grace.web.controller.cms.CmsArticleController.edit()','PUT',1,'admin',NULL,'/cms/article','127.0.0.1','内网IP','{\"allowComment\":false,\"articleBuild\":0,\"articleContent\":\"<p>99999吗拜纳姆拜纳姆部门部门你爸妈把你</p>\",\"articleId\":31,\"articleTitle\":\"，你们，模拟，你们，你们能\",\"articleTop\":0,\"articleType\":0,\"articleUrl\":\"/dgfgfdg\",\"cats\":[52],\"createBy\":\"admin\",\"createTime\":\"2022-11-26 21:38:56\",\"params\":{},\"tags\":[6],\"updateBy\":\"admin\",\"updateTime\":\"2022-11-29 13:06:28\",\"visible\":1}','{\"msg\":\"操作成功\",\"code\":200}',0,NULL,'2022-11-29 13:11:20'),(575,'文章',2,'com.grace.web.controller.cms.CmsArticleController.edit()','PUT',1,'admin',NULL,'/cms/article','127.0.0.1','内网IP','{\"allowComment\":true,\"articleBuild\":0,\"articleContent\":\"<p>99999vbnbvnvbnbvnbvnbvnvb豆腐干豆腐干</p>\",\"articleId\":38,\"articleTitle\":\"vbnbvnvbnbvd\",\"articleTop\":0,\"articleType\":0,\"articleUrl\":\"/vbnbvnbv\",\"cats\":[51],\"createBy\":\"admin\",\"createTime\":\"2022-11-29 00:49:53\",\"params\":{},\"tags\":[7],\"updateBy\":\"admin\",\"visible\":1}','{\"msg\":\"操作成功\",\"code\":200}',0,NULL,'2022-11-29 13:11:47'),(576,'文章',2,'com.grace.web.controller.cms.CmsArticleController.edit()','PUT',1,'admin',NULL,'/cms/article','127.0.0.1','内网IP','{\"allowComment\":false,\"articleBuild\":0,\"articleContent\":\"<p>99999吗拜纳姆拜纳姆部门部门你爸妈把你</p>\",\"articleId\":31,\"articleTitle\":\"，你们，模拟，你们，你们能\",\"articleTop\":0,\"articleType\":0,\"articleUrl\":\"/dgfgfdg\",\"cats\":[52,50],\"createBy\":\"admin\",\"createTime\":\"2022-11-26 21:38:56\",\"params\":{},\"tags\":[6],\"updateBy\":\"admin\",\"updateTime\":\"2022-11-29 13:11:20\",\"visible\":1}','{\"msg\":\"操作成功\",\"code\":200}',0,NULL,'2022-11-29 13:12:34'),(577,'文章',2,'com.grace.web.controller.cms.CmsArticleController.edit()','PUT',1,'admin',NULL,'/cms/article','127.0.0.1','内网IP','{\"allowComment\":false,\"articleBuild\":0,\"articleContent\":\"<p>99999吗拜纳姆拜纳姆部门部门你爸妈把你</p>\",\"articleId\":31,\"articleTitle\":\"，你们，模拟，你们，你们能\",\"articleTop\":0,\"articleType\":0,\"articleUrl\":\"/dgfgfdg\",\"cats\":[50,52],\"createBy\":\"admin\",\"createTime\":\"2022-11-26 21:38:56\",\"params\":{},\"tags\":[6],\"updateBy\":\"admin\",\"updateTime\":\"2022-11-29 13:12:34\",\"visible\":1}','{\"msg\":\"操作成功\",\"code\":200}',0,NULL,'2022-11-29 13:13:22'),(578,'文章',2,'com.grace.web.controller.cms.CmsArticleController.edit()','PUT',1,'admin',NULL,'/cms/article','127.0.0.1','内网IP','{\"allowComment\":false,\"articleBuild\":0,\"articleContent\":\"<p>99999ghjghjghjghjghjhgjghhgjhgj</p>\",\"articleId\":32,\"articleTitle\":\"过后就会感觉更好\",\"articleTop\":0,\"articleType\":0,\"articleUrl\":\"/bbu\",\"cats\":[51],\"createBy\":\"admin\",\"createTime\":\"2022-11-26 21:55:40\",\"params\":{},\"tags\":[6],\"updateBy\":\"admin\",\"updateTime\":\"2022-11-29 13:07:03\",\"visible\":1}','{\"msg\":\"操作成功\",\"code\":200}',0,NULL,'2022-11-29 13:13:27'),(579,'文章',2,'com.grace.web.controller.cms.CmsArticleController.edit()','PUT',1,'admin',NULL,'/cms/article','127.0.0.1','内网IP','{\"allowComment\":false,\"articleBuild\":0,\"articleContent\":\"<p>99999ghhhhhhhhhhhhhhhhhhhhhhhhhhhhhhh</p>\",\"articleId\":33,\"articleTitle\":\"计划骨结核\",\"articleTop\":0,\"articleType\":0,\"articleUrl\":\"/ooo\",\"cats\":[50],\"createBy\":\"admin\",\"createTime\":\"2022-11-26 22:10:36\",\"params\":{},\"tags\":[6],\"updateBy\":\"admin\",\"updateTime\":\"2022-11-29 01:00:09\",\"visible\":1}','{\"msg\":\"操作成功\",\"code\":200}',0,NULL,'2022-11-29 13:13:32'),(580,'文章',2,'com.grace.web.controller.cms.CmsArticleController.edit()','PUT',1,'admin',NULL,'/cms/article','127.0.0.1','内网IP','{\"allowComment\":true,\"articleBuild\":0,\"articleContent\":\"<p>99999vbnbvnvbnbvnbvnbvnvb豆腐干豆腐干</p>\",\"articleId\":38,\"articleTitle\":\"vbnbvnvbnbvd\",\"articleTop\":0,\"articleType\":0,\"articleUrl\":\"/vbnbvnbv\",\"cats\":[51],\"createBy\":\"admin\",\"createTime\":\"2022-11-29 00:49:53\",\"params\":{},\"tags\":[7],\"updateBy\":\"admin\",\"updateTime\":\"2022-11-29 13:11:47\",\"visible\":1}','{\"msg\":\"操作成功\",\"code\":200}',0,NULL,'2022-11-29 13:13:37'),(581,'文章',2,'com.grace.web.controller.cms.CmsArticleController.edit()','PUT',1,'admin',NULL,'/cms/article','127.0.0.1','内网IP','{\"allowComment\":true,\"articleBuild\":0,\"articleContent\":\"<p>99999vbnbvnvbnbvnbvnbvnvb豆腐干豆腐干</p>\",\"articleId\":38,\"articleTitle\":\"vbnbvnvbnbvd\",\"articleTop\":0,\"articleType\":0,\"articleUrl\":\"/vbnbvnbv\",\"cats\":[50],\"createBy\":\"admin\",\"createTime\":\"2022-11-29 00:49:53\",\"params\":{},\"tags\":[7],\"updateBy\":\"admin\",\"updateTime\":\"2022-11-29 13:13:37\",\"visible\":1}','{\"msg\":\"操作成功\",\"code\":200}',0,NULL,'2022-11-29 13:13:54'),(582,'文章',2,'com.grace.web.controller.cms.CmsArticleController.edit()','PUT',1,'admin',NULL,'/cms/article','127.0.0.1','内网IP','{\"allowComment\":true,\"articleBuild\":0,\"articleContent\":\"<p>99999vbnbvnvbnbvnbvnbvnvb豆腐干豆腐干</p>\",\"articleId\":38,\"articleTitle\":\"vbnbvnvbnbvd\",\"articleTop\":0,\"articleType\":0,\"articleUrl\":\"/vbnbvnbv\",\"cats\":[50],\"createBy\":\"admin\",\"createTime\":\"2022-11-29 00:49:53\",\"params\":{},\"tags\":[7],\"updateBy\":\"admin\",\"updateTime\":\"2022-11-29 13:13:37\",\"visible\":1}','{\"msg\":\"操作成功\",\"code\":200}',0,NULL,'2022-11-29 13:16:23'),(583,'文章',2,'com.grace.web.controller.cms.CmsArticleController.edit()','PUT',1,'admin',NULL,'/cms/article','127.0.0.1','内网IP','{\"allowComment\":false,\"articleBuild\":0,\"articleContent\":\"<p>99999ghhhhhhhhhhhhhhhhhhhhhhhhhhhhhhh</p>\",\"articleId\":33,\"articleTitle\":\"计划骨结核\",\"articleTop\":0,\"articleType\":0,\"articleUrl\":\"/ooo\",\"cats\":[50],\"createBy\":\"admin\",\"createTime\":\"2022-11-26 22:10:36\",\"params\":{},\"tags\":[6],\"updateBy\":\"admin\",\"updateTime\":\"2022-11-29 13:13:32\",\"visible\":1}','{\"msg\":\"操作成功\",\"code\":200}',0,NULL,'2022-11-29 13:17:59'),(584,'文章',2,'com.grace.web.controller.cms.CmsArticleController.edit()','PUT',1,'admin',NULL,'/cms/article','127.0.0.1','内网IP','{\"allowComment\":false,\"articleBuild\":0,\"articleContent\":\"<p>99999ghhhhhhhhhhhhhhhhhhhhhhhhhhhhhhh</p>\",\"articleId\":33,\"articleTitle\":\"计划骨结核\",\"articleTop\":0,\"articleType\":0,\"articleUrl\":\"/ooo\",\"cats\":[51],\"createBy\":\"admin\",\"createTime\":\"2022-11-26 22:10:36\",\"params\":{},\"tags\":[6],\"updateBy\":\"admin\",\"updateTime\":\"2022-11-29 13:13:32\",\"visible\":1}','{\"msg\":\"操作成功\",\"code\":200}',0,NULL,'2022-11-29 13:27:51'),(585,'文章',2,'com.grace.web.controller.cms.CmsArticleController.edit()','PUT',1,'admin',NULL,'/cms/article','127.0.0.1','内网IP','{\"allowComment\":false,\"articleBuild\":0,\"articleContent\":\"<p>99999ghhhhhhhhhhhhhhhhhhhhhhhhhhhhhhh</p>\",\"articleId\":33,\"articleTitle\":\"计划骨结核\",\"articleTop\":0,\"articleType\":0,\"articleUrl\":\"/ooo\",\"cats\":[52],\"createBy\":\"admin\",\"createTime\":\"2022-11-26 22:10:36\",\"params\":{},\"tags\":[6],\"updateBy\":\"admin\",\"updateTime\":\"2022-11-29 13:27:51\",\"visible\":1}','{\"msg\":\"操作成功\",\"code\":200}',0,NULL,'2022-11-29 13:34:27'),(586,'文章',2,'com.grace.web.controller.cms.CmsArticleController.edit()','PUT',1,'admin',NULL,'/cms/article','127.0.0.1','内网IP','{\"allowComment\":false,\"articleBuild\":0,\"articleContent\":\"<p>99999吗拜纳姆拜纳姆部门部门你爸妈把你</p>\",\"articleId\":31,\"articleTitle\":\"，你们，模拟，你们，你们能\",\"articleTop\":0,\"articleType\":0,\"articleUrl\":\"/dgfgfdg\",\"cats\":[52],\"createBy\":\"admin\",\"createTime\":\"2022-11-26 21:38:56\",\"params\":{},\"tags\":[6],\"updateBy\":\"admin\",\"updateTime\":\"2022-11-29 13:13:22\",\"visible\":1}','{\"msg\":\"操作成功\",\"code\":200}',0,NULL,'2022-11-29 13:35:02'),(587,'文章',2,'com.grace.web.controller.cms.CmsArticleController.edit()','PUT',1,'admin',NULL,'/cms/article','127.0.0.1','内网IP','{\"allowComment\":false,\"articleBuild\":0,\"articleContent\":\"<p>99999ghjghjghjghjghjhgjghhgjhgj</p>\",\"articleId\":32,\"articleTitle\":\"过后就会感觉更好\",\"articleTop\":0,\"articleType\":0,\"articleUrl\":\"/bbu\",\"cats\":[52],\"createBy\":\"admin\",\"createTime\":\"2022-11-26 21:55:40\",\"params\":{},\"tags\":[6],\"updateBy\":\"admin\",\"updateTime\":\"2022-11-29 13:13:27\",\"visible\":1}','{\"msg\":\"操作成功\",\"code\":200}',0,NULL,'2022-11-29 13:36:00'),(588,'文章',2,'com.grace.web.controller.cms.CmsArticleController.edit()','PUT',1,'admin',NULL,'/cms/article','127.0.0.1','内网IP','{\"allowComment\":false,\"articleBuild\":0,\"articleContent\":\"<p>99999吗拜纳姆拜纳姆部门部门你爸妈把你</p>\",\"articleId\":31,\"articleTitle\":\"，你们，模拟，你们，你们能\",\"articleTop\":0,\"articleType\":0,\"articleUrl\":\"/dgfgfdg\",\"cats\":[52,51],\"createBy\":\"admin\",\"createTime\":\"2022-11-26 21:38:56\",\"params\":{},\"tags\":[6],\"updateBy\":\"admin\",\"updateTime\":\"2022-11-29 13:35:02\",\"visible\":1}','{\"msg\":\"操作成功\",\"code\":200}',0,NULL,'2022-11-29 13:36:43'),(589,'文章',2,'com.grace.web.controller.cms.CmsArticleController.edit()','PUT',1,'admin',NULL,'/cms/article','127.0.0.1','内网IP','{\"allowComment\":false,\"articleBuild\":0,\"articleContent\":\"<p>99999吗拜纳姆拜纳姆部门部门你爸妈把你</p>\",\"articleId\":31,\"articleTitle\":\"，你们，模拟，你们，你们能\",\"articleTop\":0,\"articleType\":0,\"articleUrl\":\"/dgfgfdg\",\"cats\":[51],\"createBy\":\"admin\",\"createTime\":\"2022-11-26 21:38:56\",\"params\":{},\"tags\":[6],\"updateBy\":\"admin\",\"updateTime\":\"2022-11-29 13:36:43\",\"visible\":1}','{\"msg\":\"操作成功\",\"code\":200}',0,NULL,'2022-11-29 13:41:54'),(590,'文章',2,'com.grace.web.controller.cms.CmsArticleController.edit()','PUT',1,'admin',NULL,'/cms/article','127.0.0.1','内网IP','{\"allowComment\":false,\"articleBuild\":0,\"articleContent\":\"<p>99999吗拜纳姆拜纳姆部门部门你爸妈把你</p>\",\"articleId\":31,\"articleTitle\":\"，你们，模拟，你们，你们能\",\"articleTop\":0,\"articleType\":0,\"articleUrl\":\"/dgfgfdg\",\"cats\":[51,50],\"createBy\":\"admin\",\"createTime\":\"2022-11-26 21:38:56\",\"params\":{},\"tags\":[6],\"updateBy\":\"admin\",\"updateTime\":\"2022-11-29 13:41:54\",\"visible\":1}','{\"msg\":\"操作成功\",\"code\":200}',0,NULL,'2022-11-29 13:42:55'),(591,'文章',2,'com.grace.web.controller.cms.CmsArticleController.edit()','PUT',1,'admin',NULL,'/cms/article','127.0.0.1','内网IP','{\"allowComment\":false,\"articleBuild\":0,\"articleContent\":\"<p>99999吗拜纳姆拜纳姆部门部门你爸妈把你</p>\",\"articleId\":31,\"articleTitle\":\"，你们，模拟，你们，你们能\",\"articleTop\":0,\"articleType\":0,\"articleUrl\":\"/dgfgfdg\",\"cats\":[51],\"createBy\":\"admin\",\"createTime\":\"2022-11-26 21:38:56\",\"params\":{},\"tags\":[6],\"updateBy\":\"admin\",\"updateTime\":\"2022-11-29 13:42:55\",\"visible\":1}','{\"msg\":\"操作成功\",\"code\":200}',0,NULL,'2022-11-29 13:43:19'),(592,'文章',2,'com.grace.web.controller.cms.CmsArticleController.edit()','PUT',1,'admin',NULL,'/cms/article','127.0.0.1','内网IP','{\"allowComment\":false,\"articleBuild\":0,\"articleContent\":\"<p>99999吗拜纳姆拜纳姆部门部门你爸妈把你</p>\",\"articleId\":31,\"articleTitle\":\"，你们，模拟，你们，你们能\",\"articleTop\":0,\"articleType\":0,\"articleUrl\":\"/dgfgfdg\",\"cats\":[51,50],\"createBy\":\"admin\",\"createTime\":\"2022-11-26 21:38:56\",\"params\":{},\"tags\":[6],\"updateBy\":\"admin\",\"updateTime\":\"2022-11-29 13:43:19\",\"visible\":1}','{\"msg\":\"操作成功\",\"code\":200}',0,NULL,'2022-11-29 13:43:37'),(593,'文章',2,'com.grace.web.controller.cms.CmsArticleController.edit()','PUT',1,'admin',NULL,'/cms/article','127.0.0.1','内网IP','{\"allowComment\":false,\"articleBuild\":0,\"articleContent\":\"<p>99999吗拜纳姆拜纳姆部门部门你爸妈把你</p>\",\"articleId\":31,\"articleTitle\":\"，你们，模拟，你们，你们能\",\"articleTop\":0,\"articleType\":0,\"articleUrl\":\"/dgfgfdg\",\"cats\":[51],\"createBy\":\"admin\",\"createTime\":\"2022-11-26 21:38:56\",\"params\":{},\"tags\":[6],\"updateBy\":\"admin\",\"updateTime\":\"2022-11-29 13:43:37\",\"visible\":1}','{\"msg\":\"操作成功\",\"code\":200}',0,NULL,'2022-11-29 13:43:57'),(594,'文章',2,'com.grace.web.controller.cms.CmsArticleController.edit()','PUT',1,'admin',NULL,'/cms/article','127.0.0.1','内网IP','{\"allowComment\":false,\"articleBuild\":0,\"articleContent\":\"<p>99999吗拜纳姆拜纳姆部门部门你爸妈把你</p>\",\"articleId\":31,\"articleTitle\":\"，你们，模拟，你们，你们能\",\"articleTop\":0,\"articleType\":0,\"articleUrl\":\"/dgfgfdg\",\"cats\":[51],\"createBy\":\"admin\",\"createTime\":\"2022-11-26 21:38:56\",\"params\":{},\"tags\":[6],\"updateBy\":\"admin\",\"updateTime\":\"2022-11-29 13:43:37\",\"visible\":1}','{\"msg\":\"操作成功\",\"code\":200}',0,NULL,'2022-11-29 13:44:00'),(595,'文章',1,'com.grace.web.controller.cms.CmsArticleController.add()','POST',1,'admin',NULL,'/cms/article','127.0.0.1','内网IP','{\"allowComment\":true,\"articleBuild\":0,\"articleContent\":\"<p>fghgfhfghfghfghfghfghfghfghfghfghgf</p>\",\"articleId\":39,\"articleTitle\":\"fghgfhfgh\",\"articleTop\":0,\"articleType\":0,\"articleUrl\":\"/1669700650236\",\"cats\":[50],\"createBy\":\"admin\",\"params\":{},\"tags\":[7],\"visible\":1}','{\"msg\":\"操作成功\",\"code\":200}',0,NULL,'2022-11-29 13:44:24'),(596,'文章',2,'com.grace.web.controller.cms.CmsArticleController.edit()','PUT',1,'admin',NULL,'/cms/article','127.0.0.1','内网IP','{\"allowComment\":false,\"articleBuild\":0,\"articleContent\":\"<p>99999吗拜纳姆拜纳姆部门部门你爸妈把你</p>\",\"articleId\":31,\"articleTitle\":\"，你们，模拟，你们，你们能\",\"articleTop\":0,\"articleType\":0,\"articleUrl\":\"/dgfgfdg\",\"cats\":[51,50],\"createBy\":\"admin\",\"createTime\":\"2022-11-26 21:38:56\",\"params\":{},\"tags\":[6],\"updateBy\":\"admin\",\"updateTime\":\"2022-11-29 13:44:00\",\"visible\":1}','{\"msg\":\"操作成功\",\"code\":200}',0,NULL,'2022-11-29 13:46:20'),(597,'文章',2,'com.grace.web.controller.cms.CmsArticleController.edit()','PUT',1,'admin',NULL,'/cms/article','127.0.0.1','内网IP','{\"allowComment\":false,\"articleBuild\":0,\"articleContent\":\"<p>99999ghjghjghjghjghjhgjghhgjhgj</p>\",\"articleId\":32,\"articleTitle\":\"过后就会感觉更好\",\"articleTop\":0,\"articleType\":0,\"articleUrl\":\"/bbu\",\"cats\":[52,50],\"createBy\":\"admin\",\"createTime\":\"2022-11-26 21:55:40\",\"params\":{},\"tags\":[6],\"updateBy\":\"admin\",\"updateTime\":\"2022-11-29 13:36:00\",\"visible\":1}','{\"msg\":\"操作成功\",\"code\":200}',0,NULL,'2022-11-29 13:46:29'),(598,'文章',2,'com.grace.web.controller.cms.CmsArticleController.edit()','PUT',1,'admin',NULL,'/cms/article','127.0.0.1','内网IP','{\"allowComment\":false,\"articleBuild\":0,\"articleContent\":\"<p>99999ghhhhhhhhhhhhhhhhhhhhhhhhhhhhhhh</p>\",\"articleId\":33,\"articleTitle\":\"计划骨结核\",\"articleTop\":0,\"articleType\":0,\"articleUrl\":\"/ooo\",\"cats\":[52,50],\"createBy\":\"admin\",\"createTime\":\"2022-11-26 22:10:36\",\"params\":{},\"tags\":[6],\"updateBy\":\"admin\",\"updateTime\":\"2022-11-29 13:34:27\",\"visible\":1}','{\"msg\":\"操作成功\",\"code\":200}',0,NULL,'2022-11-29 13:46:37'),(599,'文章',2,'com.grace.web.controller.cms.CmsArticleController.edit()','PUT',1,'admin',NULL,'/cms/article','127.0.0.1','内网IP','{\"allowComment\":true,\"articleBuild\":0,\"articleContent\":\"<p>fghgfhfghfghfghfghfghfghfghfghfghgf</p>\",\"articleId\":39,\"articleTitle\":\"fghgfhfgh\",\"articleTop\":0,\"articleType\":0,\"articleUrl\":\"/1669700650236\",\"cats\":[50],\"createBy\":\"admin\",\"createTime\":\"2022-11-29 13:44:24\",\"params\":{},\"tags\":[7],\"updateBy\":\"admin\",\"visible\":1}','{\"msg\":\"操作成功\",\"code\":200}',0,NULL,'2022-11-29 13:46:50'),(600,'文章',2,'com.grace.web.controller.cms.CmsArticleController.edit()','PUT',1,'admin',NULL,'/cms/article','127.0.0.1','内网IP','{\"allowComment\":true,\"articleBuild\":0,\"articleContent\":\"<p>fghgfhfghfghfghfghfghfghfghfghfghgf</p>\",\"articleId\":39,\"articleTitle\":\"fghgfhfgh\",\"articleTop\":0,\"articleType\":0,\"articleUrl\":\"/1669700650236\",\"cats\":[51],\"createBy\":\"admin\",\"createTime\":\"2022-11-29 13:44:24\",\"params\":{},\"tags\":[7],\"updateBy\":\"admin\",\"updateTime\":\"2022-11-29 13:46:50\",\"visible\":1}','{\"msg\":\"操作成功\",\"code\":200}',0,NULL,'2022-11-29 13:47:14'),(601,'文章',2,'com.grace.web.controller.cms.CmsArticleController.edit()','PUT',1,'admin',NULL,'/cms/article','127.0.0.1','内网IP','{\"allowComment\":true,\"articleBuild\":0,\"articleContent\":\"<p>99999vbnbvnvbnbvnbvnbvnvb豆腐干豆腐干</p>\",\"articleId\":38,\"articleTitle\":\"vbnbvnvbnbvd\",\"articleTop\":0,\"articleType\":0,\"articleUrl\":\"/vbnbvnbv\",\"cats\":[51],\"createBy\":\"admin\",\"createTime\":\"2022-11-29 00:49:53\",\"params\":{},\"tags\":[7],\"updateBy\":\"admin\",\"updateTime\":\"2022-11-29 13:16:22\",\"visible\":1}','{\"msg\":\"操作成功\",\"code\":200}',0,NULL,'2022-11-29 13:49:22'),(602,'文章',2,'com.grace.web.controller.cms.CmsArticleController.edit()','PUT',1,'admin',NULL,'/cms/article','127.0.0.1','内网IP','{\"allowComment\":true,\"articleBuild\":0,\"articleContent\":\"<p>99999vbnbvnvbnbvnbvnbvnvb豆腐干豆腐干</p>\",\"articleId\":38,\"articleTitle\":\"vbnbvnvbnbvd\",\"articleTop\":0,\"articleType\":0,\"articleUrl\":\"/vbnbvnbv\",\"cats\":[50],\"createBy\":\"admin\",\"createTime\":\"2022-11-29 00:49:53\",\"params\":{},\"tags\":[7],\"updateBy\":\"admin\",\"updateTime\":\"2022-11-29 13:49:22\",\"visible\":1}','{\"msg\":\"操作成功\",\"code\":200}',0,NULL,'2022-11-29 13:49:46'),(603,'文章',1,'com.grace.web.controller.cms.CmsArticleController.add()','POST',1,'admin',NULL,'/cms/article','127.0.0.1','内网IP','{\"allowComment\":true,\"articleBuild\":0,\"articleContent\":\"<p>fghfghfghfghfghfghfghfghghfghfghfghgfhfghfg</p>\",\"articleId\":40,\"articleTitle\":\"fghfghfghf\",\"articleTop\":0,\"articleType\":0,\"articleUrl\":\"/1669701047083\",\"cats\":[50],\"createBy\":\"admin\",\"params\":{},\"tags\":[7],\"visible\":1}','{\"msg\":\"操作成功\",\"code\":200}',0,NULL,'2022-11-29 13:51:02'),(604,'文章',2,'com.grace.web.controller.cms.CmsArticleController.edit()','PUT',1,'admin',NULL,'/cms/article','127.0.0.1','内网IP','{\"allowComment\":true,\"articleBuild\":0,\"articleContent\":\"<p>fghfghfghfghfghfghfghfghghfghfghfghgfhfghfg</p>\",\"articleId\":40,\"articleTitle\":\"fghfghfghf\",\"articleTop\":0,\"articleType\":0,\"articleUrl\":\"/1669701047083\",\"cats\":[51],\"createBy\":\"admin\",\"createTime\":\"2022-11-29 13:51:02\",\"params\":{},\"tags\":[7],\"updateBy\":\"admin\",\"visible\":1}','{\"msg\":\"操作成功\",\"code\":200}',0,NULL,'2022-11-29 13:51:23'),(605,'文章',2,'com.grace.web.controller.cms.CmsArticleController.edit()','PUT',1,'admin',NULL,'/cms/article','127.0.0.1','内网IP','{\"allowComment\":false,\"articleBuild\":0,\"articleContent\":\"<p>99999吗拜纳姆拜纳姆部门部门你爸妈把你</p>\",\"articleId\":31,\"articleTitle\":\"，你们，模拟，你们，你们能\",\"articleTop\":0,\"articleType\":0,\"articleUrl\":\"/dgfgfdg\",\"cats\":[51],\"createBy\":\"admin\",\"createTime\":\"2022-11-26 21:38:56\",\"params\":{},\"tags\":[6],\"updateBy\":\"admin\",\"updateTime\":\"2022-11-29 13:46:20\",\"visible\":1}','{\"msg\":\"操作成功\",\"code\":200}',0,NULL,'2022-11-29 15:32:00'),(606,'文章',2,'com.grace.web.controller.cms.CmsArticleController.edit()','PUT',1,'admin',NULL,'/cms/article','127.0.0.1','内网IP','{\"allowComment\":false,\"articleBuild\":0,\"articleContent\":\"<p>99999ghhhhhhhhhhhhhhhhhhhhhhhhhhhhhhh</p>\",\"articleId\":33,\"articleTitle\":\"计划骨结核\",\"articleTop\":0,\"articleType\":0,\"articleUrl\":\"/ooo\",\"cats\":[50],\"createBy\":\"admin\",\"createTime\":\"2022-11-26 22:10:36\",\"params\":{},\"tags\":[6],\"updateBy\":\"admin\",\"updateTime\":\"2022-11-29 13:46:37\",\"visible\":1}','{\"msg\":\"操作成功\",\"code\":200}',0,NULL,'2022-11-29 15:32:45'),(607,'文章',2,'com.grace.web.controller.cms.CmsArticleController.edit()','PUT',1,'admin',NULL,'/cms/article','127.0.0.1','内网IP','{\"allowComment\":true,\"articleBuild\":0,\"articleContent\":\"<p>fghfghfghfghfghfghfghfghghfghfghfghgfhfghfg</p>\",\"articleId\":40,\"articleTitle\":\"fghfghfghf\",\"articleTop\":0,\"articleType\":0,\"articleUrl\":\"/1669701047083\",\"cats\":[51,52],\"createBy\":\"admin\",\"createTime\":\"2022-11-29 13:51:02\",\"params\":{},\"tags\":[7],\"updateBy\":\"admin\",\"updateTime\":\"2022-11-29 13:51:23\",\"visible\":1}','{\"msg\":\"操作成功\",\"code\":200}',0,NULL,'2022-11-29 19:01:49'),(608,'文章',2,'com.grace.web.controller.cms.CmsArticleController.edit()','PUT',1,'admin',NULL,'/cms/article','127.0.0.1','内网IP','{\"allowComment\":true,\"articleBuild\":0,\"articleContent\":\"<p>fghfghfghfghfghfghfghfghghfghfghfghgfhfghfg</p>\",\"articleId\":40,\"articleTitle\":\"fghfghfghf\",\"articleTop\":0,\"articleType\":0,\"articleUrl\":\"/1669701047083\",\"cats\":[52],\"createBy\":\"admin\",\"createTime\":\"2022-11-29 13:51:02\",\"params\":{},\"tags\":[7],\"updateBy\":\"admin\",\"updateTime\":\"2022-11-29 13:51:23\",\"visible\":1}','{\"msg\":\"操作成功\",\"code\":200}',0,NULL,'2022-11-29 19:02:07'),(609,'文章',3,'com.grace.web.controller.cms.CmsArticleController.remove()','DELETE',1,'admin',NULL,'/cms/article/31','127.0.0.1','内网IP','{articleIds=31}','{\"msg\":\"操作成功\",\"code\":200}',0,NULL,'2022-11-29 23:39:10'),(610,'内容标签',3,'com.grace.web.controller.cms.CmsTagController.remove()','DELETE',1,'admin',NULL,'/cms/tag/6','127.0.0.1','内网IP','{tagIds=6}','{\"msg\":\"操作成功\",\"code\":200}',0,NULL,'2022-11-29 23:39:39'),(611,'文章',2,'com.grace.web.controller.cms.CmsArticleController.edit()','PUT',1,'admin',NULL,'/cms/article','127.0.0.1','内网IP','{\"allowComment\":false,\"articleBuild\":0,\"articleContent\":\"<p>99999ghjghjghjghjghjhgjghhgjhgj</p>\",\"articleId\":32,\"articleTitle\":\"过后就会感觉更好\",\"articleTop\":0,\"articleType\":0,\"articleUrl\":\"/bbu\",\"cats\":[50,52],\"createBy\":\"admin\",\"createTime\":\"2022-11-26 21:55:40\",\"params\":{},\"tags\":[7],\"updateBy\":\"admin\",\"updateTime\":\"2022-11-29 13:46:29\",\"visible\":1}','{\"msg\":\"操作成功\",\"code\":200}',0,NULL,'2022-11-29 23:41:40'),(612,'文章',2,'com.grace.web.controller.cms.CmsArticleController.edit()','PUT',1,'admin',NULL,'/cms/article','127.0.0.1','内网IP','{\"allowComment\":false,\"articleBuild\":0,\"articleContent\":\"<p>99999ghhhhhhhhhhhhhhhhhhhhhhhhhhhhhhh</p>\",\"articleId\":33,\"articleTitle\":\"计划骨结核\",\"articleTop\":0,\"articleType\":0,\"articleUrl\":\"/ooo\",\"cats\":[50],\"createBy\":\"admin\",\"createTime\":\"2022-11-26 22:10:36\",\"params\":{},\"tags\":[7],\"updateBy\":\"admin\",\"updateTime\":\"2022-11-29 15:32:45\",\"visible\":1}','{\"msg\":\"操作成功\",\"code\":200}',0,NULL,'2022-11-29 23:41:55'),(613,'文章',2,'com.grace.web.controller.cms.CmsArticleController.edit()','PUT',1,'admin',NULL,'/cms/article','127.0.0.1','内网IP','{\"allowComment\":true,\"articleBuild\":0,\"articleContent\":\"<p>99999vbnbvnvbnbvnbvnbvnvb豆腐干豆腐干</p>\",\"articleId\":38,\"articleTitle\":\"vbnbvnvbnbvd\",\"articleTop\":0,\"articleType\":0,\"articleUrl\":\"/vbnbvnbv\",\"cats\":[50],\"createBy\":\"admin\",\"createTime\":\"2022-11-29 00:49:53\",\"params\":{},\"tags\":[7],\"updateBy\":\"admin\",\"updateTime\":\"2022-11-29 13:49:46\",\"visible\":1}','{\"msg\":\"操作成功\",\"code\":200}',0,NULL,'2022-11-29 23:42:00'),(614,'文章',2,'com.grace.web.controller.cms.CmsArticleController.edit()','PUT',1,'admin',NULL,'/cms/article','127.0.0.1','内网IP','{\"allowComment\":true,\"articleBuild\":0,\"articleContent\":\"<p>fghgfhfghfghfghfghfghfghfghfghfghgf</p>\",\"articleId\":39,\"articleTitle\":\"fghgfhfgh\",\"articleTop\":0,\"articleType\":0,\"articleUrl\":\"/1669700650236\",\"cats\":[51],\"createBy\":\"admin\",\"createTime\":\"2022-11-29 13:44:24\",\"params\":{},\"tags\":[7],\"updateBy\":\"admin\",\"updateTime\":\"2022-11-29 13:47:14\",\"visible\":1}','{\"msg\":\"操作成功\",\"code\":200}',0,NULL,'2022-11-29 23:42:05'),(615,'文章',2,'com.grace.web.controller.cms.CmsArticleController.edit()','PUT',1,'admin',NULL,'/cms/article','127.0.0.1','内网IP','{\"allowComment\":true,\"articleBuild\":0,\"articleContent\":\"<p>fghgfhfghfghfghfghfghfghfghfghfghgf</p>\",\"articleId\":39,\"articleTitle\":\"fghgfhfgh\",\"articleTop\":0,\"articleType\":0,\"articleUrl\":\"/1669700650236\",\"cats\":[51],\"createBy\":\"admin\",\"createTime\":\"2022-11-29 13:44:24\",\"params\":{},\"tags\":[7],\"updateBy\":\"admin\",\"updateTime\":\"2022-11-29 23:42:05\",\"visible\":1}','{\"msg\":\"操作成功\",\"code\":200}',0,NULL,'2022-11-29 23:42:09'),(616,'内容标签',3,'com.grace.web.controller.cms.CmsTagController.remove()','DELETE',1,'admin',NULL,'/cms/tag/7','127.0.0.1','内网IP','{tagIds=7}','{\"msg\":\"操作成功\",\"code\":200}',0,NULL,'2022-11-30 00:13:51'),(617,'分类',3,'com.grace.web.controller.cms.CmsCategoryController.remove()','DELETE',1,'admin',NULL,'/cms/category/52','127.0.0.1','内网IP','{catId=52}',NULL,1,'与文章有关联不允许删除','2022-11-30 00:14:13'),(618,'文章',2,'com.grace.web.controller.cms.CmsArticleController.edit()','PUT',1,'admin',NULL,'/cms/article','127.0.0.1','内网IP','{\"allowComment\":false,\"articleBuild\":0,\"articleContent\":\"<p>99999ghjghjghjghjghjhgjghhgjhgj</p>\",\"articleId\":32,\"articleTitle\":\"过后就会感觉更好\",\"articleTop\":0,\"articleType\":0,\"articleUrl\":\"/bbu\",\"cats\":[50,52],\"createBy\":\"admin\",\"createTime\":\"2022-11-26 21:55:40\",\"params\":{},\"tags\":[7],\"updateBy\":\"admin\",\"updateTime\":\"2022-11-29 23:41:40\",\"visible\":1}','{\"msg\":\"操作成功\",\"code\":200}',0,NULL,'2022-11-30 02:56:55'),(619,'文章',2,'com.grace.web.controller.cms.CmsArticleController.edit()','PUT',1,'admin',NULL,'/cms/article','127.0.0.1','内网IP','{\"allowComment\":false,\"articleBuild\":0,\"articleContent\":\"<p>99999ghjghjghjghjghjhgjghhgjhgj</p>\",\"articleId\":32,\"articleTitle\":\"过后就会感觉更好\",\"articleTop\":0,\"articleType\":0,\"articleUrl\":\"/bbu\",\"cats\":[50,52],\"createBy\":\"admin\",\"createTime\":\"2022-11-26 21:55:40\",\"params\":{},\"tags\":[7],\"updateBy\":\"admin\",\"updateTime\":\"2022-11-30 02:56:55\",\"visible\":1}','{\"msg\":\"操作成功\",\"code\":200}',0,NULL,'2022-11-30 02:57:11'),(620,'文章',2,'com.grace.web.controller.cms.CmsArticleController.edit()','PUT',1,'admin',NULL,'/cms/article','127.0.0.1','内网IP','{\"allowComment\":false,\"articleBuild\":0,\"articleContent\":\"<p>99999ghjghjghjghjghjhgjghhgjhgj</p>\",\"articleId\":32,\"articleTitle\":\"过后就会感觉更好\",\"articleTop\":0,\"articleType\":0,\"articleUrl\":\"/bbu\",\"cats\":[50,52],\"createBy\":\"admin\",\"createTime\":\"2022-11-26 21:55:40\",\"params\":{},\"tags\":[7],\"updateBy\":\"admin\",\"updateTime\":\"2022-11-30 02:57:11\",\"visible\":1}','{\"msg\":\"操作成功\",\"code\":200}',0,NULL,'2022-11-30 02:58:50'),(621,'文章',2,'com.grace.web.controller.cms.CmsArticleController.edit()','PUT',1,'admin',NULL,'/cms/article','127.0.0.1','内网IP','{\"allowComment\":false,\"articleBuild\":0,\"articleContent\":\"<p>99999ghjghjghjghjghjhgjghhgjhgj</p>\",\"articleId\":32,\"articleTitle\":\"过后就会感觉更好\",\"articleTop\":0,\"articleType\":0,\"articleUrl\":\"/bbu\",\"cats\":[50,52],\"createBy\":\"admin\",\"createTime\":\"2022-11-26 21:55:40\",\"params\":{},\"tags\":[],\"updateBy\":\"admin\",\"updateTime\":\"2022-11-30 02:58:50\",\"visible\":1}',NULL,1,'\r\n### Error querying database.  Cause: java.sql.SQLSyntaxErrorException: You have an error in your SQL syntax; check the manual that corresponds to your MySQL server version for the right syntax to use near \'\' at line 1\r\n### The error may exist in file [D:\\vue\\Grace-Vue\\grace-oly\\oly-cms\\cms-admin\\target\\classes\\mapper\\oly\\CmsArticleLiquidMapper.xml]\r\n### The error may involve defaultParameterMap\r\n### The error occurred while setting parameters\r\n### SQL: select tag_id from cms_tag where tag_id in\r\n### Cause: java.sql.SQLSyntaxErrorException: You have an error in your SQL syntax; check the manual that corresponds to your MySQL server version for the right syntax to use near \'\' at line 1\n; bad SQL grammar []; nested exception is java.sql.SQLSyntaxErrorException: You have an error in your SQL syntax; check the manual that corresponds to your MySQL server version for the right syntax to use near \'\' at line 1','2022-11-30 03:03:56'),(622,'文章',2,'com.grace.web.controller.cms.CmsArticleController.edit()','PUT',1,'admin',NULL,'/cms/article','127.0.0.1','内网IP','{\"allowComment\":false,\"articleBuild\":0,\"articleContent\":\"<p>99999ghjghjghjghjghjhgjghhgjhgj</p>\",\"articleId\":32,\"articleTitle\":\"过后就会感觉更好\",\"articleTop\":0,\"articleType\":0,\"articleUrl\":\"/bbu\",\"cats\":[50,52],\"createBy\":\"admin\",\"createTime\":\"2022-11-26 21:55:40\",\"params\":{},\"tags\":[],\"updateBy\":\"admin\",\"updateTime\":\"2022-11-30 02:58:50\",\"visible\":1}',NULL,1,'\r\n### Error querying database.  Cause: java.sql.SQLSyntaxErrorException: You have an error in your SQL syntax; check the manual that corresponds to your MySQL server version for the right syntax to use near \'\' at line 1\r\n### The error may exist in file [D:\\vue\\Grace-Vue\\grace-oly\\oly-cms\\cms-admin\\target\\classes\\mapper\\oly\\CmsArticleLiquidMapper.xml]\r\n### The error may involve defaultParameterMap\r\n### The error occurred while setting parameters\r\n### SQL: select tag_id from cms_tag where tag_id in\r\n### Cause: java.sql.SQLSyntaxErrorException: You have an error in your SQL syntax; check the manual that corresponds to your MySQL server version for the right syntax to use near \'\' at line 1\n; bad SQL grammar []; nested exception is java.sql.SQLSyntaxErrorException: You have an error in your SQL syntax; check the manual that corresponds to your MySQL server version for the right syntax to use near \'\' at line 1','2022-11-30 03:04:01'),(623,'文章',2,'com.grace.web.controller.cms.CmsArticleController.edit()','PUT',1,'admin',NULL,'/cms/article','127.0.0.1','内网IP','{\"allowComment\":false,\"articleBuild\":0,\"articleContent\":\"<p>99999ghjghjghjghjghjhgjghhgjhgj</p>\",\"articleId\":32,\"articleTitle\":\"过后就会感觉更好\",\"articleTop\":0,\"articleType\":0,\"articleUrl\":\"/bbu\",\"cats\":[50,52],\"createBy\":\"admin\",\"createTime\":\"2022-11-26 21:55:40\",\"params\":{},\"tags\":[],\"updateBy\":\"admin\",\"updateTime\":\"2022-11-30 02:58:50\",\"visible\":1}',NULL,1,'\r\n### Error querying database.  Cause: java.sql.SQLSyntaxErrorException: You have an error in your SQL syntax; check the manual that corresponds to your MySQL server version for the right syntax to use near \'\' at line 1\r\n### The error may exist in file [D:\\vue\\Grace-Vue\\grace-oly\\oly-cms\\cms-admin\\target\\classes\\mapper\\oly\\CmsArticleLiquidMapper.xml]\r\n### The error may involve defaultParameterMap\r\n### The error occurred while setting parameters\r\n### SQL: select tag_id from cms_tag where tag_id in\r\n### Cause: java.sql.SQLSyntaxErrorException: You have an error in your SQL syntax; check the manual that corresponds to your MySQL server version for the right syntax to use near \'\' at line 1\n; bad SQL grammar []; nested exception is java.sql.SQLSyntaxErrorException: You have an error in your SQL syntax; check the manual that corresponds to your MySQL server version for the right syntax to use near \'\' at line 1','2022-11-30 03:06:29'),(624,'文章',2,'com.grace.web.controller.cms.CmsArticleController.edit()','PUT',1,'admin',NULL,'/cms/article','127.0.0.1','内网IP','{\"allowComment\":false,\"articleBuild\":0,\"articleContent\":\"<p>99999ghjghjghjghjghjhgjghhgjhgj</p>\",\"articleId\":32,\"articleTitle\":\"过后就会感觉更好\",\"articleTop\":0,\"articleType\":0,\"articleUrl\":\"/bbu\",\"cats\":[50,52],\"createBy\":\"admin\",\"createTime\":\"2022-11-26 21:55:40\",\"params\":{},\"tags\":[],\"updateBy\":\"admin\",\"updateTime\":\"2022-11-30 02:58:50\",\"visible\":1}','{\"msg\":\"操作成功\",\"code\":200}',0,NULL,'2022-11-30 03:15:36'),(625,'文章',2,'com.grace.web.controller.cms.CmsArticleController.edit()','PUT',1,'admin',NULL,'/cms/article','127.0.0.1','内网IP','{\"allowComment\":false,\"articleBuild\":0,\"articleContent\":\"<p>99999ghhhhhhhhhhhhhhhhhhhhhhhhhhhhhhh</p>\",\"articleId\":33,\"articleTitle\":\"计划骨结核\",\"articleTop\":0,\"articleType\":0,\"articleUrl\":\"/ooo\",\"cats\":[50],\"createBy\":\"admin\",\"createTime\":\"2022-11-26 22:10:36\",\"params\":{},\"tags\":[7],\"updateBy\":\"admin\",\"updateTime\":\"2022-11-29 23:41:55\",\"visible\":1}','{\"msg\":\"操作成功\",\"code\":200}',0,NULL,'2022-11-30 03:15:53'),(626,'文章',2,'com.grace.web.controller.cms.CmsArticleController.edit()','PUT',1,'admin',NULL,'/cms/article','127.0.0.1','内网IP','{\"allowComment\":false,\"articleBuild\":0,\"articleContent\":\"<p>99999ghhhhhhhhhhhhhhhhhhhhhhhhhhhhhhh</p>\",\"articleId\":33,\"articleTitle\":\"计划骨结核\",\"articleTop\":0,\"articleType\":0,\"articleUrl\":\"/ooo\",\"cats\":[50],\"createBy\":\"admin\",\"createTime\":\"2022-11-26 22:10:36\",\"params\":{},\"tags\":[],\"updateBy\":\"admin\",\"updateTime\":\"2022-11-30 03:15:53\",\"visible\":1}','{\"msg\":\"操作成功\",\"code\":200}',0,NULL,'2022-11-30 03:16:31'),(627,'文章',2,'com.grace.web.controller.cms.CmsArticleController.edit()','PUT',1,'admin',NULL,'/cms/article','127.0.0.1','内网IP','{\"allowComment\":true,\"articleBuild\":0,\"articleContent\":\"<p>fghfghfghfghfghfghfghfghghfghfghfghgfhfghfg</p>\",\"articleId\":40,\"articleTitle\":\"fghfghfghf\",\"articleTop\":0,\"articleType\":0,\"articleUrl\":\"/1669701047083\",\"cats\":[52],\"createBy\":\"admin\",\"createTime\":\"2022-11-29 13:51:02\",\"params\":{},\"tags\":[],\"updateBy\":\"admin\",\"updateTime\":\"2022-11-29 19:02:07\",\"visible\":1}','{\"msg\":\"操作成功\",\"code\":200}',0,NULL,'2022-11-30 03:16:36'),(628,'文章',2,'com.grace.web.controller.cms.CmsArticleController.edit()','PUT',1,'admin',NULL,'/cms/article','127.0.0.1','内网IP','{\"allowComment\":true,\"articleBuild\":0,\"articleContent\":\"<p>99999vbnbvnvbnbvnbvnbvnvb豆腐干豆腐干</p>\",\"articleId\":38,\"articleTitle\":\"vbnbvnvbnbvd\",\"articleTop\":0,\"articleType\":0,\"articleUrl\":\"/vbnbvnbv\",\"cats\":[50],\"createBy\":\"admin\",\"createTime\":\"2022-11-29 00:49:53\",\"params\":{},\"tags\":[],\"updateBy\":\"admin\",\"updateTime\":\"2022-11-29 23:42:00\",\"visible\":1}','{\"msg\":\"操作成功\",\"code\":200}',0,NULL,'2022-11-30 03:16:42'),(629,'内容标签',1,'com.grace.web.controller.cms.CmsTagController.add()','POST',1,'admin',NULL,'/cms/tag','127.0.0.1','内网IP','{\"createBy\":\"admin\",\"orderNum\":0,\"params\":{},\"tagId\":8,\"tagName\":\"fghfgh\",\"tagType\":0,\"visible\":0}','{\"msg\":\"操作成功\",\"code\":200}',0,NULL,'2022-11-30 03:17:04'),(630,'文章',2,'com.grace.web.controller.cms.CmsArticleController.edit()','PUT',1,'admin',NULL,'/cms/article','127.0.0.1','内网IP','{\"allowComment\":false,\"articleBuild\":0,\"articleContent\":\"<p>99999ghhhhhhhhhhhhhhhhhhhhhhhhhhhhhhh</p>\",\"articleId\":33,\"articleTitle\":\"计划骨结核\",\"articleTop\":0,\"articleType\":0,\"articleUrl\":\"/ooo\",\"cats\":[50],\"createBy\":\"admin\",\"createTime\":\"2022-11-26 22:10:36\",\"params\":{},\"tags\":[8],\"updateBy\":\"admin\",\"updateTime\":\"2022-11-30 03:16:31\",\"visible\":1}','{\"msg\":\"操作成功\",\"code\":200}',0,NULL,'2022-11-30 03:17:21'),(631,'内容标签',3,'com.grace.web.controller.cms.CmsTagController.remove()','DELETE',1,'admin',NULL,'/cms/tag/8','127.0.0.1','内网IP','{tagIds=8}',NULL,1,'删除未完全完成!删除数据1条,其中删除成功0条,其中[8]条可能由于关联文章不允许删除,未删除的标签ID为:[8]','2022-11-30 03:17:31'),(632,'内容标签',3,'com.grace.web.controller.cms.CmsTagController.remove()','DELETE',1,'admin',NULL,'/cms/tag/8','127.0.0.1','内网IP','{tagIds=8}',NULL,1,'删除未完全完成!删除数据1条,其中删除成功0条,其中[8]条可能由于关联文章不允许删除,未删除的标签ID为:[8]','2022-11-30 03:17:42'),(633,'文章',2,'com.grace.web.controller.cms.CmsArticleController.edit()','PUT',1,'admin',NULL,'/cms/article','127.0.0.1','内网IP','{\"allowComment\":false,\"articleBuild\":0,\"articleContent\":\"<p>99999ghhhhhhhhhhhhhhhhhhhhhhhhhhhhhhh</p>\",\"articleId\":33,\"articleTitle\":\"计划骨结核\",\"articleTop\":0,\"articleType\":0,\"articleUrl\":\"/ooo\",\"cats\":[50],\"createBy\":\"admin\",\"createTime\":\"2022-11-26 22:10:36\",\"params\":{},\"tags\":[],\"updateBy\":\"admin\",\"updateTime\":\"2022-11-30 03:17:21\",\"visible\":1}','{\"msg\":\"操作成功\",\"code\":200}',0,NULL,'2022-11-30 03:19:23'),(634,'内容标签',3,'com.grace.web.controller.cms.CmsTagController.remove()','DELETE',1,'admin',NULL,'/cms/tag/8','127.0.0.1','内网IP','{tagIds=8}','{\"msg\":\"操作成功\",\"code\":200}',0,NULL,'2022-11-30 03:19:27'),(635,'分类',2,'com.grace.web.controller.cms.CmsCategoryController.edit()','PUT',1,'admin',NULL,'/cms/category','127.0.0.1','内网IP','{\"ancestors\":\"0\",\"catCount\":3,\"catId\":50,\"catName\":\"cesad\",\"catPassCount\":0,\"catType\":0,\"createBy\":\"\",\"createTime\":\"2022-11-18 22:52:59\",\"orderNum\":0,\"params\":{},\"parent\":0,\"parentId\":0,\"updateBy\":\"admin\",\"updateTime\":\"2022-11-28 15:37:54\",\"visible\":0}',NULL,1,'Invalid bound statement (not found): com.oly.cms.admin.mapper.CmsCategoryMapper.updateCatVisible','2022-12-01 11:23:50'),(636,'分类',2,'com.grace.web.controller.cms.CmsCategoryController.edit()','PUT',1,'admin',NULL,'/cms/category','127.0.0.1','内网IP','{\"ancestors\":\"0\",\"catCount\":3,\"catId\":50,\"catName\":\"cesad\",\"catPassCount\":0,\"catType\":0,\"createBy\":\"\",\"createTime\":\"2022-11-18 22:52:59\",\"orderNum\":0,\"params\":{},\"parent\":0,\"parentId\":0,\"updateBy\":\"admin\",\"updateTime\":\"2022-11-28 15:37:54\",\"visible\":0}','{\"msg\":\"操作成功\",\"code\":200}',0,NULL,'2022-12-01 11:26:07'),(637,'分类',1,'com.grace.web.controller.cms.CmsCategoryController.add()','POST',1,'admin',NULL,'/cms/category','127.0.0.1','内网IP','{\"ancestors\":\"0,50\",\"catCount\":0,\"catId\":53,\"catName\":\"只顶顶顶\",\"catType\":0,\"createBy\":\"admin\",\"orderNum\":0,\"params\":{},\"parent\":0,\"parentId\":50,\"visible\":0}','{\"msg\":\"操作成功\",\"code\":200}',0,NULL,'2022-12-01 11:27:54'),(638,'分类',1,'com.grace.web.controller.cms.CmsCategoryController.add()','POST',1,'admin',NULL,'/cms/category','127.0.0.1','内网IP','{\"ancestors\":\"0,50,53\",\"catCount\":0,\"catId\":54,\"catName\":\"v吧v程序从\",\"catType\":0,\"createBy\":\"admin\",\"orderNum\":0,\"params\":{},\"parent\":1,\"parentId\":53,\"visible\":0}','{\"msg\":\"操作成功\",\"code\":200}',0,NULL,'2022-12-01 11:28:24'),(639,'分类',2,'com.grace.web.controller.cms.CmsCategoryController.edit()','PUT',1,'admin',NULL,'/cms/category','127.0.0.1','内网IP','{\"ancestors\":\"0\",\"catCount\":3,\"catId\":50,\"catName\":\"cesad\",\"catPassCount\":0,\"catType\":0,\"createBy\":\"\",\"createTime\":\"2022-11-18 22:52:59\",\"orderNum\":0,\"params\":{},\"parent\":0,\"parentId\":0,\"updateBy\":\"admin\",\"updateTime\":\"2022-12-01 11:26:07\",\"visible\":1}','{\"msg\":\"操作成功\",\"code\":200}',0,NULL,'2022-12-01 11:28:52'),(640,'分类',1,'com.grace.web.controller.cms.CmsCategoryController.add()','POST',1,'admin',NULL,'/cms/category','127.0.0.1','内网IP','{\"ancestors\":\"0\",\"catCount\":0,\"catId\":55,\"catName\":\"vxcvxc\",\"catType\":0,\"createBy\":\"admin\",\"orderNum\":0,\"params\":{},\"parent\":0,\"parentId\":0,\"visible\":0}','{\"msg\":\"操作成功\",\"code\":200}',0,NULL,'2022-12-01 11:29:26'),(641,'分类',2,'com.grace.web.controller.cms.CmsCategoryController.edit()','PUT',1,'admin',NULL,'/cms/category','127.0.0.1','内网IP','{\"ancestors\":\"0,50\",\"catCount\":3,\"catId\":50,\"catName\":\"cesad\",\"catPassCount\":0,\"catType\":0,\"createBy\":\"\",\"createTime\":\"2022-11-18 22:52:59\",\"orderNum\":0,\"params\":{},\"parent\":0,\"parentId\":50,\"updateBy\":\"admin\",\"updateTime\":\"2022-12-01 11:28:52\",\"visible\":1}',NULL,1,'\r\n### Error updating database.  Cause: com.mysql.cj.jdbc.exceptions.MysqlDataTruncation: Data truncation: Data too long for column \'ancestors\' at row 1\r\n### The error may exist in file [D:\\vue\\Grace-Vue\\grace-oly\\oly-cms\\cms-admin\\target\\classes\\mapper\\oly\\CmsCategoryMapper.xml]\r\n### The error may involve defaultParameterMap\r\n### The error occurred while setting parameters\r\n### SQL: update cms_category set ancestors=?,update_by=?,update_time = sysdate() where parent_id=?\r\n### Cause: com.mysql.cj.jdbc.exceptions.MysqlDataTruncation: Data truncation: Data too long for column \'ancestors\' at row 1\n; Data truncation: Data too long for column \'ancestors\' at row 1; nested exception is com.mysql.cj.jdbc.exceptions.MysqlDataTruncation: Data truncation: Data too long for column \'ancestors\' at row 1','2022-12-01 11:30:02'),(642,'分类',2,'com.grace.web.controller.cms.CmsCategoryController.edit()','PUT',1,'admin',NULL,'/cms/category','127.0.0.1','内网IP','{\"ancestors\":\"0,50\",\"catCount\":3,\"catId\":50,\"catName\":\"cesad\",\"catPassCount\":0,\"catType\":0,\"createBy\":\"\",\"createTime\":\"2022-11-18 22:52:59\",\"orderNum\":0,\"params\":{},\"parent\":0,\"parentId\":50,\"updateBy\":\"admin\",\"updateTime\":\"2022-12-01 11:28:52\",\"visible\":1}',NULL,1,'\r\n### Error updating database.  Cause: com.mysql.cj.jdbc.exceptions.MysqlDataTruncation: Data truncation: Data too long for column \'ancestors\' at row 1\r\n### The error may exist in file [D:\\vue\\Grace-Vue\\grace-oly\\oly-cms\\cms-admin\\target\\classes\\mapper\\oly\\CmsCategoryMapper.xml]\r\n### The error may involve defaultParameterMap\r\n### The error occurred while setting parameters\r\n### SQL: update cms_category set ancestors=?,update_by=?,update_time = sysdate() where parent_id=?\r\n### Cause: com.mysql.cj.jdbc.exceptions.MysqlDataTruncation: Data truncation: Data too long for column \'ancestors\' at row 1\n; Data truncation: Data too long for column \'ancestors\' at row 1; nested exception is com.mysql.cj.jdbc.exceptions.MysqlDataTruncation: Data truncation: Data too long for column \'ancestors\' at row 1','2022-12-01 11:30:19'),(643,'分类',2,'com.grace.web.controller.cms.CmsCategoryController.edit()','PUT',1,'admin',NULL,'/cms/category','127.0.0.1','内网IP','{\"ancestors\":\"0,55\",\"catCount\":3,\"catId\":50,\"catName\":\"cesad\",\"catPassCount\":0,\"catType\":0,\"createBy\":\"\",\"createTime\":\"2022-11-18 22:52:59\",\"orderNum\":0,\"params\":{},\"parent\":0,\"parentId\":55,\"updateBy\":\"admin\",\"updateTime\":\"2022-12-01 11:28:52\",\"visible\":1}','{\"msg\":\"操作成功\",\"code\":200}',0,NULL,'2022-12-01 11:31:09'),(644,'分类',2,'com.grace.web.controller.cms.CmsCategoryController.edit()','PUT',1,'admin',NULL,'/cms/category','127.0.0.1','内网IP','{\"ancestors\":\"0,55\",\"catCount\":0,\"catId\":55,\"catName\":\"vxcvxc\",\"catPassCount\":0,\"catType\":0,\"createBy\":\"admin\",\"createTime\":\"2022-12-01 11:29:26\",\"orderNum\":0,\"params\":{},\"parent\":0,\"parentId\":55,\"updateBy\":\"admin\",\"visible\":0}',NULL,1,'\r\n### Error updating database.  Cause: com.mysql.cj.jdbc.exceptions.MysqlDataTruncation: Data truncation: Data too long for column \'ancestors\' at row 1\r\n### The error may exist in file [D:\\vue\\Grace-Vue\\grace-oly\\oly-cms\\cms-admin\\target\\classes\\mapper\\oly\\CmsCategoryMapper.xml]\r\n### The error may involve defaultParameterMap\r\n### The error occurred while setting parameters\r\n### SQL: update cms_category set ancestors=?,update_by=?,update_time = sysdate() where parent_id=?\r\n### Cause: com.mysql.cj.jdbc.exceptions.MysqlDataTruncation: Data truncation: Data too long for column \'ancestors\' at row 1\n; Data truncation: Data too long for column \'ancestors\' at row 1; nested exception is com.mysql.cj.jdbc.exceptions.MysqlDataTruncation: Data truncation: Data too long for column \'ancestors\' at row 1','2022-12-01 11:32:16'),(645,'分类',2,'com.grace.web.controller.cms.CmsCategoryController.edit()','PUT',1,'admin',NULL,'/cms/category','127.0.0.1','内网IP','{\"ancestors\":\"0,55\",\"catCount\":0,\"catId\":55,\"catName\":\"vxcvxc\",\"catPassCount\":0,\"catType\":0,\"createBy\":\"admin\",\"createTime\":\"2022-12-01 11:29:26\",\"orderNum\":0,\"params\":{},\"parent\":0,\"parentId\":55,\"updateBy\":\"admin\",\"visible\":0}',NULL,1,'\r\n### Error updating database.  Cause: com.mysql.cj.jdbc.exceptions.MysqlDataTruncation: Data truncation: Data too long for column \'ancestors\' at row 1\r\n### The error may exist in file [D:\\vue\\Grace-Vue\\grace-oly\\oly-cms\\cms-admin\\target\\classes\\mapper\\oly\\CmsCategoryMapper.xml]\r\n### The error may involve defaultParameterMap\r\n### The error occurred while setting parameters\r\n### SQL: update cms_category set ancestors=?,update_by=?,update_time = sysdate() where parent_id=?\r\n### Cause: com.mysql.cj.jdbc.exceptions.MysqlDataTruncation: Data truncation: Data too long for column \'ancestors\' at row 1\n; Data truncation: Data too long for column \'ancestors\' at row 1; nested exception is com.mysql.cj.jdbc.exceptions.MysqlDataTruncation: Data truncation: Data too long for column \'ancestors\' at row 1','2022-12-01 11:32:23'),(646,'分类',2,'com.grace.web.controller.cms.CmsCategoryController.edit()','PUT',1,'admin',NULL,'/cms/category','127.0.0.1','内网IP','{\"ancestors\":\"0,55\",\"catCount\":0,\"catId\":55,\"catName\":\"vxcvxc\",\"catPassCount\":0,\"catType\":0,\"createBy\":\"admin\",\"createTime\":\"2022-12-01 11:29:26\",\"orderNum\":0,\"params\":{},\"parent\":0,\"parentId\":55,\"updateBy\":\"admin\",\"visible\":0}','{\"msg\":\"操作成功\",\"code\":200}',0,NULL,'2022-12-01 11:35:20'),(647,'分类',2,'com.grace.web.controller.cms.CmsCategoryController.edit()','PUT',1,'admin',NULL,'/cms/category','127.0.0.1','内网IP','{\"ancestors\":\"0,55,55\",\"catCount\":0,\"catId\":55,\"catName\":\"vxcvxc\",\"catPassCount\":0,\"catType\":0,\"createBy\":\"admin\",\"createTime\":\"2022-12-01 11:29:26\",\"orderNum\":0,\"params\":{},\"parent\":0,\"parentId\":55,\"updateBy\":\"admin\",\"updateTime\":\"2022-12-01 11:35:20\",\"visible\":0}','{\"msg\":\"操作成功\",\"code\":200}',0,NULL,'2022-12-01 11:35:35'),(648,'分类',2,'com.grace.web.controller.cms.CmsCategoryController.edit()','PUT',1,'admin',NULL,'/cms/category','127.0.0.1','内网IP','{\"ancestors\":\"0,55,55,55,50\",\"catCount\":0,\"catId\":55,\"catName\":\"vxcvxc\",\"catPassCount\":0,\"catType\":0,\"createBy\":\"admin\",\"createTime\":\"2022-12-01 11:29:26\",\"orderNum\":0,\"params\":{},\"parent\":0,\"parentId\":50,\"updateBy\":\"admin\",\"updateTime\":\"2022-12-01 11:35:35\",\"visible\":0}',NULL,1,'\r\n### Error updating database.  Cause: com.mysql.cj.jdbc.exceptions.MysqlDataTruncation: Data truncation: Data too long for column \'ancestors\' at row 1\r\n### The error may exist in file [D:\\vue\\Grace-Vue\\grace-oly\\oly-cms\\cms-admin\\target\\classes\\mapper\\oly\\CmsCategoryMapper.xml]\r\n### The error may involve defaultParameterMap\r\n### The error occurred while setting parameters\r\n### SQL: update cms_category set ancestors=?,update_by=?,update_time = sysdate() where parent_id=?\r\n### Cause: com.mysql.cj.jdbc.exceptions.MysqlDataTruncation: Data truncation: Data too long for column \'ancestors\' at row 1\n; Data truncation: Data too long for column \'ancestors\' at row 1; nested exception is com.mysql.cj.jdbc.exceptions.MysqlDataTruncation: Data truncation: Data too long for column \'ancestors\' at row 1','2022-12-01 11:36:21'),(649,'分类',2,'com.grace.web.controller.cms.CmsCategoryController.edit()','PUT',1,'admin',NULL,'/cms/category','127.0.0.1','内网IP','{\"ancestors\":\"0,55,55,55,50\",\"catCount\":0,\"catId\":55,\"catName\":\"vxcvxc\",\"catPassCount\":0,\"catType\":0,\"createBy\":\"admin\",\"createTime\":\"2022-12-01 11:29:26\",\"orderNum\":0,\"params\":{},\"parent\":0,\"parentId\":50,\"updateBy\":\"admin\",\"updateTime\":\"2022-12-01 11:35:35\",\"visible\":0}',NULL,1,'\r\n### Error updating database.  Cause: com.mysql.cj.jdbc.exceptions.MysqlDataTruncation: Data truncation: Data too long for column \'ancestors\' at row 1\r\n### The error may exist in file [D:\\vue\\Grace-Vue\\grace-oly\\oly-cms\\cms-admin\\target\\classes\\mapper\\oly\\CmsCategoryMapper.xml]\r\n### The error may involve defaultParameterMap\r\n### The error occurred while setting parameters\r\n### SQL: update cms_category set ancestors=?,update_by=?,update_time = sysdate() where parent_id=?\r\n### Cause: com.mysql.cj.jdbc.exceptions.MysqlDataTruncation: Data truncation: Data too long for column \'ancestors\' at row 1\n; Data truncation: Data too long for column \'ancestors\' at row 1; nested exception is com.mysql.cj.jdbc.exceptions.MysqlDataTruncation: Data truncation: Data too long for column \'ancestors\' at row 1','2022-12-01 11:41:53'),(650,'分类',2,'com.grace.web.controller.cms.CmsCategoryController.edit()','PUT',1,'admin',NULL,'/cms/category','127.0.0.1','内网IP','{\"ancestors\":\"0,55,55,55\",\"catCount\":3,\"catId\":50,\"catName\":\"cesad\",\"catPassCount\":0,\"catType\":0,\"createBy\":\"\",\"createTime\":\"2022-11-18 22:52:59\",\"orderNum\":0,\"params\":{},\"parent\":0,\"parentId\":55,\"updateBy\":\"admin\",\"updateTime\":\"2022-12-01 11:35:35\",\"visible\":0}','{\"msg\":\"操作成功\",\"code\":200}',0,NULL,'2022-12-01 12:26:00'),(651,'分类',2,'com.grace.web.controller.cms.CmsCategoryController.edit()','PUT',1,'admin',NULL,'/cms/category','127.0.0.1','内网IP','{\"ancestors\":\"0,55,55\",\"catCount\":0,\"catId\":55,\"catName\":\"vxcvxc\",\"catPassCount\":0,\"catType\":0,\"createBy\":\"admin\",\"createTime\":\"2022-12-01 11:29:26\",\"orderNum\":0,\"params\":{},\"parent\":0,\"parentId\":55,\"updateBy\":\"admin\",\"updateTime\":\"2022-12-01 11:35:35\",\"visible\":0}',NULL,1,'不能选择自己作为父节点','2022-12-01 12:26:16'),(652,'分类',2,'com.grace.web.controller.cms.CmsCategoryController.edit()','PUT',1,'admin',NULL,'/cms/category','127.0.0.1','内网IP','{\"ancestors\":\"0,55,55,55,50,53\",\"catCount\":0,\"catId\":55,\"catName\":\"vxcvxc\",\"catPassCount\":0,\"catType\":0,\"createBy\":\"admin\",\"createTime\":\"2022-12-01 11:29:26\",\"orderNum\":0,\"params\":{},\"parent\":0,\"parentId\":53,\"updateBy\":\"admin\",\"updateTime\":\"2022-12-01 11:35:35\",\"visible\":0}',NULL,1,'\r\n### Error updating database.  Cause: com.mysql.cj.jdbc.exceptions.MysqlDataTruncation: Data truncation: Data too long for column \'ancestors\' at row 5\r\n### The error may exist in file [D:\\vue\\Grace-Vue\\grace-oly\\oly-cms\\cms-admin\\target\\classes\\mapper\\oly\\CmsCategoryMapper.xml]\r\n### The error may involve defaultParameterMap\r\n### The error occurred while setting parameters\r\n### SQL: update cms_category set ancestors=?,update_by=?,update_time = sysdate() where parent_id=?\r\n### Cause: com.mysql.cj.jdbc.exceptions.MysqlDataTruncation: Data truncation: Data too long for column \'ancestors\' at row 5\n; Data truncation: Data too long for column \'ancestors\' at row 5; nested exception is com.mysql.cj.jdbc.exceptions.MysqlDataTruncation: Data truncation: Data too long for column \'ancestors\' at row 5','2022-12-01 12:26:23'),(653,'分类',2,'com.grace.web.controller.cms.CmsCategoryController.edit()','PUT',1,'admin',NULL,'/cms/category','127.0.0.1','内网IP','{\"ancestors\":\"0,55,55,55,50,53\",\"catCount\":0,\"catId\":55,\"catName\":\"vxcvxc\",\"catPassCount\":0,\"catType\":0,\"createBy\":\"admin\",\"createTime\":\"2022-12-01 11:29:26\",\"orderNum\":0,\"params\":{},\"parent\":0,\"parentId\":53,\"updateBy\":\"admin\",\"updateTime\":\"2022-12-01 11:35:35\",\"visible\":0}',NULL,1,'\r\n### Error updating database.  Cause: com.mysql.cj.jdbc.exceptions.MysqlDataTruncation: Data truncation: Data too long for column \'ancestors\' at row 5\r\n### The error may exist in file [D:\\vue\\Grace-Vue\\grace-oly\\oly-cms\\cms-admin\\target\\classes\\mapper\\oly\\CmsCategoryMapper.xml]\r\n### The error may involve defaultParameterMap\r\n### The error occurred while setting parameters\r\n### SQL: update cms_category set ancestors=?,update_by=?,update_time = sysdate() where parent_id=?\r\n### Cause: com.mysql.cj.jdbc.exceptions.MysqlDataTruncation: Data truncation: Data too long for column \'ancestors\' at row 5\n; Data truncation: Data too long for column \'ancestors\' at row 5; nested exception is com.mysql.cj.jdbc.exceptions.MysqlDataTruncation: Data truncation: Data too long for column \'ancestors\' at row 5','2022-12-01 12:26:31'),(654,'分类',2,'com.grace.web.controller.cms.CmsCategoryController.edit()','PUT',1,'admin',NULL,'/cms/category','127.0.0.1','内网IP','{\"ancestors\":\"0,55,55,55,50,53\",\"catCount\":3,\"catId\":50,\"catName\":\"cesad\",\"catPassCount\":0,\"catType\":0,\"createBy\":\"\",\"createTime\":\"2022-11-18 22:52:59\",\"orderNum\":0,\"params\":{},\"parent\":0,\"parentId\":53,\"updateBy\":\"admin\",\"updateTime\":\"2022-12-01 12:26:00\",\"visible\":0}',NULL,1,'\r\n### Error updating database.  Cause: com.mysql.cj.jdbc.exceptions.MysqlDataTruncation: Data truncation: Data too long for column \'ancestors\' at row 1\r\n### The error may exist in file [D:\\vue\\Grace-Vue\\grace-oly\\oly-cms\\cms-admin\\target\\classes\\mapper\\oly\\CmsCategoryMapper.xml]\r\n### The error may involve defaultParameterMap\r\n### The error occurred while setting parameters\r\n### SQL: update cms_category set ancestors=?,update_by=?,update_time = sysdate() where parent_id=?\r\n### Cause: com.mysql.cj.jdbc.exceptions.MysqlDataTruncation: Data truncation: Data too long for column \'ancestors\' at row 1\n; Data truncation: Data too long for column \'ancestors\' at row 1; nested exception is com.mysql.cj.jdbc.exceptions.MysqlDataTruncation: Data truncation: Data too long for column \'ancestors\' at row 1','2022-12-01 12:28:20'),(655,'分类',2,'com.grace.web.controller.cms.CmsCategoryController.edit()','PUT',1,'admin',NULL,'/cms/category','127.0.0.1','内网IP','{\"ancestors\":\"0,55,55,55,50,53\",\"catCount\":3,\"catId\":50,\"catName\":\"cesad\",\"catPassCount\":0,\"catType\":0,\"createBy\":\"\",\"createTime\":\"2022-11-18 22:52:59\",\"orderNum\":0,\"params\":{},\"parent\":0,\"parentId\":53,\"updateBy\":\"admin\",\"updateTime\":\"2022-12-01 12:26:00\",\"visible\":0}',NULL,1,'\r\n### Error updating database.  Cause: com.mysql.cj.jdbc.exceptions.MysqlDataTruncation: Data truncation: Data too long for column \'ancestors\' at row 1\r\n### The error may exist in file [D:\\vue\\Grace-Vue\\grace-oly\\oly-cms\\cms-admin\\target\\classes\\mapper\\oly\\CmsCategoryMapper.xml]\r\n### The error may involve defaultParameterMap\r\n### The error occurred while setting parameters\r\n### SQL: update cms_category set ancestors=?,update_by=?,update_time = sysdate() where parent_id=?\r\n### Cause: com.mysql.cj.jdbc.exceptions.MysqlDataTruncation: Data truncation: Data too long for column \'ancestors\' at row 1\n; Data truncation: Data too long for column \'ancestors\' at row 1; nested exception is com.mysql.cj.jdbc.exceptions.MysqlDataTruncation: Data truncation: Data too long for column \'ancestors\' at row 1','2022-12-01 12:28:30'),(656,'分类',2,'com.grace.web.controller.cms.CmsCategoryController.edit()','PUT',1,'admin',NULL,'/cms/category','127.0.0.1','内网IP','{\"ancestors\":\"0,55,55,55,50,53\",\"catCount\":3,\"catId\":50,\"catName\":\"cesad\",\"catPassCount\":0,\"catType\":0,\"createBy\":\"\",\"createTime\":\"2022-11-18 22:52:59\",\"orderNum\":0,\"params\":{},\"parent\":0,\"parentId\":53,\"updateBy\":\"admin\",\"updateTime\":\"2022-12-01 12:26:00\",\"visible\":0}',NULL,1,'\r\n### Error updating database.  Cause: com.mysql.cj.jdbc.exceptions.MysqlDataTruncation: Data truncation: Data too long for column \'ancestors\' at row 1\r\n### The error may exist in file [D:\\vue\\Grace-Vue\\grace-oly\\oly-cms\\cms-admin\\target\\classes\\mapper\\oly\\CmsCategoryMapper.xml]\r\n### The error may involve defaultParameterMap\r\n### The error occurred while setting parameters\r\n### SQL: update cms_category set ancestors=?,update_by=?,update_time = sysdate() where parent_id=?\r\n### Cause: com.mysql.cj.jdbc.exceptions.MysqlDataTruncation: Data truncation: Data too long for column \'ancestors\' at row 1\n; Data truncation: Data too long for column \'ancestors\' at row 1; nested exception is com.mysql.cj.jdbc.exceptions.MysqlDataTruncation: Data truncation: Data too long for column \'ancestors\' at row 1','2022-12-01 12:29:22'),(657,'分类',2,'com.grace.web.controller.cms.CmsCategoryController.edit()','PUT',1,'admin',NULL,'/cms/category','127.0.0.1','内网IP','{\"ancestors\":\"0,55,55,55,50,53\",\"catCount\":3,\"catId\":50,\"catName\":\"cesad\",\"catPassCount\":0,\"catType\":0,\"createBy\":\"\",\"createTime\":\"2022-11-18 22:52:59\",\"orderNum\":0,\"params\":{},\"parent\":0,\"parentId\":53,\"updateBy\":\"admin\",\"updateTime\":\"2022-12-01 12:26:00\",\"visible\":0}',NULL,1,'\r\n### Error updating database.  Cause: com.mysql.cj.jdbc.exceptions.MysqlDataTruncation: Data truncation: Data too long for column \'ancestors\' at row 1\r\n### The error may exist in file [D:\\vue\\Grace-Vue\\grace-oly\\oly-cms\\cms-admin\\target\\classes\\mapper\\oly\\CmsCategoryMapper.xml]\r\n### The error may involve defaultParameterMap\r\n### The error occurred while setting parameters\r\n### SQL: update cms_category set ancestors=?,update_by=?,update_time = sysdate() where parent_id=?\r\n### Cause: com.mysql.cj.jdbc.exceptions.MysqlDataTruncation: Data truncation: Data too long for column \'ancestors\' at row 1\n; Data truncation: Data too long for column \'ancestors\' at row 1; nested exception is com.mysql.cj.jdbc.exceptions.MysqlDataTruncation: Data truncation: Data too long for column \'ancestors\' at row 1','2022-12-01 12:29:25'),(658,'分类',2,'com.grace.web.controller.cms.CmsCategoryController.edit()','PUT',1,'admin',NULL,'/cms/category','127.0.0.1','内网IP','{\"ancestors\":\"0,55,55,55\",\"catCount\":3,\"catId\":50,\"catName\":\"cesad\",\"catPassCount\":0,\"catType\":0,\"createBy\":\"\",\"createTime\":\"2022-11-18 22:52:59\",\"orderNum\":0,\"params\":{},\"parent\":0,\"parentId\":53,\"updateBy\":\"admin\",\"updateTime\":\"2022-12-01 12:26:00\",\"visible\":0}',NULL,1,'请勿选择子节点作为上层节点!','2022-12-01 12:30:05'),(659,'分类',2,'com.grace.web.controller.cms.CmsCategoryController.edit()','PUT',1,'admin',NULL,'/cms/category','127.0.0.1','内网IP','{\"ancestors\":\"0,55,55,55\",\"catCount\":3,\"catId\":50,\"catName\":\"cesad\",\"catPassCount\":0,\"catType\":0,\"createBy\":\"\",\"createTime\":\"2022-11-18 22:52:59\",\"orderNum\":0,\"params\":{},\"parent\":0,\"parentId\":55,\"updateBy\":\"admin\",\"updateTime\":\"2022-12-01 12:26:00\",\"visible\":0}','{\"msg\":\"操作成功\",\"code\":200}',0,NULL,'2022-12-01 12:48:23'),(660,'分类',2,'com.grace.web.controller.cms.CmsCategoryController.edit()','PUT',1,'admin',NULL,'/cms/category','127.0.0.1','内网IP','{\"ancestors\":\"0,55,55,55\",\"catCount\":3,\"catId\":50,\"catName\":\"cesad\",\"catPassCount\":0,\"catType\":0,\"createBy\":\"\",\"createTime\":\"2022-11-18 22:52:59\",\"orderNum\":0,\"params\":{},\"parent\":0,\"parentId\":55,\"updateBy\":\"admin\",\"updateTime\":\"2022-12-01 12:48:23\",\"visible\":0}','{\"msg\":\"操作成功\",\"code\":200}',0,NULL,'2022-12-01 12:48:38'),(661,'菜单管理',2,'com.grace.web.controller.system.SysMenuController.edit()','PUT',1,'admin',NULL,'/system/menu','127.0.0.1','内网IP','{\"children\":[],\"component\":\"monitor/online/index\",\"createTime\":\"2022-10-13 22:28:18\",\"icon\":\"online\",\"isCache\":\"0\",\"isFrame\":\"1\",\"menuId\":109,\"menuName\":\"在线用户\",\"menuType\":\"C\",\"orderNum\":1,\"params\":{},\"parentId\":2,\"path\":\"online\",\"perms\":\"monitor:online:list\",\"query\":\"\",\"status\":\"0\",\"updateBy\":\"admin\",\"visible\":\"0\"}','{\"msg\":\"操作成功\",\"code\":200}',0,NULL,'2022-12-01 12:49:25'),(662,'菜单管理',2,'com.grace.web.controller.system.SysMenuController.edit()','PUT',1,'admin',NULL,'/system/menu','127.0.0.1','内网IP','{\"children\":[],\"component\":\"monitor/online/index\",\"createTime\":\"2022-10-13 22:28:18\",\"icon\":\"online\",\"isCache\":\"0\",\"isFrame\":\"1\",\"menuId\":109,\"menuName\":\"在线用户\",\"menuType\":\"C\",\"orderNum\":1,\"params\":{},\"parentId\":2,\"path\":\"online\",\"perms\":\"monitor:online:list\",\"query\":\"\",\"status\":\"0\",\"updateBy\":\"admin\",\"visible\":\"0\"}','{\"msg\":\"操作成功\",\"code\":200}',0,NULL,'2022-12-01 12:49:37'),(663,'内容标签',1,'com.grace.web.controller.cms.CmsTagController.add()','POST',1,'admin',NULL,'/cms/tag','127.0.0.1','内网IP','{\"createBy\":\"admin\",\"orderNum\":0,\"params\":{},\"tagId\":9,\"tagName\":\"把你们那边吗\",\"tagType\":0,\"visible\":0}','{\"msg\":\"操作成功\",\"code\":200}',0,NULL,'2022-12-01 13:39:54'),(664,'文章',2,'com.grace.web.controller.cms.CmsArticleController.edit()','PUT',1,'admin',NULL,'/cms/article','127.0.0.1','内网IP','{\"allowComment\":false,\"articleBuild\":0,\"articleContent\":\"<p>99999ghjghjghjghjghjhgjghhgjhgj</p>\",\"articleId\":32,\"articleTitle\":\"过后就会感觉更好\",\"articleTop\":0,\"articleType\":0,\"articleUrl\":\"/bbu\",\"cats\":[50,52],\"createBy\":\"admin\",\"createTime\":\"2022-11-26 21:55:40\",\"params\":{},\"tags\":[9],\"updateBy\":\"admin\",\"updateTime\":\"2022-11-30 03:15:36\",\"visible\":1}','{\"msg\":\"操作成功\",\"code\":200}',0,NULL,'2022-12-01 13:40:05'),(665,'分类',2,'com.grace.web.controller.cms.CmsCategoryController.edit()','PUT',1,'admin',NULL,'/cms/category','127.0.0.1','内网IP','{\"ancestors\":\"0,55,55\",\"catCount\":0,\"catId\":55,\"catName\":\"vxcvxc\",\"catPassCount\":0,\"catType\":0,\"createBy\":\"admin\",\"createTime\":\"2022-12-01 11:29:26\",\"orderNum\":0,\"params\":{},\"parent\":0,\"parentId\":55,\"updateBy\":\"admin\",\"updateTime\":\"2022-12-01 11:35:35\",\"visible\":0}',NULL,1,'不能选择自己作为父节点','2022-12-01 15:43:03'),(666,'分类',2,'com.grace.web.controller.cms.CmsCategoryController.edit()','PUT',1,'admin',NULL,'/cms/category','127.0.0.1','内网IP','{\"ancestors\":\"0,55,55\",\"catCount\":0,\"catId\":55,\"catName\":\"vxcvxc\",\"catPassCount\":0,\"catType\":0,\"createBy\":\"admin\",\"createTime\":\"2022-12-01 11:29:26\",\"orderNum\":0,\"params\":{},\"parent\":0,\"parentId\":53,\"updateBy\":\"admin\",\"updateTime\":\"2022-12-01 11:35:35\",\"visible\":0}',NULL,1,'请勿选择子节点作为上层节点!','2022-12-01 15:43:08'),(667,'分类',2,'com.grace.web.controller.cms.CmsCategoryController.edit()','PUT',1,'admin',NULL,'/cms/category','127.0.0.1','内网IP','{\"ancestors\":\"0\",\"catCount\":0,\"catId\":55,\"catName\":\"vxcvxc\",\"catPassCount\":0,\"catType\":0,\"createBy\":\"admin\",\"createTime\":\"2022-12-01 11:29:26\",\"orderNum\":0,\"params\":{},\"parent\":0,\"parentId\":0,\"updateBy\":\"admin\",\"updateTime\":\"2022-12-01 11:35:35\",\"visible\":1}','{\"msg\":\"操作成功\",\"code\":200}',0,NULL,'2022-12-01 16:29:49'),(668,'分类',2,'com.grace.web.controller.cms.CmsCategoryController.edit()','PUT',1,'admin',NULL,'/cms/category','127.0.0.1','内网IP','{\"ancestors\":\"0\",\"catCount\":0,\"catId\":55,\"catName\":\"vxcvxc\",\"catPassCount\":0,\"catType\":0,\"createBy\":\"admin\",\"createTime\":\"2022-12-01 11:29:26\",\"orderNum\":0,\"params\":{},\"parent\":1,\"parentId\":0,\"updateBy\":\"admin\",\"updateTime\":\"2022-12-01 16:29:49\",\"visible\":1}','{\"msg\":\"操作成功\",\"code\":200}',0,NULL,'2022-12-01 16:29:56'),(669,'分类',2,'com.grace.web.controller.cms.CmsCategoryController.edit()','PUT',1,'admin',NULL,'/cms/category','127.0.0.1','内网IP','{\"ancestors\":\"0\",\"catCount\":0,\"catId\":55,\"catName\":\"vxcvxc\",\"catPassCount\":0,\"catType\":0,\"createBy\":\"admin\",\"createTime\":\"2022-12-01 11:29:26\",\"orderNum\":0,\"params\":{},\"parent\":0,\"parentId\":0,\"updateBy\":\"admin\",\"updateTime\":\"2022-12-01 16:29:56\",\"visible\":1}','{\"msg\":\"操作成功\",\"code\":200}',0,NULL,'2022-12-01 16:30:06'),(670,'分类',2,'com.grace.web.controller.cms.CmsCategoryController.edit()','PUT',1,'admin',NULL,'/cms/category','127.0.0.1','内网IP','{\"ancestors\":\"0\",\"catCount\":0,\"catId\":55,\"catName\":\"vxcvxc\",\"catPassCount\":0,\"catType\":0,\"createBy\":\"admin\",\"createTime\":\"2022-12-01 11:29:26\",\"orderNum\":0,\"params\":{},\"parent\":1,\"parentId\":0,\"updateBy\":\"admin\",\"updateTime\":\"2022-12-01 16:30:06\",\"visible\":1}','{\"msg\":\"操作成功\",\"code\":200}',0,NULL,'2022-12-01 16:30:13'),(671,'分类',2,'com.grace.web.controller.cms.CmsCategoryController.edit()','PUT',1,'admin',NULL,'/cms/category','127.0.0.1','内网IP','{\"ancestors\":\"0\",\"catCount\":0,\"catId\":55,\"catName\":\"vxcvxc\",\"catPassCount\":0,\"catType\":0,\"createBy\":\"admin\",\"createTime\":\"2022-12-01 11:29:26\",\"orderNum\":0,\"params\":{},\"parent\":1,\"parentId\":0,\"updateBy\":\"admin\",\"updateTime\":\"2022-12-01 16:30:13\",\"visible\":1}','{\"msg\":\"操作成功\",\"code\":200}',0,NULL,'2022-12-01 16:30:51'),(672,'分类',2,'com.grace.web.controller.cms.CmsCategoryController.edit()','PUT',1,'admin',NULL,'/cms/category','127.0.0.1','内网IP','{\"ancestors\":\"0\",\"catCount\":0,\"catId\":55,\"catName\":\"vxcvxc\",\"catPassCount\":0,\"catType\":0,\"createBy\":\"admin\",\"createTime\":\"2022-12-01 11:29:26\",\"orderNum\":0,\"params\":{},\"parent\":0,\"parentId\":0,\"updateBy\":\"admin\",\"updateTime\":\"2022-12-01 16:30:50\",\"visible\":1}','{\"msg\":\"操作成功\",\"code\":200}',0,NULL,'2022-12-01 16:31:06'),(673,'分类',2,'com.grace.web.controller.cms.CmsCategoryController.edit()','PUT',1,'admin',NULL,'/cms/category','127.0.0.1','内网IP','{\"ancestors\":\"0\",\"catCount\":0,\"catId\":55,\"catName\":\"vxcvxc\",\"catPassCount\":0,\"catType\":0,\"createBy\":\"admin\",\"createTime\":\"2022-12-01 11:29:26\",\"orderNum\":0,\"params\":{},\"parent\":0,\"parentId\":0,\"updateBy\":\"admin\",\"updateTime\":\"2022-12-01 16:31:06\",\"visible\":0}','{\"msg\":\"操作成功\",\"code\":200}',0,NULL,'2022-12-01 16:31:47'),(674,'分类',2,'com.grace.web.controller.cms.CmsCategoryController.edit()','PUT',1,'admin',NULL,'/cms/category','127.0.0.1','内网IP','{\"ancestors\":\"0\",\"catCount\":0,\"catId\":55,\"catName\":\"vxcvxc\",\"catPassCount\":0,\"catType\":0,\"createBy\":\"admin\",\"createTime\":\"2022-12-01 11:29:26\",\"orderNum\":0,\"params\":{},\"parent\":1,\"parentId\":0,\"updateBy\":\"admin\",\"updateTime\":\"2022-12-01 16:31:47\",\"visible\":0}','{\"msg\":\"操作成功\",\"code\":200}',0,NULL,'2022-12-01 16:31:54'),(675,'分类',2,'com.grace.web.controller.cms.CmsCategoryController.edit()','PUT',1,'admin',NULL,'/cms/category','127.0.0.1','内网IP','{\"ancestors\":\"0\",\"catCount\":0,\"catId\":55,\"catName\":\"vxcvxc\",\"catPassCount\":0,\"catType\":0,\"createBy\":\"admin\",\"createTime\":\"2022-12-01 11:29:26\",\"orderNum\":0,\"params\":{},\"parent\":0,\"parentId\":0,\"updateBy\":\"admin\",\"updateTime\":\"2022-12-01 16:31:54\",\"visible\":0}','{\"msg\":\"操作成功\",\"code\":200}',0,NULL,'2022-12-01 16:32:05'),(676,'分类',2,'com.grace.web.controller.cms.CmsCategoryController.edit()','PUT',1,'admin',NULL,'/cms/category','127.0.0.1','内网IP','{\"ancestors\":\"0\",\"catCount\":0,\"catId\":55,\"catName\":\"vxcvxc\",\"catPassCount\":0,\"catType\":0,\"createBy\":\"admin\",\"createTime\":\"2022-12-01 11:29:26\",\"orderNum\":0,\"params\":{},\"parent\":1,\"parentId\":0,\"updateBy\":\"admin\",\"updateTime\":\"2022-12-01 16:32:05\",\"visible\":0}','{\"msg\":\"操作成功\",\"code\":200}',0,NULL,'2022-12-01 16:32:16'),(677,'分类',2,'com.grace.web.controller.cms.CmsCategoryController.edit()','PUT',1,'admin',NULL,'/cms/category','127.0.0.1','内网IP','{\"ancestors\":\"0\",\"catCount\":0,\"catId\":55,\"catName\":\"vxcvxc\",\"catPassCount\":0,\"catType\":0,\"createBy\":\"admin\",\"createTime\":\"2022-12-01 11:29:26\",\"orderNum\":0,\"params\":{},\"parent\":0,\"parentId\":0,\"updateBy\":\"admin\",\"updateTime\":\"2022-12-01 16:32:16\",\"visible\":0}','{\"msg\":\"操作成功\",\"code\":200}',0,NULL,'2022-12-01 16:33:29'),(678,'分类',2,'com.grace.web.controller.cms.CmsCategoryController.edit()','PUT',1,'admin',NULL,'/cms/category','127.0.0.1','内网IP','{\"ancestors\":\"0\",\"catCount\":0,\"catId\":55,\"catName\":\"vxcvxc\",\"catPassCount\":0,\"catType\":0,\"createBy\":\"admin\",\"createTime\":\"2022-12-01 11:29:26\",\"orderNum\":0,\"params\":{},\"parent\":1,\"parentId\":0,\"updateBy\":\"admin\",\"updateTime\":\"2022-12-01 16:33:29\",\"visible\":0}','{\"msg\":\"操作成功\",\"code\":200}',0,NULL,'2022-12-01 16:34:05'),(679,'分类',2,'com.grace.web.controller.cms.CmsCategoryController.edit()','PUT',1,'admin',NULL,'/cms/category','127.0.0.1','内网IP','{\"ancestors\":\"0\",\"catCount\":0,\"catId\":55,\"catName\":\"vxcvxc\",\"catPassCount\":0,\"catType\":0,\"createBy\":\"admin\",\"createTime\":\"2022-12-01 11:29:26\",\"orderNum\":0,\"params\":{},\"parent\":0,\"parentId\":0,\"updateBy\":\"admin\",\"updateTime\":\"2022-12-01 16:34:05\",\"visible\":0}','{\"msg\":\"操作成功\",\"code\":200}',0,NULL,'2022-12-01 16:35:30'),(680,'内容菜单',3,'com.grace.web.controller.cms.CmsColumnController.remove()','DELETE',1,'admin',NULL,'/cms/column/23','127.0.0.1','内网IP','{columnId=23}',NULL,1,'nested exception is org.apache.ibatis.executor.ExecutorException: A query was run and no Result Maps were found for the Mapped Statement \'com.oly.cms.admin.mapper.CmsColumnMapper.selectNumParent\'.  It\'s likely that neither a Result Type nor a Result Map was specified.','2022-12-01 19:36:44'),(681,'内容菜单',3,'com.grace.web.controller.cms.CmsColumnController.remove()','DELETE',1,'admin',NULL,'/cms/column/23','127.0.0.1','内网IP','{columnId=23}',NULL,1,'nested exception is org.apache.ibatis.executor.ExecutorException: A query was run and no Result Maps were found for the Mapped Statement \'com.oly.cms.admin.mapper.CmsColumnMapper.selectNumParent\'.  It\'s likely that neither a Result Type nor a Result Map was specified.','2022-12-01 19:36:50'),(682,'内容菜单',3,'com.grace.web.controller.cms.CmsColumnController.remove()','DELETE',1,'admin',NULL,'/cms/column/23','127.0.0.1','内网IP','{columnId=23}',NULL,1,'存在子节点,不允许删除!','2022-12-01 19:37:42'),(683,'内容菜单',2,'com.grace.web.controller.cms.CmsColumnController.edit()','PUT',1,'admin',NULL,'/cms/column','127.0.0.1','内网IP','{\"ancestors\":\"0\",\"columnId\":23,\"columnName\":\"我是目录\",\"createBy\":\"admin\",\"createTime\":\"2022-11-22 10:22:25\",\"description\":\"\",\"keywords\":\"\",\"openType\":0,\"orderNum\":0,\"params\":{},\"parent\":1,\"parentId\":0,\"perms\":\"\",\"updateBy\":\"admin\",\"visible\":0}',NULL,1,'存在子节点,不允许修改节点类型','2022-12-01 19:37:54'),(684,'内容菜单',2,'com.grace.web.controller.cms.CmsColumnController.edit()','PUT',1,'admin',NULL,'/cms/column','127.0.0.1','内网IP','{\"ancestors\":\"0\",\"columnId\":23,\"columnName\":\"我是目录\",\"createBy\":\"admin\",\"createTime\":\"2022-11-22 10:22:25\",\"description\":\"\",\"keywords\":\"\",\"openType\":0,\"orderNum\":0,\"params\":{},\"parent\":0,\"parentId\":0,\"perms\":\"\",\"updateBy\":\"admin\",\"visible\":0}','{\"msg\":\"操作成功\",\"code\":200}',0,NULL,'2022-12-01 19:38:14'),(685,'内容菜单',2,'com.grace.web.controller.cms.CmsColumnController.edit()','PUT',1,'admin',NULL,'/cms/column','127.0.0.1','内网IP','{\"ancestors\":\"0\",\"columnId\":23,\"columnName\":\"我是目录\",\"createBy\":\"admin\",\"createTime\":\"2022-11-22 10:22:25\",\"description\":\"\",\"keywords\":\"\",\"openType\":0,\"orderNum\":0,\"params\":{},\"parent\":0,\"parentId\":0,\"perms\":\"\",\"updateBy\":\"admin\",\"updateTime\":\"2022-12-01 19:38:14\",\"visible\":0}','{\"msg\":\"操作成功\",\"code\":200}',0,NULL,'2022-12-01 19:38:39'),(686,'内容菜单',2,'com.grace.web.controller.cms.CmsColumnController.edit()','PUT',1,'admin',NULL,'/cms/column','127.0.0.1','内网IP','{\"ancestors\":\"0\",\"columnId\":23,\"columnName\":\"我是目录\",\"createBy\":\"admin\",\"createTime\":\"2022-11-22 10:22:25\",\"description\":\"\",\"keywords\":\"\",\"openType\":0,\"orderNum\":0,\"params\":{},\"parent\":0,\"parentId\":0,\"perms\":\"\",\"updateBy\":\"admin\",\"updateTime\":\"2022-12-01 19:38:39\",\"visible\":0}','{\"msg\":\"操作成功\",\"code\":200}',0,NULL,'2022-12-01 19:39:44'),(687,'内容菜单',2,'com.grace.web.controller.cms.CmsColumnController.edit()','PUT',1,'admin',NULL,'/cms/column','127.0.0.1','内网IP','{\"ancestors\":\"0\",\"columnId\":23,\"columnName\":\"我是目录\",\"createBy\":\"admin\",\"createTime\":\"2022-11-22 10:22:25\",\"description\":\"\",\"keywords\":\"\",\"openType\":0,\"orderNum\":0,\"params\":{},\"parent\":0,\"parentId\":0,\"perms\":\"\",\"updateBy\":\"admin\",\"updateTime\":\"2022-12-01 19:39:44\",\"visible\":0}','{\"msg\":\"操作成功\",\"code\":200}',0,NULL,'2022-12-01 19:40:41'),(688,'内容菜单',2,'com.grace.web.controller.cms.CmsColumnController.edit()','PUT',1,'admin',NULL,'/cms/column','127.0.0.1','内网IP','{\"ancestors\":\"0\",\"columnId\":23,\"columnName\":\"我是目录\",\"createBy\":\"admin\",\"createTime\":\"2022-11-22 10:22:25\",\"description\":\"\",\"keywords\":\"\",\"openType\":0,\"orderNum\":0,\"params\":{},\"parent\":0,\"parentId\":0,\"perms\":\"\",\"updateBy\":\"admin\",\"updateTime\":\"2022-12-01 19:40:41\",\"visible\":0}','{\"msg\":\"操作成功\",\"code\":200}',0,NULL,'2022-12-01 19:43:02'),(689,'内容菜单',2,'com.grace.web.controller.cms.CmsColumnController.edit()','PUT',1,'admin',NULL,'/cms/column','127.0.0.1','内网IP','{\"ancestors\":\"0\",\"columnId\":23,\"columnName\":\"我是目录\",\"createBy\":\"admin\",\"createTime\":\"2022-11-22 10:22:25\",\"description\":\"\",\"keywords\":\"\",\"openType\":0,\"orderNum\":0,\"params\":{},\"parent\":0,\"parentId\":0,\"perms\":\"\",\"updateBy\":\"admin\",\"updateTime\":\"2022-12-01 19:43:02\",\"visible\":0}','{\"msg\":\"操作成功\",\"code\":200}',0,NULL,'2022-12-01 19:43:09'),(690,'内容菜单',2,'com.grace.web.controller.cms.CmsColumnController.edit()','PUT',1,'admin',NULL,'/cms/column','127.0.0.1','内网IP','{\"ancestors\":\"0\",\"columnId\":23,\"columnName\":\"我是目录\",\"createBy\":\"admin\",\"createTime\":\"2022-11-22 10:22:25\",\"description\":\"\",\"keywords\":\"\",\"openType\":0,\"orderNum\":0,\"params\":{},\"parent\":0,\"parentId\":0,\"perms\":\"\",\"updateBy\":\"admin\",\"updateTime\":\"2022-12-01 19:43:09\",\"visible\":0}','{\"msg\":\"操作成功\",\"code\":200}',0,NULL,'2022-12-01 19:43:31'),(691,'内容菜单',2,'com.grace.web.controller.cms.CmsColumnController.edit()','PUT',1,'admin',NULL,'/cms/column','127.0.0.1','内网IP','{\"ancestors\":\"0,23\",\"columnId\":24,\"columnName\":\"我是子节点\",\"createBy\":\"admin\",\"createTime\":\"2022-11-22 10:22:47\",\"description\":\"\",\"keywords\":\"\",\"openType\":0,\"orderNum\":0,\"params\":{},\"parent\":1,\"parentId\":23,\"perms\":\"\",\"updateBy\":\"admin\",\"updateTime\":\"2022-11-22 10:35:16\",\"visible\":0}','{\"msg\":\"操作成功\",\"code\":200}',0,NULL,'2022-12-01 19:44:08'),(692,'内容菜单',2,'com.grace.web.controller.cms.CmsColumnController.edit()','PUT',1,'admin',NULL,'/cms/column','127.0.0.1','内网IP','{\"ancestors\":\"0\",\"columnId\":23,\"columnName\":\"我是目录\",\"createBy\":\"admin\",\"createTime\":\"2022-11-22 10:22:25\",\"description\":\"\",\"keywords\":\"\",\"openType\":1,\"orderNum\":0,\"params\":{},\"parent\":0,\"parentId\":0,\"perms\":\"\",\"updateBy\":\"admin\",\"updateTime\":\"2022-12-01 19:43:31\",\"visible\":0}','{\"msg\":\"操作成功\",\"code\":200}',0,NULL,'2022-12-01 19:48:16'),(693,'内容菜单',2,'com.grace.web.controller.cms.CmsColumnController.edit()','PUT',1,'admin',NULL,'/cms/column','127.0.0.1','内网IP','{\"ancestors\":\"0\",\"columnId\":23,\"columnName\":\"我是目录\",\"createBy\":\"admin\",\"createTime\":\"2022-11-22 10:22:25\",\"description\":\"\",\"keywords\":\"\",\"openType\":1,\"orderNum\":0,\"params\":{},\"parent\":0,\"parentId\":0,\"perms\":\"\",\"updateBy\":\"admin\",\"updateTime\":\"2022-12-01 19:48:16\",\"visible\":1}','{\"msg\":\"操作成功\",\"code\":200}',0,NULL,'2022-12-01 19:48:24'),(694,'内容菜单',2,'com.grace.web.controller.cms.CmsColumnController.edit()','PUT',1,'admin',NULL,'/cms/column','127.0.0.1','内网IP','{\"ancestors\":\"0\",\"columnId\":23,\"columnName\":\"我是目录\",\"createBy\":\"admin\",\"createTime\":\"2022-11-22 10:22:25\",\"description\":\"\",\"keywords\":\"\",\"openType\":1,\"orderNum\":0,\"params\":{},\"parent\":0,\"parentId\":0,\"perms\":\"\",\"updateBy\":\"admin\",\"updateTime\":\"2022-12-01 19:48:24\",\"visible\":1}','{\"msg\":\"操作成功\",\"code\":200}',0,NULL,'2022-12-01 19:51:07'),(695,'内容菜单',2,'com.grace.web.controller.cms.CmsColumnController.edit()','PUT',1,'admin',NULL,'/cms/column','127.0.0.1','内网IP','{\"ancestors\":\"0\",\"columnId\":23,\"columnName\":\"我是目录\",\"columnType\":0,\"createBy\":\"admin\",\"createTime\":\"2022-11-22 10:22:25\",\"description\":\"\",\"keywords\":\"\",\"openType\":1,\"orderNum\":0,\"params\":{},\"parent\":0,\"parentId\":0,\"perms\":\"\",\"updateBy\":\"admin\",\"updateTime\":\"2022-12-01 19:51:07\",\"visible\":1}','{\"msg\":\"操作成功\",\"code\":200}',0,NULL,'2022-12-01 19:54:40'),(696,'字典数据',2,'com.grace.web.controller.system.SysDictDataController.edit()','PUT',1,'admin',NULL,'/system/dict/data','127.0.0.1','内网IP','{\"createBy\":\"admin\",\"createTime\":\"2022-11-21 12:31:13\",\"default\":false,\"dictCode\":135,\"dictLabel\":\"站外导航\",\"dictSort\":0,\"dictType\":\"cms_column_type\",\"dictValue\":\"1\",\"isDefault\":\"N\",\"listClass\":\"primary\",\"params\":{},\"remark\":\"站外导航\",\"status\":\"0\",\"updateBy\":\"admin\"}','{\"msg\":\"操作成功\",\"code\":200}',0,NULL,'2022-12-01 19:55:49'),(697,'内容菜单',2,'com.grace.web.controller.cms.CmsColumnController.edit()','PUT',1,'admin',NULL,'/cms/column','127.0.0.1','内网IP','{\"ancestors\":\"0\",\"columnId\":23,\"columnName\":\"我是目录\",\"columnType\":0,\"createBy\":\"admin\",\"createTime\":\"2022-11-22 10:22:25\",\"description\":\"\",\"keywords\":\"\",\"openType\":1,\"orderNum\":0,\"params\":{},\"parent\":0,\"parentId\":0,\"perms\":\"\",\"updateBy\":\"admin\",\"updateTime\":\"2022-12-01 19:54:40\",\"visible\":0}','{\"msg\":\"操作成功\",\"code\":200}',0,NULL,'2022-12-01 19:56:03'),(698,'内容菜单',2,'com.grace.web.controller.cms.CmsColumnController.edit()','PUT',1,'admin',NULL,'/cms/column','127.0.0.1','内网IP','{\"ancestors\":\"0\",\"columnId\":23,\"columnName\":\"我是目录\",\"columnType\":0,\"createBy\":\"admin\",\"createTime\":\"2022-11-22 10:22:25\",\"description\":\"\",\"keywords\":\"\",\"openType\":1,\"orderNum\":0,\"params\":{},\"parent\":1,\"parentId\":0,\"perms\":\"\",\"updateBy\":\"admin\",\"updateTime\":\"2022-12-01 19:56:03\",\"visible\":0}',NULL,1,'存在子节点,不允许修改节点类型','2022-12-01 19:56:14'),(699,'内容菜单',3,'com.grace.web.controller.cms.CmsColumnController.remove()','DELETE',1,'admin',NULL,'/cms/column/23','127.0.0.1','内网IP','{columnId=23}',NULL,1,'存在子节点,不允许删除!','2022-12-01 19:56:18'),(700,'内容菜单',3,'com.grace.web.controller.cms.CmsColumnController.remove()','DELETE',1,'admin',NULL,'/cms/column/23','127.0.0.1','内网IP','{columnId=23}',NULL,1,'存在子节点,不允许删除!','2022-12-02 09:21:18'),(701,'内容菜单',2,'com.grace.web.controller.cms.CmsColumnController.edit()','PUT',1,'admin',NULL,'/cms/column','127.0.0.1','内网IP','{\"ancestors\":\"0\",\"columnId\":23,\"columnName\":\"我是目录\",\"columnType\":0,\"createBy\":\"admin\",\"createTime\":\"2022-11-22 10:22:25\",\"description\":\"\",\"keywords\":\"\",\"openType\":1,\"orderNum\":0,\"params\":{},\"parent\":1,\"parentId\":0,\"perms\":\"\",\"updateBy\":\"admin\",\"updateTime\":\"2022-12-01 19:56:03\",\"visible\":0}',NULL,1,'存在子节点,不允许修改节点类型','2022-12-02 09:21:24'),(702,'内容菜单',2,'com.grace.web.controller.cms.CmsColumnController.edit()','PUT',1,'admin',NULL,'/cms/column','127.0.0.1','内网IP','{\"ancestors\":\"0\",\"columnId\":23,\"columnName\":\"我是目录a\",\"columnType\":0,\"createBy\":\"admin\",\"createTime\":\"2022-11-22 10:22:25\",\"description\":\"\",\"keywords\":\"\",\"openType\":1,\"orderNum\":0,\"params\":{},\"parent\":0,\"parentId\":0,\"perms\":\"\",\"updateBy\":\"admin\",\"updateTime\":\"2022-12-01 19:56:03\",\"visible\":0}','{\"msg\":\"操作成功\",\"code\":200}',0,NULL,'2022-12-02 09:21:33'),(703,'分类',2,'com.grace.web.controller.cms.CmsCategoryController.edit()','PUT',1,'admin',NULL,'/cms/category','127.0.0.1','内网IP','{\"ancestors\":\"0\",\"catCount\":0,\"catId\":55,\"catName\":\"vxcvxc\",\"catPassCount\":0,\"catType\":0,\"createBy\":\"admin\",\"createTime\":\"2022-12-01 11:29:26\",\"orderNum\":0,\"params\":{},\"parent\":0,\"parentId\":0,\"updateBy\":\"admin\",\"updateTime\":\"2022-12-01 16:35:30\",\"visible\":0}','{\"msg\":\"操作成功\",\"code\":200}',0,NULL,'2022-12-02 09:21:44'),(704,'分类',2,'com.grace.web.controller.cms.CmsCategoryController.edit()','PUT',1,'admin',NULL,'/cms/category','127.0.0.1','内网IP','{\"ancestors\":\"0\",\"catCount\":0,\"catId\":55,\"catName\":\"vxcvxc\",\"catPassCount\":0,\"catType\":0,\"createBy\":\"admin\",\"createTime\":\"2022-12-01 11:29:26\",\"orderNum\":0,\"params\":{},\"parent\":1,\"parentId\":0,\"updateBy\":\"admin\",\"updateTime\":\"2022-12-02 09:21:44\",\"visible\":0}','{\"msg\":\"操作成功\",\"code\":200}',0,NULL,'2022-12-02 09:21:49'),(705,'分类',2,'com.grace.web.controller.cms.CmsCategoryController.edit()','PUT',1,'admin',NULL,'/cms/category','127.0.0.1','内网IP','{\"ancestors\":\"0\",\"catCount\":0,\"catId\":55,\"catName\":\"vxcvxc\",\"catPassCount\":0,\"catType\":0,\"createBy\":\"admin\",\"createTime\":\"2022-12-01 11:29:26\",\"orderNum\":0,\"params\":{},\"parent\":1,\"parentId\":0,\"updateBy\":\"admin\",\"updateTime\":\"2022-12-02 09:21:49\",\"visible\":0}','{\"msg\":\"操作成功\",\"code\":200}',0,NULL,'2022-12-02 09:21:54'),(706,'分类',2,'com.grace.web.controller.cms.CmsCategoryController.edit()','PUT',1,'admin',NULL,'/cms/category','127.0.0.1','内网IP','{\"ancestors\":\"0\",\"catCount\":0,\"catId\":55,\"catName\":\"vxcvxc\",\"catPassCount\":0,\"catType\":0,\"createBy\":\"admin\",\"createTime\":\"2022-12-01 11:29:26\",\"orderNum\":0,\"params\":{},\"parent\":0,\"parentId\":0,\"updateBy\":\"admin\",\"updateTime\":\"2022-12-02 09:21:54\",\"visible\":0}','{\"msg\":\"操作成功\",\"code\":200}',0,NULL,'2022-12-02 09:22:03'),(707,'分类',3,'com.grace.web.controller.cms.CmsCategoryController.remove()','DELETE',1,'admin',NULL,'/cms/category/53','127.0.0.1','内网IP','{catId=53}',NULL,1,'存在子节点不允许删除','2022-12-02 09:22:11'),(708,'分类',2,'com.grace.web.controller.cms.CmsCategoryController.edit()','PUT',1,'admin',NULL,'/cms/category','127.0.0.1','内网IP','{\"ancestors\":\"0,55,50\",\"catCount\":0,\"catId\":53,\"catName\":\"只顶顶顶\",\"catPassCount\":0,\"catType\":0,\"createBy\":\"admin\",\"createTime\":\"2022-12-01 11:27:54\",\"orderNum\":0,\"params\":{},\"parent\":1,\"parentId\":50,\"updateBy\":\"admin\",\"updateTime\":\"2022-12-02 09:22:03\",\"visible\":0}','{\"msg\":\"操作成功\",\"code\":200}',0,NULL,'2022-12-02 09:22:16'),(709,'分类',2,'com.grace.web.controller.cms.CmsCategoryController.edit()','PUT',1,'admin',NULL,'/cms/category','127.0.0.1','内网IP','{\"ancestors\":\"0,55,50\",\"catCount\":0,\"catId\":53,\"catName\":\"只顶顶顶\",\"catPassCount\":0,\"catType\":0,\"createBy\":\"admin\",\"createTime\":\"2022-12-01 11:27:54\",\"orderNum\":0,\"params\":{},\"parent\":0,\"parentId\":50,\"updateBy\":\"admin\",\"updateTime\":\"2022-12-02 09:22:16\",\"visible\":0}','{\"msg\":\"操作成功\",\"code\":200}',0,NULL,'2022-12-02 09:22:21'),(710,'分类',3,'com.grace.web.controller.cms.CmsCategoryController.remove()','DELETE',1,'admin',NULL,'/cms/category/55','127.0.0.1','内网IP','{catId=55}',NULL,1,'存在子节点不允许删除','2022-12-02 09:31:08'),(711,'分类',2,'com.grace.web.controller.cms.CmsCategoryController.edit()','PUT',1,'admin',NULL,'/cms/category','127.0.0.1','内网IP','{\"ancestors\":\"0\",\"catCount\":0,\"catId\":55,\"catName\":\"vxcvxc\",\"catPassCount\":0,\"catType\":0,\"createBy\":\"admin\",\"createTime\":\"2022-12-01 11:29:26\",\"orderNum\":0,\"params\":{},\"parent\":1,\"parentId\":0,\"updateBy\":\"admin\",\"updateTime\":\"2022-12-02 09:22:03\",\"visible\":0}','{\"msg\":\"操作成功\",\"code\":200}',0,NULL,'2022-12-02 09:31:14'),(712,'分类',2,'com.grace.web.controller.cms.CmsCategoryController.edit()','PUT',1,'admin',NULL,'/cms/category','127.0.0.1','内网IP','{\"ancestors\":\"0\",\"catCount\":0,\"catId\":55,\"catName\":\"vxcvxc\",\"catPassCount\":0,\"catType\":0,\"createBy\":\"admin\",\"createTime\":\"2022-12-01 11:29:26\",\"orderNum\":0,\"params\":{},\"parent\":1,\"parentId\":0,\"updateBy\":\"admin\",\"updateTime\":\"2022-12-02 09:31:14\",\"visible\":0}','{\"msg\":\"操作成功\",\"code\":200}',0,NULL,'2022-12-02 09:31:18'),(713,'分类',2,'com.grace.web.controller.cms.CmsCategoryController.edit()','PUT',1,'admin',NULL,'/cms/category','127.0.0.1','内网IP','{\"ancestors\":\"0\",\"catCount\":0,\"catId\":55,\"catName\":\"vxcvxc\",\"catPassCount\":0,\"catType\":0,\"createBy\":\"admin\",\"createTime\":\"2022-12-01 11:29:26\",\"orderNum\":0,\"params\":{},\"parent\":0,\"parentId\":0,\"updateBy\":\"admin\",\"updateTime\":\"2022-12-02 09:31:18\",\"visible\":0}','{\"msg\":\"操作成功\",\"code\":200}',0,NULL,'2022-12-02 09:31:25'),(714,'分类',2,'com.grace.web.controller.cms.CmsCategoryController.edit()','PUT',1,'admin',NULL,'/cms/category','127.0.0.1','内网IP','{\"ancestors\":\"0\",\"catCount\":0,\"catId\":55,\"catName\":\"vxcvxc\",\"catPassCount\":0,\"catType\":0,\"createBy\":\"admin\",\"createTime\":\"2022-12-01 11:29:26\",\"orderNum\":0,\"params\":{},\"parent\":1,\"parentId\":0,\"updateBy\":\"admin\",\"updateTime\":\"2022-12-02 09:31:25\",\"visible\":0}','{\"msg\":\"操作成功\",\"code\":200}',0,NULL,'2022-12-02 09:41:37'),(715,'分类',2,'com.grace.web.controller.cms.CmsCategoryController.edit()','PUT',1,'admin',NULL,'/cms/category','127.0.0.1','内网IP','{\"ancestors\":\"0\",\"catCount\":0,\"catId\":55,\"catName\":\"vxcvxc\",\"catPassCount\":0,\"catType\":0,\"createBy\":\"admin\",\"createTime\":\"2022-12-01 11:29:26\",\"orderNum\":0,\"params\":{},\"parent\":1,\"parentId\":0,\"updateBy\":\"admin\",\"updateTime\":\"2022-12-02 09:41:37\",\"visible\":0}','{\"msg\":\"操作成功\",\"code\":200}',0,NULL,'2022-12-02 09:42:25'),(716,'分类',2,'com.grace.web.controller.cms.CmsCategoryController.edit()','PUT',1,'admin',NULL,'/cms/category','127.0.0.1','内网IP','{\"ancestors\":\"0\",\"catCount\":0,\"catId\":55,\"catName\":\"vxcvxc\",\"catPassCount\":0,\"catType\":0,\"createBy\":\"admin\",\"createTime\":\"2022-12-01 11:29:26\",\"orderNum\":0,\"params\":{},\"parent\":0,\"parentId\":0,\"updateBy\":\"admin\",\"updateTime\":\"2022-12-02 09:42:25\",\"visible\":0}','{\"msg\":\"操作成功\",\"code\":200}',0,NULL,'2022-12-02 09:42:30'),(717,'分类',2,'com.grace.web.controller.cms.CmsCategoryController.edit()','PUT',1,'admin',NULL,'/cms/category','127.0.0.1','内网IP','{\"ancestors\":\"0\",\"catCount\":0,\"catId\":55,\"catName\":\"vxcvxc\",\"catPassCount\":0,\"catType\":0,\"createBy\":\"admin\",\"createTime\":\"2022-12-01 11:29:26\",\"orderNum\":0,\"params\":{},\"parent\":0,\"parentId\":0,\"updateBy\":\"admin\",\"updateTime\":\"2022-12-02 09:42:30\",\"visible\":0}','{\"msg\":\"操作成功\",\"code\":200}',0,NULL,'2022-12-02 09:42:34'),(718,'分类',2,'com.grace.web.controller.cms.CmsCategoryController.edit()','PUT',1,'admin',NULL,'/cms/category','127.0.0.1','内网IP','{\"ancestors\":\"0\",\"catCount\":0,\"catId\":55,\"catName\":\"vxcvxc\",\"catPassCount\":0,\"catType\":0,\"createBy\":\"admin\",\"createTime\":\"2022-12-01 11:29:26\",\"orderNum\":0,\"params\":{},\"parent\":1,\"parentId\":0,\"updateBy\":\"admin\",\"updateTime\":\"2022-12-02 09:42:34\",\"visible\":0}','{\"msg\":\"操作成功\",\"code\":200}',0,NULL,'2022-12-02 09:42:38'),(719,'分类',3,'com.grace.web.controller.cms.CmsCategoryController.remove()','DELETE',1,'admin',NULL,'/cms/category/53','127.0.0.1','内网IP','{catId=53}',NULL,1,'存在子节点不允许删除','2022-12-02 09:42:42'),(720,'分类',2,'com.grace.web.controller.cms.CmsCategoryController.edit()','PUT',1,'admin',NULL,'/cms/category','127.0.0.1','内网IP','{\"ancestors\":\"0\",\"catCount\":0,\"catId\":55,\"catName\":\"vxcvxc\",\"catPassCount\":0,\"catType\":0,\"createBy\":\"admin\",\"createTime\":\"2022-12-01 11:29:26\",\"orderNum\":0,\"params\":{},\"parent\":0,\"parentId\":0,\"updateBy\":\"admin\",\"updateTime\":\"2022-12-02 09:42:38\",\"visible\":0}','{\"msg\":\"操作成功\",\"code\":200}',0,NULL,'2022-12-02 09:53:02'),(721,'分类',2,'com.grace.web.controller.cms.CmsCategoryController.edit()','PUT',1,'admin',NULL,'/cms/category','127.0.0.1','内网IP','{\"ancestors\":\"0\",\"catCount\":0,\"catId\":55,\"catName\":\"vxcvxc\",\"catPassCount\":0,\"catType\":0,\"createBy\":\"admin\",\"createTime\":\"2022-12-01 11:29:26\",\"orderNum\":0,\"params\":{},\"parent\":1,\"parentId\":0,\"updateBy\":\"admin\",\"updateTime\":\"2022-12-02 09:53:02\",\"visible\":0}','{\"msg\":\"操作成功\",\"code\":200}',0,NULL,'2022-12-02 09:53:07'),(722,'分类',2,'com.grace.web.controller.cms.CmsCategoryController.edit()','PUT',1,'admin',NULL,'/cms/category','127.0.0.1','内网IP','{\"ancestors\":\"0\",\"catCount\":0,\"catId\":55,\"catName\":\"vxcvxc\",\"catPassCount\":0,\"catType\":0,\"createBy\":\"admin\",\"createTime\":\"2022-12-01 11:29:26\",\"orderNum\":0,\"params\":{},\"parent\":1,\"parentId\":0,\"updateBy\":\"admin\",\"updateTime\":\"2022-12-02 09:53:07\",\"visible\":0}','{\"msg\":\"操作成功\",\"code\":200}',0,NULL,'2022-12-02 09:59:00'),(723,'分类',2,'com.grace.web.controller.cms.CmsCategoryController.edit()','PUT',1,'admin',NULL,'/cms/category','127.0.0.1','内网IP','{\"ancestors\":\"0\",\"catCount\":0,\"catId\":55,\"catName\":\"vxcvxc\",\"catPassCount\":0,\"catType\":0,\"createBy\":\"admin\",\"createTime\":\"2022-12-01 11:29:26\",\"orderNum\":0,\"params\":{},\"parent\":0,\"parentId\":0,\"updateBy\":\"admin\",\"updateTime\":\"2022-12-02 09:59:00\",\"visible\":0}','{\"msg\":\"操作成功\",\"code\":200}',0,NULL,'2022-12-02 09:59:05'),(724,'分类',3,'com.grace.web.controller.cms.CmsCategoryController.remove()','DELETE',1,'admin',NULL,'/cms/category/53','127.0.0.1','内网IP','{catId=53}',NULL,1,'存在子节点不允许删除','2022-12-02 09:59:11'),(725,'分类',3,'com.grace.web.controller.cms.CmsCategoryController.remove()','DELETE',1,'admin',NULL,'/cms/category/53','127.0.0.1','内网IP','{catId=53}',NULL,1,'存在子节点不允许删除','2022-12-02 10:00:47'),(726,'分类',3,'com.grace.web.controller.cms.CmsCategoryController.remove()','DELETE',1,'admin',NULL,'/cms/category/55','127.0.0.1','内网IP','{catId=55}',NULL,1,'存在子节点不允许删除','2022-12-02 10:00:50'),(727,'分类',2,'com.grace.web.controller.cms.CmsCategoryController.edit()','PUT',1,'admin',NULL,'/cms/category','127.0.0.1','内网IP','{\"ancestors\":\"0\",\"catCount\":0,\"catId\":55,\"catName\":\"vxcvxc\",\"catPassCount\":0,\"catType\":0,\"createBy\":\"admin\",\"createTime\":\"2022-12-01 11:29:26\",\"orderNum\":0,\"params\":{},\"parent\":1,\"parentId\":0,\"updateBy\":\"admin\",\"updateTime\":\"2022-12-02 09:59:05\",\"visible\":0}',NULL,1,'存在子节点不允许修改节点类型','2022-12-02 10:00:54'),(728,'菜单管理',2,'com.grace.web.controller.system.SysMenuController.edit()','PUT',1,'admin',NULL,'/system/menu','127.0.0.1','内网IP','{\"children\":[],\"component\":\"cms/setting/index\",\"createTime\":\"2022-11-26 14:30:25\",\"icon\":\"swagger\",\"isCache\":\"0\",\"isFrame\":\"1\",\"menuId\":2044,\"menuName\":\"参数维护\",\"menuType\":\"C\",\"orderNum\":0,\"params\":{},\"parentId\":2013,\"path\":\"setting\",\"perms\":\"cms:setting:list\",\"status\":\"0\",\"updateBy\":\"admin\",\"visible\":\"0\"}','{\"msg\":\"操作成功\",\"code\":200}',0,NULL,'2022-12-02 12:03:53'),(729,'菜单管理',2,'com.grace.web.controller.system.SysMenuController.edit()','PUT',1,'admin',NULL,'/system/menu','127.0.0.1','内网IP','{\"children\":[],\"component\":\"cms/column/index\",\"createTime\":\"2022-11-19 16:34:39\",\"icon\":\"tab\",\"isCache\":\"0\",\"isFrame\":\"1\",\"menuId\":2030,\"menuName\":\"菜单管理\",\"menuType\":\"C\",\"orderNum\":1,\"params\":{},\"parentId\":2013,\"path\":\"column\",\"perms\":\"cms:column:list\",\"status\":\"0\",\"updateBy\":\"admin\",\"visible\":\"0\"}','{\"msg\":\"操作成功\",\"code\":200}',0,NULL,'2022-12-02 12:04:07'),(730,'菜单管理',2,'com.grace.web.controller.system.SysMenuController.edit()','PUT',1,'admin',NULL,'/system/menu','127.0.0.1','内网IP','{\"children\":[],\"component\":\"cms/contact/index\",\"createTime\":\"2022-11-13 20:16:45\",\"icon\":\"icon\",\"isCache\":\"0\",\"isFrame\":\"1\",\"menuId\":2014,\"menuName\":\"反馈管理\",\"menuType\":\"C\",\"orderNum\":4,\"params\":{},\"parentId\":2013,\"path\":\"contact\",\"perms\":\"cms:contact:list\",\"status\":\"0\",\"updateBy\":\"admin\",\"visible\":\"0\"}','{\"msg\":\"操作成功\",\"code\":200}',0,NULL,'2022-12-02 12:04:19'),(731,'代码生成',6,'com.grace.generator.controller.GenController.importTableSave()','POST',1,'admin',NULL,'/tool/gen/importTable','127.0.0.1','内网IP','\"cms_web\"','{\"msg\":\"操作成功\",\"code\":200}',0,NULL,'2022-12-06 11:02:07'),(732,'代码生成',2,'com.grace.generator.controller.GenController.editSave()','PUT',1,'admin',NULL,'/tool/gen','127.0.0.1','内网IP','{\"businessName\":\"web\",\"className\":\"CmsWeb\",\"columns\":[{\"capJavaField\":\"WebId\",\"columnComment\":\"站点ID\",\"columnId\":169,\"columnName\":\"web_id\",\"columnType\":\"int(11)\",\"createBy\":\"admin\",\"createTime\":\"2022-12-06 11:02:07\",\"dictType\":\"\",\"edit\":false,\"htmlType\":\"input\",\"increment\":true,\"insert\":true,\"isIncrement\":\"1\",\"isInsert\":\"1\",\"isPk\":\"1\",\"javaField\":\"webId\",\"javaType\":\"Long\",\"list\":false,\"params\":{},\"pk\":true,\"query\":false,\"queryType\":\"EQ\",\"required\":false,\"sort\":1,\"superColumn\":false,\"tableId\":13,\"updateBy\":\"\",\"usableColumn\":false},{\"capJavaField\":\"WebName\",\"columnComment\":\"站点名\",\"columnId\":170,\"columnName\":\"web_name\",\"columnType\":\"varchar(64)\",\"createBy\":\"admin\",\"createTime\":\"2022-12-06 11:02:07\",\"dictType\":\"\",\"edit\":true,\"htmlType\":\"input\",\"increment\":false,\"insert\":true,\"isEdit\":\"1\",\"isIncrement\":\"0\",\"isInsert\":\"1\",\"isList\":\"1\",\"isPk\":\"0\",\"isQuery\":\"1\",\"isRequired\":\"1\",\"javaField\":\"webName\",\"javaType\":\"String\",\"list\":true,\"params\":{},\"pk\":false,\"query\":true,\"queryType\":\"LIKE\",\"required\":true,\"sort\":2,\"superColumn\":false,\"tableId\":13,\"updateBy\":\"\",\"usableColumn\":false},{\"capJavaField\":\"WebIp\",\"columnComment\":\"站点Ip\",\"columnId\":171,\"columnName\":\"web_ip\",\"columnType\":\"varchar(64)\",\"createBy\":\"admin\",\"createTime\":\"2022-12-06 11:02:07\",\"dictType\":\"\",\"edit\":true,\"htmlType\":\"input\",\"increment\":false,\"insert\":true,\"isEdit\":\"1\",\"isIncrement\":\"0\",\"isInsert\":\"1\",\"isList\":\"1\",\"isPk\":\"0\",\"isQuery\":\"1\",\"isRequired\":\"1\",\"javaField\":\"webIp\",\"javaType\":\"String\",\"list\":true,\"params\":{},\"pk\":false,\"query\":true,\"queryType\":\"EQ\",\"required\":true,\"sort\":3,\"superColumn\":false,\"tableId\":13,\"updateBy\":\"\",\"usableColumn\":false},{\"capJavaField\":\"CreateTime\",\"columnComment\":\"添加时间\",\"columnId\":172,\"columnName\":\"create_time\",\"columnType\":\"datetime\",\"createBy\":\"admin\",\"createTime\":\"2022-12-06 11:02:07\",\"dictType\":\"\",\"edit\":false,\"htmlType\":\"datetime\",\"increment\":false,\"insert\":true,\"isEdit\":\"0\",\"isIncrement\":\"0\",\"isInsert\":\"1\",\"isList\":\"1\",\"isPk\":\"0\",\"isQuery\":\"1\",\"javaField\":\"createTime\",\"javaType\":\"','{\"msg\":\"操作成功\",\"code\":200}',0,NULL,'2022-12-06 11:05:24'),(733,'代码生成',2,'com.grace.generator.controller.GenController.editSave()','PUT',1,'admin',NULL,'/tool/gen','127.0.0.1','内网IP','{\"businessName\":\"web\",\"className\":\"CmsWeb\",\"columns\":[{\"capJavaField\":\"WebId\",\"columnComment\":\"站点ID\",\"columnId\":169,\"columnName\":\"web_id\",\"columnType\":\"int(11)\",\"createBy\":\"admin\",\"createTime\":\"2022-12-06 11:02:07\",\"dictType\":\"\",\"edit\":false,\"htmlType\":\"input\",\"increment\":true,\"insert\":true,\"isIncrement\":\"1\",\"isInsert\":\"1\",\"isPk\":\"1\",\"javaField\":\"webId\",\"javaType\":\"Long\",\"list\":false,\"params\":{},\"pk\":true,\"query\":false,\"queryType\":\"EQ\",\"required\":false,\"sort\":1,\"superColumn\":false,\"tableId\":13,\"updateBy\":\"\",\"updateTime\":\"2022-12-06 11:05:24\",\"usableColumn\":false},{\"capJavaField\":\"WebName\",\"columnComment\":\"站点名\",\"columnId\":170,\"columnName\":\"web_name\",\"columnType\":\"varchar(64)\",\"createBy\":\"admin\",\"createTime\":\"2022-12-06 11:02:07\",\"dictType\":\"\",\"edit\":true,\"htmlType\":\"input\",\"increment\":false,\"insert\":true,\"isEdit\":\"1\",\"isIncrement\":\"0\",\"isInsert\":\"1\",\"isList\":\"1\",\"isPk\":\"0\",\"isQuery\":\"1\",\"isRequired\":\"1\",\"javaField\":\"webName\",\"javaType\":\"String\",\"list\":true,\"params\":{},\"pk\":false,\"query\":true,\"queryType\":\"LIKE\",\"required\":true,\"sort\":2,\"superColumn\":false,\"tableId\":13,\"updateBy\":\"\",\"updateTime\":\"2022-12-06 11:05:24\",\"usableColumn\":false},{\"capJavaField\":\"WebIp\",\"columnComment\":\"站点Ip\",\"columnId\":171,\"columnName\":\"web_ip\",\"columnType\":\"varchar(64)\",\"createBy\":\"admin\",\"createTime\":\"2022-12-06 11:02:07\",\"dictType\":\"\",\"edit\":true,\"htmlType\":\"input\",\"increment\":false,\"insert\":true,\"isEdit\":\"1\",\"isIncrement\":\"0\",\"isInsert\":\"1\",\"isList\":\"1\",\"isPk\":\"0\",\"isQuery\":\"1\",\"isRequired\":\"1\",\"javaField\":\"webIp\",\"javaType\":\"String\",\"list\":true,\"params\":{},\"pk\":false,\"query\":true,\"queryType\":\"EQ\",\"required\":true,\"sort\":3,\"superColumn\":false,\"tableId\":13,\"updateBy\":\"\",\"updateTime\":\"2022-12-06 11:05:24\",\"usableColumn\":false},{\"capJavaField\":\"CreateTime\",\"columnComment\":\"添加时间\",\"columnId\":172,\"columnName\":\"create_time\",\"columnType\":\"datetime\",\"createBy\":\"admin\",\"createTime\":\"2022-12-06 11:02:07\",\"dictType\":\"\",\"edit\":false,\"htmlType\":\"datetime\",\"increment\":false,\"insert\":true,\"isEdit\":\"0\",\"is','{\"msg\":\"操作成功\",\"code\":200}',0,NULL,'2022-12-06 11:06:29'),(734,'代码生成',2,'com.grace.generator.controller.GenController.editSave()','PUT',1,'admin',NULL,'/tool/gen','127.0.0.1','内网IP','{\"businessName\":\"web\",\"className\":\"CmsWeb\",\"columns\":[{\"capJavaField\":\"WebId\",\"columnComment\":\"站点ID\",\"columnId\":169,\"columnName\":\"web_id\",\"columnType\":\"int(11)\",\"createBy\":\"admin\",\"createTime\":\"2022-12-06 11:02:07\",\"dictType\":\"\",\"edit\":false,\"htmlType\":\"input\",\"increment\":true,\"insert\":true,\"isIncrement\":\"1\",\"isInsert\":\"1\",\"isPk\":\"1\",\"javaField\":\"webId\",\"javaType\":\"Long\",\"list\":false,\"params\":{},\"pk\":true,\"query\":false,\"queryType\":\"EQ\",\"required\":false,\"sort\":1,\"superColumn\":false,\"tableId\":13,\"updateBy\":\"\",\"updateTime\":\"2022-12-06 11:06:29\",\"usableColumn\":false},{\"capJavaField\":\"WebName\",\"columnComment\":\"站点名\",\"columnId\":170,\"columnName\":\"web_name\",\"columnType\":\"varchar(64)\",\"createBy\":\"admin\",\"createTime\":\"2022-12-06 11:02:07\",\"dictType\":\"\",\"edit\":true,\"htmlType\":\"input\",\"increment\":false,\"insert\":true,\"isEdit\":\"1\",\"isIncrement\":\"0\",\"isInsert\":\"1\",\"isList\":\"1\",\"isPk\":\"0\",\"isQuery\":\"1\",\"isRequired\":\"1\",\"javaField\":\"webName\",\"javaType\":\"String\",\"list\":true,\"params\":{},\"pk\":false,\"query\":true,\"queryType\":\"LIKE\",\"required\":true,\"sort\":2,\"superColumn\":false,\"tableId\":13,\"updateBy\":\"\",\"updateTime\":\"2022-12-06 11:06:29\",\"usableColumn\":false},{\"capJavaField\":\"WebIp\",\"columnComment\":\"站点Ip\",\"columnId\":171,\"columnName\":\"web_ip\",\"columnType\":\"varchar(64)\",\"createBy\":\"admin\",\"createTime\":\"2022-12-06 11:02:07\",\"dictType\":\"\",\"edit\":true,\"htmlType\":\"input\",\"increment\":false,\"insert\":true,\"isEdit\":\"1\",\"isIncrement\":\"0\",\"isInsert\":\"1\",\"isList\":\"1\",\"isPk\":\"0\",\"isQuery\":\"1\",\"isRequired\":\"1\",\"javaField\":\"webIp\",\"javaType\":\"String\",\"list\":true,\"params\":{},\"pk\":false,\"query\":true,\"queryType\":\"EQ\",\"required\":true,\"sort\":3,\"superColumn\":false,\"tableId\":13,\"updateBy\":\"\",\"updateTime\":\"2022-12-06 11:06:29\",\"usableColumn\":false},{\"capJavaField\":\"CreateTime\",\"columnComment\":\"添加时间\",\"columnId\":172,\"columnName\":\"create_time\",\"columnType\":\"datetime\",\"createBy\":\"admin\",\"createTime\":\"2022-12-06 11:02:07\",\"dictType\":\"\",\"edit\":false,\"htmlType\":\"datetime\",\"increment\":false,\"insert\":true,\"isEdit\":\"0\",\"is','{\"msg\":\"操作成功\",\"code\":200}',0,NULL,'2022-12-06 11:07:02'),(735,'代码生成',8,'com.grace.generator.controller.GenController.batchGenCode()','GET',1,'admin',NULL,'/tool/gen/batchGenCode','127.0.0.1','内网IP','{}',NULL,0,NULL,'2022-12-06 13:48:31'),(736,'菜单管理',1,'com.grace.web.controller.system.SysMenuController.add()','POST',1,'admin',NULL,'/system/menu','127.0.0.1','内网IP','{\"children\":[],\"component\":\"web\",\"createBy\":\"admin\",\"icon\":\"international\",\"isCache\":\"0\",\"isFrame\":\"1\",\"menuName\":\"站点管理\",\"menuType\":\"C\",\"orderNum\":7,\"params\":{},\"parentId\":2013,\"path\":\"cms\",\"perms\":\"cms:web:list\",\"status\":\"0\",\"visible\":\"0\"}','{\"msg\":\"操作成功\",\"code\":200}',0,NULL,'2022-12-06 16:41:57'),(737,'菜单管理',2,'com.grace.web.controller.system.SysMenuController.edit()','PUT',1,'admin',NULL,'/system/menu','127.0.0.1','内网IP','{\"children\":[],\"component\":\"cms/web/index\",\"createTime\":\"2022-12-06 16:41:57\",\"icon\":\"international\",\"isCache\":\"0\",\"isFrame\":\"1\",\"menuId\":2046,\"menuName\":\"站点管理\",\"menuType\":\"C\",\"orderNum\":7,\"params\":{},\"parentId\":2013,\"path\":\"web\",\"perms\":\"cms:web:list\",\"status\":\"0\",\"updateBy\":\"admin\",\"visible\":\"0\"}','{\"msg\":\"操作成功\",\"code\":200}',0,NULL,'2022-12-06 16:42:55'),(738,'站点',1,'com.grace.web.controller.cms.CmsWebController.add()','POST',1,'admin',NULL,'/cms/web','127.0.0.1','内网IP','{\"createTime\":\"2022-12-06 18:25:32.141\",\"params\":{},\"webId\":1,\"webIp\":\"127.0.0.1\",\"webName\":\"示例站点\"}','{\"msg\":\"操作成功\",\"code\":200}',0,NULL,'2022-12-06 18:25:32'),(739,'站点',2,'com.grace.web.controller.cms.CmsWebController.edit()','PUT',1,'admin',NULL,'/cms/web','127.0.0.1','内网IP','{\"createBy\":\"\",\"createTime\":\"2022-12-06 18:25:32\",\"params\":{},\"remark\":\"示例站点\",\"updateBy\":\"\",\"updateTime\":\"2022-12-06 18:26:30.386\",\"webId\":1,\"webIp\":\"127.0.0.1\",\"webName\":\"示例站点\"}','{\"msg\":\"操作成功\",\"code\":200}',0,NULL,'2022-12-06 18:26:30'),(740,'代码生成',2,'com.grace.generator.controller.GenController.synchDb()','GET',1,'admin',NULL,'/tool/gen/synchDb/cms_theme','127.0.0.1','内网IP','{tableName=cms_theme}','{\"msg\":\"操作成功\",\"code\":200}',0,NULL,'2022-12-06 20:46:37'),(741,'代码生成',2,'com.grace.generator.controller.GenController.editSave()','PUT',1,'admin',NULL,'/tool/gen','127.0.0.1','内网IP','{\"businessName\":\"theme\",\"className\":\"CmsTheme\",\"columns\":[{\"capJavaField\":\"ThemeId\",\"columnComment\":\"主题ID\",\"columnId\":139,\"columnName\":\"theme_id\",\"columnType\":\"int(11)\",\"createBy\":\"admin\",\"createTime\":\"2022-11-11 20:55:38\",\"dictType\":\"\",\"edit\":false,\"htmlType\":\"input\",\"increment\":true,\"insert\":true,\"isIncrement\":\"1\",\"isInsert\":\"1\",\"isList\":\"1\",\"isPk\":\"1\",\"javaField\":\"themeId\",\"javaType\":\"Long\",\"list\":true,\"params\":{},\"pk\":true,\"query\":false,\"queryType\":\"EQ\",\"required\":false,\"sort\":1,\"superColumn\":false,\"tableId\":11,\"updateBy\":\"\",\"updateTime\":\"2022-12-06 20:46:37\",\"usableColumn\":false},{\"capJavaField\":\"WebId\",\"columnComment\":\"站点ID\",\"columnId\":177,\"columnName\":\"web_id\",\"columnType\":\"int(11)\",\"createBy\":\"\",\"createTime\":\"2022-12-06 20:46:37\",\"dictType\":\"\",\"edit\":false,\"htmlType\":\"input\",\"increment\":false,\"insert\":true,\"isEdit\":\"0\",\"isIncrement\":\"0\",\"isInsert\":\"1\",\"isList\":\"1\",\"isPk\":\"0\",\"isQuery\":\"0\",\"isRequired\":\"1\",\"javaField\":\"webId\",\"javaType\":\"Long\",\"list\":true,\"params\":{},\"pk\":false,\"query\":false,\"queryType\":\"EQ\",\"required\":true,\"sort\":2,\"superColumn\":false,\"tableId\":11,\"updateBy\":\"\",\"usableColumn\":false},{\"capJavaField\":\"ThemeName\",\"columnComment\":\"主题名\",\"columnId\":140,\"columnName\":\"theme_name\",\"columnType\":\"varchar(255)\",\"createBy\":\"admin\",\"createTime\":\"2022-11-11 20:55:38\",\"dictType\":\"\",\"edit\":false,\"htmlType\":\"input\",\"increment\":false,\"insert\":true,\"isEdit\":\"0\",\"isIncrement\":\"0\",\"isInsert\":\"1\",\"isList\":\"1\",\"isPk\":\"0\",\"isQuery\":\"0\",\"isRequired\":\"1\",\"javaField\":\"themeName\",\"javaType\":\"String\",\"list\":true,\"params\":{},\"pk\":false,\"query\":false,\"queryType\":\"LIKE\",\"required\":true,\"sort\":3,\"superColumn\":false,\"tableId\":11,\"updateBy\":\"\",\"updateTime\":\"2022-12-06 20:46:37\",\"usableColumn\":false},{\"capJavaField\":\"CreateBy\",\"columnComment\":\"上传者ID\",\"columnId\":141,\"columnName\":\"create_by\",\"columnType\":\"varchar(64)\",\"createBy\":\"admin\",\"createTime\":\"2022-11-11 20:55:38\",\"dictType\":\"\",\"edit\":false,\"htmlType\":\"input\",\"increment\":false,\"insert\":true,\"isIncrement\":\"0\",\"isInsert\":\"1\"','{\"msg\":\"操作成功\",\"code\":200}',0,NULL,'2022-12-06 20:54:22'),(742,'代码生成',2,'com.grace.generator.controller.GenController.editSave()','PUT',1,'admin',NULL,'/tool/gen','127.0.0.1','内网IP','{\"businessName\":\"theme\",\"className\":\"CmsTheme\",\"columns\":[{\"capJavaField\":\"ThemeId\",\"columnComment\":\"主题ID\",\"columnId\":139,\"columnName\":\"theme_id\",\"columnType\":\"int(11)\",\"createBy\":\"admin\",\"createTime\":\"2022-11-11 20:55:38\",\"dictType\":\"\",\"edit\":false,\"htmlType\":\"input\",\"increment\":true,\"insert\":true,\"isIncrement\":\"1\",\"isInsert\":\"1\",\"isList\":\"1\",\"isPk\":\"1\",\"javaField\":\"themeId\",\"javaType\":\"Long\",\"list\":true,\"params\":{},\"pk\":true,\"query\":false,\"queryType\":\"EQ\",\"required\":false,\"sort\":1,\"superColumn\":false,\"tableId\":11,\"updateBy\":\"\",\"updateTime\":\"2022-12-06 20:54:21\",\"usableColumn\":false},{\"capJavaField\":\"WebId\",\"columnComment\":\"站点ID\",\"columnId\":177,\"columnName\":\"web_id\",\"columnType\":\"int(11)\",\"createBy\":\"\",\"createTime\":\"2022-12-06 20:46:37\",\"dictType\":\"\",\"edit\":false,\"htmlType\":\"input\",\"increment\":false,\"insert\":true,\"isEdit\":\"0\",\"isIncrement\":\"0\",\"isInsert\":\"1\",\"isList\":\"1\",\"isPk\":\"0\",\"isQuery\":\"0\",\"isRequired\":\"1\",\"javaField\":\"webId\",\"javaType\":\"Long\",\"list\":true,\"params\":{},\"pk\":false,\"query\":false,\"queryType\":\"EQ\",\"required\":true,\"sort\":2,\"superColumn\":false,\"tableId\":11,\"updateBy\":\"\",\"updateTime\":\"2022-12-06 20:54:21\",\"usableColumn\":false},{\"capJavaField\":\"ThemeName\",\"columnComment\":\"主题名\",\"columnId\":140,\"columnName\":\"theme_name\",\"columnType\":\"varchar(255)\",\"createBy\":\"admin\",\"createTime\":\"2022-11-11 20:55:38\",\"dictType\":\"\",\"edit\":false,\"htmlType\":\"input\",\"increment\":false,\"insert\":true,\"isEdit\":\"0\",\"isIncrement\":\"0\",\"isInsert\":\"1\",\"isList\":\"1\",\"isPk\":\"0\",\"isQuery\":\"0\",\"isRequired\":\"1\",\"javaField\":\"themeName\",\"javaType\":\"String\",\"list\":true,\"params\":{},\"pk\":false,\"query\":false,\"queryType\":\"LIKE\",\"required\":true,\"sort\":3,\"superColumn\":false,\"tableId\":11,\"updateBy\":\"\",\"updateTime\":\"2022-12-06 20:54:21\",\"usableColumn\":false},{\"capJavaField\":\"CreateBy\",\"columnComment\":\"上传者ID\",\"columnId\":141,\"columnName\":\"create_by\",\"columnType\":\"varchar(64)\",\"createBy\":\"admin\",\"createTime\":\"2022-11-11 20:55:38\",\"dictType\":\"\",\"edit\":false,\"htmlType\":\"input\",\"increment\":false,\"insert\":tr','{\"msg\":\"操作成功\",\"code\":200}',0,NULL,'2022-12-06 20:55:10'),(743,'代码生成',8,'com.grace.generator.controller.GenController.batchGenCode()','GET',1,'admin',NULL,'/tool/gen/batchGenCode','127.0.0.1','内网IP','{}',NULL,0,NULL,'2022-12-06 20:55:45'),(744,'主题管理',1,'com.grace.web.controller.cms.CmsThemeController.themeUpload()','POST',1,'admin',NULL,'/cms/theme/uploadTheme','127.0.0.1','内网IP','false false','{\"msg\":\"操作失败\",\"code\":500}',0,NULL,'2022-12-07 12:03:08'),(745,'主题管理',1,'com.grace.web.controller.cms.CmsThemeController.themeUpload()','POST',1,'admin',NULL,'/cms/theme/uploadTheme','127.0.0.1','内网IP','false false','{\"msg\":\"操作失败\",\"code\":500}',0,NULL,'2022-12-07 12:07:18'),(746,'主题管理',1,'com.grace.web.controller.cms.CmsThemeController.themeUpload()','POST',1,'admin',NULL,'/cms/theme/uploadTheme','127.0.0.1','内网IP','false false','{\"msg\":\"操作失败\",\"code\":500}',0,NULL,'2022-12-07 12:09:25'),(747,'主题管理',1,'com.grace.web.controller.cms.CmsThemeController.themeUpload()','POST',1,'admin',NULL,'/cms/theme/uploadTheme','127.0.0.1','内网IP','false false','{\"msg\":\"操作失败\",\"code\":500}',0,NULL,'2022-12-07 12:10:00'),(748,'主题管理',1,'com.grace.web.controller.cms.CmsThemeController.themeUpload()','POST',1,'admin',NULL,'/cms/theme/uploadTheme','127.0.0.1','内网IP','false false','{\"msg\":\"操作失败\",\"code\":500}',0,NULL,'2022-12-07 12:11:36'),(749,'主题管理',1,'com.grace.web.controller.cms.CmsThemeController.themeUpload()','POST',1,'admin',NULL,'/cms/theme/uploadTheme','127.0.0.1','内网IP','false false','{\"msg\":\"操作失败\",\"code\":500}',0,NULL,'2022-12-07 12:14:38'),(750,'主题管理',1,'com.grace.web.controller.cms.CmsThemeController.themeUpload()','POST',1,'admin',NULL,'/cms/theme/uploadTheme','127.0.0.1','内网IP','false false','{\"msg\":\"操作失败\",\"code\":500}',0,NULL,'2022-12-07 12:16:06'),(751,'主题管理',1,'com.grace.web.controller.cms.CmsThemeController.themeUpload()','POST',1,'admin',NULL,'/cms/theme/uploadTheme','127.0.0.1','内网IP','false false','{\"msg\":\"操作失败\",\"code\":500}',0,NULL,'2022-12-07 12:18:07'),(752,'主题管理',1,'com.grace.web.controller.cms.CmsThemeController.themeUpload()','POST',1,'admin',NULL,'/cms/theme/uploadTheme','127.0.0.1','内网IP','false false','{\"msg\":\"操作失败\",\"code\":500}',0,NULL,'2022-12-07 12:21:09'),(753,'主题管理',1,'com.grace.web.controller.cms.CmsThemeController.themeUpload()','POST',1,'admin',NULL,'/cms/theme/uploadTheme','127.0.0.1','内网IP','false false','{\"msg\":\"操作失败\",\"code\":500}',0,NULL,'2022-12-07 12:24:51'),(754,'主题管理',1,'com.grace.web.controller.cms.CmsThemeController.themeUpload()','POST',1,'admin',NULL,'/cms/theme/uploadTheme','127.0.0.1','内网IP','false false','{\"msg\":\"操作失败\",\"code\":500}',0,NULL,'2022-12-07 12:25:36'),(755,'主题管理',1,'com.grace.web.controller.cms.CmsThemeController.themeUpload()','POST',1,'admin',NULL,'/cms/theme/uploadTheme','127.0.0.1','内网IP','false false','{\"msg\":\"操作失败\",\"code\":500}',0,NULL,'2022-12-07 12:26:25'),(756,'主题管理',1,'com.grace.web.controller.cms.CmsThemeController.themeUpload()','POST',1,'admin',NULL,'/cms/theme/uploadTheme','127.0.0.1','内网IP','false false','{\"msg\":\"操作失败\",\"code\":500}',0,NULL,'2022-12-07 13:48:54'),(757,'主题管理',1,'com.grace.web.controller.cms.CmsThemeController.themeUpload()','POST',1,'admin',NULL,'/cms/theme/uploadTheme','127.0.0.1','内网IP','false false','{\"msg\":\"操作失败\",\"code\":500}',0,NULL,'2022-12-07 13:52:13'),(758,'主题管理',1,'com.grace.web.controller.cms.CmsThemeController.themeUpload()','POST',1,'admin',NULL,'/cms/theme/uploadTheme','127.0.0.1','内网IP','true true','{\"msg\":\"操作失败\",\"code\":500}',0,NULL,'2022-12-07 18:29:50'),(759,'主题管理',1,'com.grace.web.controller.cms.CmsThemeController.themeUpload()','POST',1,'admin',NULL,'/cms/theme/uploadTheme','127.0.0.1','内网IP','false false','{\"msg\":\"操作失败\",\"code\":500}',0,NULL,'2022-12-07 18:31:00'),(760,'主题管理',1,'com.grace.web.controller.cms.CmsThemeController.themeUpload()','POST',1,'admin',NULL,'/cms/theme/uploadTheme','127.0.0.1','内网IP','true true','{\"msg\":\"操作失败\",\"code\":500}',0,NULL,'2022-12-07 18:32:49'),(761,'主题管理',1,'com.grace.web.controller.cms.CmsThemeController.themeUpload()','POST',1,'admin',NULL,'/cms/theme/uploadTheme','127.0.0.1','内网IP','false false','{\"msg\":\"{\\\"timestamp\\\":\\\"2022-12-07T10:34:07.553+00:00\\\",\\\"status\\\":500,\\\"error\\\":\\\"Internal Server Error\\\",\\\"path\\\":\\\"/web/theme/uploadTheme\\\"}\",\"code\":200}',0,NULL,'2022-12-07 18:34:07'),(762,'主题管理',1,'com.grace.web.controller.cms.CmsThemeController.themeUpload()','POST',1,'admin',NULL,'/cms/theme/uploadTheme','127.0.0.1','内网IP','true true','{\"msg\":\"{\\\"timestamp\\\":\\\"2022-12-07T10:34:35.645+00:00\\\",\\\"status\\\":500,\\\"error\\\":\\\"Internal Server Error\\\",\\\"path\\\":\\\"/web/theme/uploadTheme\\\"}\",\"code\":200}',0,NULL,'2022-12-07 18:34:35'),(763,'主题管理',1,'com.grace.web.controller.cms.CmsThemeController.themeUpload()','POST',1,'admin',NULL,'/cms/theme/uploadTheme','127.0.0.1','内网IP','false false','{\"msg\":\"{\\\"msg\\\":\\\"操作成功\\\",\\\"code\\\":200}\",\"code\":200}',0,NULL,'2022-12-07 18:36:41'),(764,'主题管理',1,'com.grace.web.controller.cms.CmsThemeController.themeUpload()','POST',1,'admin',NULL,'/cms/theme/uploadTheme','127.0.0.1','内网IP','true true','{\"msg\":\"{\\\"timestamp\\\":\\\"2022-12-07T10:36:59.782+00:00\\\",\\\"status\\\":500,\\\"error\\\":\\\"Internal Server Error\\\",\\\"path\\\":\\\"/web/theme/uploadTheme\\\"}\",\"code\":200}',0,NULL,'2022-12-07 18:36:59'),(765,'主题管理',1,'com.grace.web.controller.cms.CmsThemeController.themeUpload()','POST',1,'admin',NULL,'/cms/theme/uploadTheme','127.0.0.1','内网IP','true true','{\"msg\":\"{\\\"msg\\\":\\\"操作成功\\\",\\\"code\\\":200}\",\"code\":200}',0,NULL,'2022-12-07 18:38:49'),(766,'主题管理',1,'com.grace.web.controller.cms.CmsThemeController.themeUpload()','POST',1,'admin',NULL,'/cms/theme/uploadTheme','127.0.0.1','内网IP','false false','{\"msg\":\"{\\\"timestamp\\\":\\\"2022-12-07T10:39:05.686+00:00\\\",\\\"status\\\":500,\\\"error\\\":\\\"Internal Server Error\\\",\\\"path\\\":\\\"/web/theme/uploadTheme\\\"}\",\"code\":200}',0,NULL,'2022-12-07 18:39:05'),(767,'主题管理',1,'com.grace.web.controller.cms.CmsThemeController.themeUpload()','POST',1,'admin',NULL,'/cms/theme/uploadTheme','127.0.0.1','内网IP','false false','{\"msg\":\"{\\\"msg\\\":\\\"主题未上传,因为文件已经存在,你选择的是不覆盖上传！\\\",\\\"code\\\":500}\",\"code\":200}',0,NULL,'2022-12-07 19:19:37'),(768,'主题管理',1,'com.grace.web.controller.cms.CmsThemeController.themeUpload()','POST',1,'admin',NULL,'/cms/theme/uploadTheme','127.0.0.1','内网IP','true true','{\"msg\":\"{\\\"msg\\\":\\\"操作成功\\\",\\\"code\\\":200}\",\"code\":200}',0,NULL,'2022-12-07 20:17:48'),(769,'主题管理',1,'com.grace.web.controller.cms.CmsThemeController.themeUpload()','POST',1,'admin',NULL,'/cms/theme/uploadTheme','127.0.0.1','内网IP','false false','{\"msg\":\"{\\\"msg\\\":\\\"主题未上传,因为文件已经存在,你选择的是不覆盖上传！\\\",\\\"code\\\":500}\",\"code\":200}',0,NULL,'2022-12-07 20:18:14'),(770,'主题管理',1,'com.grace.web.controller.cms.CmsThemeController.themeUpload()','POST',1,'admin',NULL,'/cms/theme/uploadTheme','127.0.0.1','内网IP','false false','{\"msg\":\"{\\\"msg\\\":\\\"主题未上传,因为文件已经存在,你选择的是不覆盖上传！\\\",\\\"code\\\":500}\",\"code\":200}',0,NULL,'2022-12-07 20:20:45'),(771,'主题管理',1,'com.grace.web.controller.cms.CmsThemeController.themeUpload()','POST',1,'admin',NULL,'/cms/theme/uploadTheme','127.0.0.1','内网IP','false false','{\"msg\":\"{\\\"msg\\\":\\\"主题未上传,因为文件已经存在,你选择的是不覆盖上传！\\\",\\\"code\\\":500}\",\"code\":200}',0,NULL,'2022-12-07 20:21:01'),(772,'主题管理',1,'com.grace.web.controller.cms.CmsThemeController.themeUpload()','POST',1,'admin',NULL,'/cms/theme/uploadTheme','127.0.0.1','内网IP','false false','{\"msg\":\"{\\\"msg\\\":\\\"主题未上传,因为文件已经存在,你选择的是不覆盖上传！\\\",\\\"code\\\":500}\",\"code\":200}',0,NULL,'2022-12-07 20:21:22'),(773,'主题管理',1,'com.grace.web.controller.cms.CmsThemeController.themeUpload()','POST',1,'admin',NULL,'/cms/theme/uploadTheme','127.0.0.1','内网IP','false false','{\"msg\":\"{\\\"msg\\\":\\\"主题未上传,因为文件已经存在,你选择的是不覆盖上传！\\\",\\\"code\\\":500}\",\"code\":200}',0,NULL,'2022-12-07 20:27:49'),(774,'主题管理',1,'com.grace.web.controller.cms.CmsThemeController.themeUpload()','POST',1,'admin',NULL,'/cms/theme/uploadTheme','127.0.0.1','内网IP','1 true true','{\"msg\":\"Maximum upload size exceeded; nested exception is java.lang.IllegalStateException: org.apache.tomcat.util.http.fileupload.impl.FileSizeLimitExceededException: The field themeFile exceeds its maximum permitted size of 1048576 bytes.\",\"code\":500}',0,NULL,'2022-12-08 00:16:58'),(775,'主题管理',1,'com.grace.web.controller.cms.CmsThemeController.themeUpload()','POST',1,'admin',NULL,'/cms/theme/uploadTheme','127.0.0.1','内网IP','1 true true',NULL,1,'','2022-12-08 00:19:27'),(776,'主题管理',1,'com.grace.web.controller.cms.CmsThemeController.themeUpload()','POST',1,'admin',NULL,'/cms/theme/uploadTheme','127.0.0.1','内网IP','1 true true',NULL,1,'','2022-12-08 00:20:59'),(777,'主题管理',1,'com.grace.web.controller.cms.CmsThemeController.themeUpload()','POST',1,'admin',NULL,'/cms/theme/uploadTheme','127.0.0.1','内网IP','1 true true',NULL,1,'','2022-12-08 00:21:50'),(778,'主题管理',1,'com.grace.web.controller.cms.CmsThemeController.themeUpload()','POST',1,'admin',NULL,'/cms/theme/uploadTheme','127.0.0.1','内网IP','1 true true',NULL,1,'','2022-12-08 00:23:06'),(779,'主题管理',1,'com.grace.web.controller.cms.CmsThemeController.themeUpload()','POST',1,'admin',NULL,'/cms/theme/uploadTheme','127.0.0.1','内网IP','1 true true',NULL,1,'','2022-12-08 00:25:18'),(780,'主题管理',1,'com.grace.web.controller.cms.CmsThemeController.themeUpload()','POST',1,'admin',NULL,'/cms/theme/uploadTheme','127.0.0.1','内网IP','1 true true',NULL,1,'','2022-12-08 00:27:18'),(781,'主题管理',1,'com.grace.web.controller.cms.CmsThemeController.themeUpload()','POST',1,'admin',NULL,'/cms/theme/uploadTheme','127.0.0.1','内网IP','1 true true',NULL,1,'illegal input， offset 1, char t','2022-12-08 00:32:56'),(782,'主题管理',1,'com.grace.web.controller.cms.CmsThemeController.themeUpload()','POST',1,'admin',NULL,'/cms/theme/uploadTheme','127.0.0.1','内网IP','1 true true',NULL,1,'','2022-12-08 00:33:49'),(783,'主题管理',1,'com.grace.web.controller.cms.CmsThemeController.themeUpload()','POST',1,'admin',NULL,'/cms/theme/uploadTheme','127.0.0.1','内网IP','1 true true',NULL,1,'illegal input， offset 1, char t','2022-12-08 00:35:08'),(784,'主题管理',1,'com.grace.web.controller.cms.CmsThemeController.themeUpload()','POST',1,'admin',NULL,'/cms/theme/uploadTheme','127.0.0.1','内网IP','1 true true',NULL,1,'illegal input， offset 1, char t','2022-12-08 00:37:41'),(785,'主题管理',1,'com.grace.web.controller.cms.CmsThemeController.themeUpload()','POST',1,'admin',NULL,'/cms/theme/uploadTheme','127.0.0.1','内网IP','1 true true',NULL,1,'illegal input， offset 1, char t','2022-12-08 00:38:36'),(786,'主题管理',1,'com.grace.web.controller.cms.CmsThemeController.themeUpload()','POST',1,'admin',NULL,'/cms/theme/uploadTheme','127.0.0.1','内网IP','1 true true',NULL,1,'illegal input， offset 1, char t','2022-12-08 00:41:45'),(787,'主题管理',1,'com.grace.web.controller.cms.CmsThemeController.themeUpload()','POST',1,'admin',NULL,'/cms/theme/uploadTheme','127.0.0.1','内网IP','1 true true',NULL,1,'','2022-12-08 10:16:57'),(788,'主题管理',1,'com.grace.web.controller.cms.CmsThemeController.themeUpload()','POST',1,'admin',NULL,'/cms/theme/uploadTheme','127.0.0.1','内网IP','1 true true',NULL,1,'','2022-12-08 10:21:25'),(789,'主题管理',1,'com.grace.web.controller.cms.CmsThemeController.themeUpload()','POST',1,'admin',NULL,'/cms/theme/uploadTheme','127.0.0.1','内网IP','1 true true',NULL,1,'\r\n### Error updating database.  Cause: com.mysql.cj.jdbc.exceptions.MysqlDataTruncation: Data truncation: Invalid JSON text: \"Invalid value.\" at position 0 in value for column \'cms_theme.theme_touch\'.\r\n### The error may exist in file [D:\\vue\\Grace-Vue\\grace-oly\\oly-cms\\cms-admin\\target\\classes\\mapper\\oly\\CmsThemeMapper.xml]\r\n### The error may involve com.oly.cms.admin.mapper.CmsThemeMapper.insertCmsTheme-Inline\r\n### The error occurred while setting parameters\r\n### SQL: insert into cms_theme          ( web_id,             theme_name,             create_by,             theme_author,             create_time,             theme_info,             theme_enabled,                          theme_touch,             theme_version )           values ( ?,             ?,             ?,             ?,              sysdate(),             ?,             ?,                          ?,             ? )\r\n### Cause: com.mysql.cj.jdbc.exceptions.MysqlDataTruncation: Data truncation: Invalid JSON text: \"Invalid value.\" at position 0 in value for column \'cms_theme.theme_touch\'.\n; Data truncation: Invalid JSON text: \"Invalid value.\" at position 0 in value for column \'cms_theme.theme_touch\'.; nested exception is com.mysql.cj.jdbc.exceptions.MysqlDataTruncation: Data truncation: Invalid JSON text: \"Invalid value.\" at position 0 in value for column \'cms_theme.theme_touch\'.','2022-12-08 10:24:31'),(790,'主题管理',1,'com.grace.web.controller.cms.CmsThemeController.themeUpload()','POST',1,'admin',NULL,'/cms/theme/uploadTheme','127.0.0.1','内网IP','1 true true',NULL,1,'\r\n### Error updating database.  Cause: com.mysql.cj.jdbc.exceptions.MysqlDataTruncation: Data truncation: Invalid JSON text: \"Invalid value.\" at position 0 in value for column \'cms_theme.theme_touch\'.\r\n### The error may exist in file [D:\\vue\\Grace-Vue\\grace-oly\\oly-cms\\cms-admin\\target\\classes\\mapper\\oly\\CmsThemeMapper.xml]\r\n### The error may involve com.oly.cms.admin.mapper.CmsThemeMapper.insertCmsTheme-Inline\r\n### The error occurred while setting parameters\r\n### SQL: insert into cms_theme          ( web_id,             theme_name,             create_by,             theme_author,             create_time,             theme_info,             theme_enabled,                          theme_touch,             theme_version )           values ( ?,             ?,             ?,             ?,              sysdate(),             ?,             ?,                          ?,             ? )\r\n### Cause: com.mysql.cj.jdbc.exceptions.MysqlDataTruncation: Data truncation: Invalid JSON text: \"Invalid value.\" at position 0 in value for column \'cms_theme.theme_touch\'.\n; Data truncation: Invalid JSON text: \"Invalid value.\" at position 0 in value for column \'cms_theme.theme_touch\'.; nested exception is com.mysql.cj.jdbc.exceptions.MysqlDataTruncation: Data truncation: Invalid JSON text: \"Invalid value.\" at position 0 in value for column \'cms_theme.theme_touch\'.','2022-12-08 10:31:55'),(791,'主题管理',1,'com.grace.web.controller.cms.CmsThemeController.themeUpload()','POST',1,'admin',NULL,'/cms/theme/uploadTheme','127.0.0.1','内网IP','1 true true','{\"msg\":\"操作成功\",\"code\":200}',0,NULL,'2022-12-08 10:35:05'),(792,'站点',2,'com.grace.web.controller.cms.CmsWebController.edit()','PUT',1,'admin',NULL,'/cms/web','127.0.0.1','内网IP','{\"createBy\":\"\",\"createTime\":\"2022-12-06 18:25:32\",\"manageIp\":\"127.0.0.1\",\"params\":{},\"remark\":\"示例站点\",\"updateBy\":\"admin\",\"updateTime\":\"2022-12-08 17:19:24.461\",\"webId\":1,\"webName\":\"示例站点\",\"webUrl\":\"127.0.0.1\"}','{\"msg\":\"操作成功\",\"code\":200}',0,NULL,'2022-12-08 17:19:24'),(793,'主题管理',3,'com.grace.web.controller.cms.CmsThemeController.removeTheme()','DELETE',1,'admin',NULL,'/cms/theme/1/zgblog','127.0.0.1','内网IP','{webId=1, themeName=zgblog}',NULL,1,'','2022-12-08 17:37:31'),(794,'主题管理',3,'com.grace.web.controller.cms.CmsThemeController.removeTheme()','DELETE',1,'admin',NULL,'/cms/theme/1/zgblog','127.0.0.1','内网IP','{webId=1, themeName=zgblog}','{\"msg\":\"操作失败\",\"code\":500}',0,NULL,'2022-12-08 17:38:55'),(795,'主题管理',3,'com.grace.web.controller.cms.CmsThemeController.removeTheme()','DELETE',1,'admin',NULL,'/cms/theme/1/zgblog','127.0.0.1','内网IP','{webId=1, themeName=zgblog}','{\"msg\":\"操作失败\",\"code\":500}',0,NULL,'2022-12-08 17:39:54'),(796,'主题管理',3,'com.grace.web.controller.cms.CmsThemeController.removeTheme()','DELETE',1,'admin',NULL,'/cms/theme/1/zgblog','127.0.0.1','内网IP','{webId=1, themeName=zgblog}','{\"msg\":\"操作失败\",\"code\":500}',0,NULL,'2022-12-08 17:47:24'),(797,'主题管理',3,'com.grace.web.controller.cms.CmsThemeController.removeTheme()','DELETE',1,'admin',NULL,'/cms/theme/1/zgblog','127.0.0.1','内网IP','{webId=1, themeName=zgblog}','{\"msg\":\"操作失败\",\"code\":500}',0,NULL,'2022-12-08 17:47:40'),(798,'主题管理',3,'com.grace.web.controller.cms.CmsThemeController.removeTheme()','DELETE',1,'admin',NULL,'/cms/theme/1/zgblog','127.0.0.1','内网IP','{webId=1, themeName=zgblog}','{\"msg\":\"操作失败\",\"code\":500}',0,NULL,'2022-12-08 19:40:10'),(799,'站点',2,'com.grace.web.controller.cms.CmsWebController.edit()','PUT',1,'admin',NULL,'/cms/web','127.0.0.1','内网IP','{\"createBy\":\"\",\"createTime\":\"2022-12-06 18:25:32\",\"manageIp\":\"127.0.0.1\",\"params\":{},\"remark\":\"示例站点\",\"updateBy\":\"admin\",\"updateTime\":\"2022-12-08 19:43:38.707\",\"webId\":1,\"webName\":\"示例站点\",\"webUrl\":\"127.0.0.1:8090\"}','{\"msg\":\"操作成功\",\"code\":200}',0,NULL,'2022-12-08 19:43:38'),(800,'主题管理',3,'com.grace.web.controller.cms.CmsThemeController.removeTheme()','DELETE',1,'admin',NULL,'/cms/theme/1/zgblog','127.0.0.1','内网IP','{webId=1, themeName=zgblog}',NULL,1,'Illegal character in scheme name at index 0: 127.0.0.1:8090/web/theme/deleteTheme','2022-12-08 19:43:59'),(801,'主题管理',3,'com.grace.web.controller.cms.CmsThemeController.removeTheme()','DELETE',1,'admin',NULL,'/cms/theme/1/zgblog','127.0.0.1','内网IP','{webId=1, themeName=zgblog}',NULL,1,'Illegal character in scheme name at index 0: 127.0.0.1:8090/web/theme/deleteTheme','2022-12-08 19:44:05'),(802,'站点',2,'com.grace.web.controller.cms.CmsWebController.edit()','PUT',1,'admin',NULL,'/cms/web','127.0.0.1','内网IP','{\"createBy\":\"\",\"createTime\":\"2022-12-06 18:25:32\",\"manageIp\":\"127.0.0.1\",\"params\":{},\"remark\":\"示例站点\",\"updateBy\":\"admin\",\"updateTime\":\"2022-12-08 19:45:15.904\",\"webId\":1,\"webName\":\"示例站点\",\"webUrl\":\"http:127.0.0.1:8090\"}','{\"msg\":\"操作成功\",\"code\":200}',0,NULL,'2022-12-08 19:45:16'),(803,'主题管理',3,'com.grace.web.controller.cms.CmsThemeController.removeTheme()','DELETE',1,'admin',NULL,'/cms/theme/1/zgblog','127.0.0.1','内网IP','{webId=1, themeName=zgblog}','{\"msg\":\"操作失败\",\"code\":500}',0,NULL,'2022-12-08 19:45:23'),(804,'站点',2,'com.grace.web.controller.cms.CmsWebController.edit()','PUT',1,'admin',NULL,'/cms/web','127.0.0.1','内网IP','{\"createBy\":\"\",\"createTime\":\"2022-12-06 18:25:32\",\"manageIp\":\"127.0.0.1\",\"params\":{},\"remark\":\"示例站点\",\"updateBy\":\"admin\",\"updateTime\":\"2022-12-08 19:46:18.341\",\"webId\":1,\"webName\":\"示例站点\",\"webUrl\":\"http//:127.0.0.1:8090\"}','{\"msg\":\"操作成功\",\"code\":200}',0,NULL,'2022-12-08 19:46:18'),(805,'主题管理',3,'com.grace.web.controller.cms.CmsThemeController.removeTheme()','DELETE',1,'admin',NULL,'/cms/theme/1/zgblog','127.0.0.1','内网IP','{webId=1, themeName=zgblog}','{\"msg\":\"操作失败\",\"code\":500}',0,NULL,'2022-12-08 19:46:27'),(806,'主题管理',3,'com.grace.web.controller.cms.CmsThemeController.removeTheme()','DELETE',1,'admin',NULL,'/cms/theme/1/zgblog','127.0.0.1','内网IP','{webId=1, themeName=zgblog}','{\"msg\":\"操作失败\",\"code\":500}',0,NULL,'2022-12-08 19:49:22'),(807,'主题管理',3,'com.grace.web.controller.cms.CmsThemeController.removeTheme()','DELETE',1,'admin',NULL,'/cms/theme/1/zgblog','127.0.0.1','内网IP','{webId=1, themeName=zgblog}','{\"msg\":\"操作失败\",\"code\":500}',0,NULL,'2022-12-08 19:53:06'),(808,'主题管理',3,'com.grace.web.controller.cms.CmsThemeController.removeTheme()','DELETE',1,'admin',NULL,'/cms/theme/1/zgblog','127.0.0.1','内网IP','{webId=1, themeName=zgblog}','{\"msg\":\"操作失败\",\"code\":500}',0,NULL,'2022-12-08 19:57:51'),(809,'站点',2,'com.grace.web.controller.cms.CmsWebController.edit()','PUT',1,'admin',NULL,'/cms/web','127.0.0.1','内网IP','{\"createBy\":\"\",\"createTime\":\"2022-12-06 18:25:32\",\"manageIp\":\"127.0.0.1\",\"params\":{},\"remark\":\"示例站点\",\"updateBy\":\"admin\",\"updateTime\":\"2022-12-08 19:59:31.477\",\"webId\":1,\"webName\":\"示例站点\",\"webUrl\":\"http://127.0.0.1:8090\"}','{\"msg\":\"操作成功\",\"code\":200}',0,NULL,'2022-12-08 19:59:31'),(810,'主题管理',3,'com.grace.web.controller.cms.CmsThemeController.removeTheme()','DELETE',1,'admin',NULL,'/cms/theme/1/zgblog','127.0.0.1','内网IP','{webId=1, themeName=zgblog}','{\"msg\":\"操作失败\",\"code\":500}',0,NULL,'2022-12-08 19:59:39'),(811,'主题管理',3,'com.grace.web.controller.cms.CmsThemeController.removeTheme()','DELETE',1,'admin',NULL,'/cms/theme/1/zgblog','127.0.0.1','内网IP','{webId=1, themeName=zgblog}','{\"msg\":\"操作失败\",\"code\":500}',0,NULL,'2022-12-08 20:00:55'),(812,'主题管理',3,'com.grace.web.controller.cms.CmsThemeController.removeTheme()','DELETE',1,'admin',NULL,'/cms/theme/1/zgblog','127.0.0.1','内网IP','{webId=1, themeName=zgblog}','{\"msg\":\"操作成功\",\"code\":200}',0,NULL,'2022-12-08 20:02:16'),(813,'主题管理',1,'com.grace.web.controller.cms.CmsThemeController.themeUpload()','POST',1,'admin',NULL,'/cms/theme/uploadTheme','127.0.0.1','内网IP','1 true true','{\"msg\":\"操作成功\",\"code\":200}',0,NULL,'2022-12-08 20:02:31'),(814,'主题管理',1,'com.grace.web.controller.cms.CmsThemeController.themeUpload()','POST',1,'admin',NULL,'/cms/theme/uploadTheme','127.0.0.1','内网IP','1 true true',NULL,1,'','2022-12-08 20:06:36'),(815,'主题管理',1,'com.grace.web.controller.cms.CmsThemeController.themeUpload()','POST',1,'admin',NULL,'/cms/theme/uploadTheme','127.0.0.1','内网IP','1 true true',NULL,1,'','2022-12-08 20:10:33'),(816,'主题管理',1,'com.grace.web.controller.cms.CmsThemeController.themeUpload()','POST',1,'admin',NULL,'/cms/theme/uploadTheme','127.0.0.1','内网IP','1 true true','{\"msg\":\"操作成功\",\"code\":200}',0,NULL,'2022-12-08 20:13:43'),(817,'主题管理',3,'com.grace.web.controller.cms.CmsThemeController.removeTheme()','DELETE',1,'admin',NULL,'/cms/theme/1/zgblog','127.0.0.1','内网IP','{webId=1, themeName=zgblog}','{\"msg\":\"操作成功\",\"code\":200}',0,NULL,'2022-12-08 20:14:37'),(818,'主题管理',1,'com.grace.web.controller.cms.CmsThemeController.themeUpload()','POST',1,'admin',NULL,'/cms/theme/uploadTheme','127.0.0.1','内网IP','1 true true','{\"msg\":\"Maximum upload size exceeded; nested exception is java.lang.IllegalStateException: org.apache.tomcat.util.http.fileupload.impl.FileSizeLimitExceededException: The field themeFile exceeds its maximum permitted size of 1048576 bytes.\",\"code\":500}',0,NULL,'2022-12-09 13:37:03'),(819,'主题管理',1,'com.grace.web.controller.cms.CmsThemeController.themeUpload()','POST',1,'admin',NULL,'/cms/theme/uploadTheme','127.0.0.1','内网IP','1 true true',NULL,1,'\r\n### Error updating database.  Cause: com.mysql.cj.jdbc.exceptions.MysqlDataTruncation: Data truncation: Invalid JSON text: \"Invalid value.\" at position 0 in value for column \'cms_theme.theme_touch\'.\r\n### The error may exist in file [D:\\vue\\Grace-Vue\\grace-oly\\oly-cms\\cms-admin\\target\\classes\\mapper\\oly\\CmsThemeMapper.xml]\r\n### The error may involve com.oly.cms.admin.mapper.CmsThemeMapper.insertCmsTheme-Inline\r\n### The error occurred while setting parameters\r\n### SQL: insert into cms_theme          ( web_id,             theme_name,             create_by,             theme_author,             create_time,             theme_info,             theme_enabled,                          theme_touch,             theme_version )           values ( ?,             ?,             ?,             ?,              sysdate(),             ?,             ?,                          ?,             ? )\r\n### Cause: com.mysql.cj.jdbc.exceptions.MysqlDataTruncation: Data truncation: Invalid JSON text: \"Invalid value.\" at position 0 in value for column \'cms_theme.theme_touch\'.\n; Data truncation: Invalid JSON text: \"Invalid value.\" at position 0 in value for column \'cms_theme.theme_touch\'.; nested exception is com.mysql.cj.jdbc.exceptions.MysqlDataTruncation: Data truncation: Invalid JSON text: \"Invalid value.\" at position 0 in value for column \'cms_theme.theme_touch\'.','2022-12-09 13:39:13'),(820,'主题管理',1,'com.grace.web.controller.cms.CmsThemeController.themeUpload()','POST',1,'admin',NULL,'/cms/theme/uploadTheme','127.0.0.1','内网IP','1 true true','{\"msg\":\"操作成功\",\"code\":200}',0,NULL,'2022-12-09 13:40:44'),(821,'主题管理',1,'com.grace.web.controller.cms.CmsThemeController.themeUpload()','POST',1,'admin',NULL,'/cms/theme/uploadTheme','127.0.0.1','内网IP','1 true true',NULL,1,'','2022-12-10 22:51:43'),(822,'主题管理',2,'com.grace.web.controller.cms.CmsThemeController.updateConfig()','POST',1,'admin',NULL,'/cms/theme/updateConfig/1/zgblog','127.0.0.1','内网IP','{\"oly.web.article.supportType\":\"\",\"oly.theme.used\":\"true\"} 1 \"zgblog\"','{\"msg\":\"操作成功\",\"code\":200}',0,NULL,'2022-12-11 10:09:56'),(823,'主题管理',2,'com.grace.web.controller.cms.CmsThemeController.updateConfig()','POST',1,'admin',NULL,'/cms/theme/updateConfig/1/zgblog','127.0.0.1','内网IP','{\"oly.web.article.supportType\":\"\",\"oly.web.title\":\"123\"} 1 \"zgblog\"','{\"msg\":\"操作成功\",\"code\":200}',0,NULL,'2022-12-11 10:10:18'),(824,'主题管理',2,'com.grace.web.controller.cms.CmsThemeController.updateConfig()','POST',1,'admin',NULL,'/cms/theme/updateConfig/1/zgblog','127.0.0.1','内网IP','{\"oly.web.article.supportType\":\"\",\"oly.web.title\":\"豆腐干豆腐干\"} 1 \"zgblog\"','{\"msg\":\"操作成功\",\"code\":200}',0,NULL,'2022-12-11 10:11:45'),(825,'主题管理',2,'com.grace.web.controller.cms.CmsThemeController.updateConfig()','POST',1,'admin',NULL,'/cms/theme/updateConfig/1/zgblog','127.0.0.1','内网IP','{\"oly.web.theme.zgblog.post.look\":\"10\",\"oly.web.article.supportType\":\"\",\"oly.web.title\":\"豆腐干豆腐干\",\"oly.web.theme.zgblog.menu.main\":\"8\",\"oly.web.theme.zgblog.post.now\":\"10\",\"oly.web.theme.zgblog.post.top\":\"10\",\"oly.theme.used\":\"true\"} 1 \"zgblog\"','{\"msg\":\"操作成功\",\"code\":200}',0,NULL,'2022-12-11 10:14:12'),(826,'主题管理',2,'com.grace.web.controller.cms.CmsThemeController.updateConfig()','POST',1,'admin',NULL,'/cms/theme/updateConfig/1/zgblog','127.0.0.1','内网IP','{\"oly.web.theme.zgblog.post.look\":\"10\",\"oly.web.article.supportType\":\"\",\"oly.web.title\":\"豆腐干豆腐干\",\"oly.web.theme.zgblog.menu.main\":\"8\",\"oly.web.theme.zgblog.post.now\":\"10\",\"oly.web.theme.zgblog.post.top\":\"10\",\"oly.theme.used\":\"true\"} 1 \"zgblog\"','{\"msg\":\"操作成功\",\"code\":200}',0,NULL,'2022-12-11 10:18:31'),(827,'主题管理',2,'com.grace.web.controller.cms.CmsThemeController.updateConfig()','POST',1,'admin',NULL,'/cms/theme/updateConfig/1/zgblog','127.0.0.1','内网IP','{\"oly.web.theme.zgblog.post.look\":\"10\",\"oly.web.article.supportType\":\"\",\"oly.web.title\":\"豆腐干豆腐干\",\"oly.web.theme.zgblog.menu.main\":\"8\",\"oly.web.theme.zgblog.post.now\":\"10\",\"oly.web.theme.zgblog.post.top\":\"10\",\"oly.theme.used\":\"true\"} 1 \"zgblog\"','{\"msg\":\"操作成功\",\"code\":200}',0,NULL,'2022-12-11 10:18:45'),(828,'主题管理',2,'com.grace.web.controller.cms.CmsThemeController.updateConfig()','POST',1,'admin',NULL,'/cms/theme/updateConfig/1/zgblog','127.0.0.1','内网IP','{\"oly.web.theme.zgblog.post.look\":\"10\",\"oly.web.article.supportType\":\"\",\"oly.web.title\":\"豆腐干豆腐干\",\"oly.web.theme.zgblog.menu.main\":\"8\",\"oly.web.theme.zgblog.post.now\":\"10\",\"oly.web.theme.zgblog.post.top\":\"10\",\"oly.theme.used\":\"true\"} 1 \"zgblog\"','{\"msg\":\"操作成功\",\"code\":200}',0,NULL,'2022-12-11 10:25:31'),(829,'参数管理',2,'com.grace.web.controller.system.SysConfigController.edit()','PUT',1,'admin',NULL,'/system/config','127.0.0.1','内网IP','{\"configGroup\":\"1_zgblog\",\"configId\":134,\"configKey\":\"oly.theme.used\",\"configName\":\"oly.theme.used\",\"configType\":\"N\",\"configValue\":\"true\",\"configValueType\":2,\"createBy\":\"admin\",\"createTime\":\"2022-12-11 10:09:56\",\"params\":{},\"updateBy\":\"admin\",\"updateTime\":\"2022-12-11 10:25:31\"}','{\"msg\":\"操作成功\",\"code\":200}',0,NULL,'2022-12-11 10:28:04'),(830,'主题管理',2,'com.grace.web.controller.cms.CmsThemeController.updateConfig()','POST',1,'admin',NULL,'/cms/theme/updateConfig/1/zgblog','127.0.0.1','内网IP','{\"oly.web.theme.zgblog.post.look\":\"10\",\"oly.web.article.supportType\":\"\",\"oly.web.title\":\"豆腐干豆腐干\",\"oly.web.theme.zgblog.menu.main\":\"8\",\"oly.web.theme.zgblog.post.now\":\"10\",\"oly.web.theme.zgblog.post.top\":\"10\",\"oly.theme.used\":\"true\",\"oly.web.logo\":\"/dev-api/server/oss/download/image/2022/12/11/404_20221105135247A001_20221211103627A001.jpg\"} 1 \"zgblog\"','{\"msg\":\"操作成功\",\"code\":200}',0,NULL,'2022-12-11 10:36:29'),(831,'主题管理',2,'com.grace.web.controller.cms.CmsThemeController.updateConfig()','POST',1,'admin',NULL,'/cms/theme/updateConfig/1/zgblog','127.0.0.1','内网IP','{\"oly.web.theme.zgblog.post.look\":\"10\",\"oly.web.article.supportType\":\"\",\"oly.web.title\":\"豆腐干豆腐干\",\"oly.web.theme.zgblog.menu.main\":\"8\",\"oly.web.logo\":\"/dev-api/server/oss/download/image/2022/12/11/404_20221105135247A001_20221211103627A001.jpg\",\"oly.web.theme.zgblog.post.now\":\"10\",\"oly.web.theme.zgblog.post.top\":\"10\",\"oly.theme.used\":\"true\"} 1 \"zgblog\"','{\"msg\":\"操作成功\",\"code\":200}',0,NULL,'2022-12-11 10:38:17'),(832,'主题管理',2,'com.grace.web.controller.cms.CmsThemeController.updateConfig()','POST',1,'admin',NULL,'/cms/theme/updateConfig/1/zgblog','127.0.0.1','内网IP','{\"oly.web.theme.zgblog.post.look\":\"10\",\"oly.web.article.supportType\":\"0\",\"oly.web.title\":\"豆腐干豆腐干\",\"oly.web.theme.zgblog.menu.main\":\"8\",\"oly.web.logo\":\"/dev-api/server/oss/download/image/2022/12/11/404_20221105135247A001_20221211103627A001.jpg\",\"oly.web.theme.zgblog.post.now\":\"10\",\"oly.web.theme.zgblog.post.top\":\"10\",\"oly.theme.used\":\"true\"} 1 \"zgblog\"','{\"msg\":\"操作成功\",\"code\":200}',0,NULL,'2022-12-12 11:28:14'),(833,'主题管理',2,'com.grace.web.controller.cms.CmsThemeController.updateConfig()','POST',1,'admin',NULL,'/cms/theme/updateConfig/1/zgblog','127.0.0.1','内网IP','{\"oly.web.theme.zgblog.post.look\":\"10\",\"oly.web.article.supportType\":\"\",\"oly.web.title\":\"豆腐干豆腐干\",\"oly.web.theme.zgblog.menu.main\":\"8\",\"oly.web.logo\":\"/dev-api/server/oss/download/image/2022/12/11/404_20221105135247A001_20221211103627A001.jpg\",\"oly.web.theme.zgblog.post.now\":\"10\",\"oly.web.theme.zgblog.post.top\":\"10\",\"oly.theme.used\":\"true\",\"oly.web.comment.enable\":\"true\"} 1 \"zgblog\"','{\"msg\":\"操作成功\",\"code\":200}',0,NULL,'2022-12-12 11:28:22'),(834,'主题管理',2,'com.grace.web.controller.cms.CmsThemeController.updateConfig()','POST',1,'admin',NULL,'/cms/theme/updateConfig/1/zgblog','127.0.0.1','内网IP','{\"oly.web.theme.zgblog.post.look\":\"10\",\"oly.web.article.supportType\":\"\",\"oly.web.comment.enable\":\"true\",\"oly.web.title\":\"豆腐干豆腐干\",\"oly.web.theme.zgblog.menu.main\":\"8\",\"oly.web.logo\":\"/dev-api/server/oss/download/image/2022/12/11/404_20221105135247A001_20221211103627A001.jpg\",\"oly.web.theme.zgblog.post.now\":\"10\",\"oly.web.theme.zgblog.post.top\":\"10\",\"oly.theme.used\":\"true\"} 1 \"zgblog\"','{\"msg\":\"操作成功\",\"code\":200}',0,NULL,'2022-12-12 11:28:27'),(835,'参数管理',2,'com.grace.web.controller.system.SysConfigController.edit()','PUT',1,'admin',NULL,'/system/config','127.0.0.1','内网IP','{\"configGroup\":\"1_zgblog\",\"configId\":137,\"configKey\":\"oly.web.comment.enable\",\"configName\":\"oly.web.comment.enable\",\"configType\":\"N\",\"configValue\":\"true\",\"configValueType\":2,\"createBy\":\"admin\",\"createTime\":\"2022-12-12 11:28:22\",\"params\":{},\"updateBy\":\"admin\",\"updateTime\":\"2022-12-12 11:28:27\"}','{\"msg\":\"操作成功\",\"code\":200}',0,NULL,'2022-12-12 11:28:54'),(836,'主题管理',2,'com.grace.web.controller.cms.CmsThemeController.updateConfig()','POST',1,'admin',NULL,'/cms/theme/updateConfig/1/zgblog','127.0.0.1','内网IP','{\"oly.web.theme.zgblog.post.look\":\"10\",\"oly.web.article.supportType\":\"0\",\"oly.web.comment.enable\":\"true\",\"oly.web.title\":\"豆腐干豆腐干\",\"oly.web.theme.zgblog.menu.main\":\"8\",\"oly.web.logo\":\"/dev-api/server/oss/download/image/2022/12/11/404_20221105135247A001_20221211103627A001.jpg\",\"oly.web.theme.zgblog.post.now\":\"10\",\"oly.web.theme.zgblog.post.top\":\"10\",\"oly.theme.used\":\"true\"} 1 \"zgblog\"','{\"msg\":\"操作成功\",\"code\":200}',0,NULL,'2022-12-12 11:30:00'),(837,'主题管理',2,'com.grace.web.controller.cms.CmsThemeController.updateConfig()','POST',1,'admin',NULL,'/cms/theme/updateConfig/1/zgblog','127.0.0.1','内网IP','{\"oly.web.theme.zgblog.post.look\":\"10\",\"oly.web.article.supportType\":\"0\",\"oly.web.comment.enable\":\"false\",\"oly.web.title\":\"豆腐干豆腐干\",\"oly.web.theme.zgblog.menu.main\":\"8\",\"oly.web.logo\":\"/dev-api/server/oss/download/image/2022/12/11/404_20221105135247A001_20221211103627A001.jpg\",\"oly.web.theme.zgblog.post.now\":\"10\",\"oly.web.theme.zgblog.post.top\":\"10\",\"oly.theme.used\":\"true\"} 1 \"zgblog\"','{\"msg\":\"操作成功\",\"code\":200}',0,NULL,'2022-12-12 11:35:24'),(838,'主题管理',2,'com.grace.web.controller.cms.CmsThemeController.updateConfig()','POST',1,'admin',NULL,'/cms/theme/updateConfig/1/zgblog','127.0.0.1','内网IP','{\"oly.web.theme.zgblog.post.look\":\"10\",\"oly.web.article.supportType\":\"0\",\"oly.web.comment.enable\":\"false\",\"oly.web.title\":\"豆腐干豆腐干\",\"oly.web.theme.zgblog.menu.main\":\"8\",\"oly.web.logo\":\"/dev-api/server/oss/download/image/2022/12/11/404_20221105135247A001_20221211103627A001.jpg\",\"oly.web.theme.zgblog.post.now\":\"10\",\"oly.web.theme.zgblog.post.top\":\"10\",\"oly.theme.used\":\"true\"} 1 \"zgblog\"','{\"msg\":\"操作成功\",\"code\":200}',0,NULL,'2022-12-12 11:35:32'),(839,'主题管理',2,'com.grace.web.controller.cms.CmsThemeController.updateConfig()','POST',1,'admin',NULL,'/cms/theme/updateConfig/1/zgblog','127.0.0.1','内网IP','{\"oly.web.theme.zgblog.post.look\":\"10\",\"oly.web.article.supportType\":\"0\",\"oly.web.comment.enable\":\"true\",\"oly.web.title\":\"豆腐干豆腐干\",\"oly.web.theme.zgblog.menu.main\":\"8\",\"oly.web.logo\":\"/dev-api/server/oss/download/image/2022/12/11/404_20221105135247A001_20221211103627A001.jpg\",\"oly.web.theme.zgblog.post.now\":\"10\",\"oly.web.theme.zgblog.post.top\":\"10\",\"oly.theme.used\":\"true\",\"oly.web.domain\":\"我惹我\"} 1 \"zgblog\"','{\"msg\":\"操作成功\",\"code\":200}',0,NULL,'2022-12-12 21:18:51'),(840,'主题管理',2,'com.grace.web.controller.cms.CmsThemeController.updateConfig()','POST',1,'admin',NULL,'/cms/theme/updateConfig/1/zgblog','127.0.0.1','内网IP','{\"oly.web.theme.zgblog.post.look\":\"10\",\"oly.web.article.supportType\":\"0\",\"oly.web.comment.enable\":\"true\",\"oly.web.title\":\"豆腐干豆腐干\",\"oly.web.theme.zgblog.menu.main\":\"8\",\"oly.web.domain\":\"我惹我\",\"oly.web.logo\":\"/dev-api/server/oss/download/image/2022/12/11/404_20221105135247A001_20221211103627A001.jpg\",\"oly.web.theme.zgblog.post.now\":\"10\",\"oly.web.theme.zgblog.post.top\":\"10\",\"oly.theme.used\":\"true\"} 1 \"zgblog\"','{\"msg\":\"操作成功\",\"code\":200}',0,NULL,'2022-12-12 23:16:04'),(841,'主题管理',2,'com.grace.web.controller.cms.CmsThemeController.getThemeConfigForm()','GET',1,'admin',NULL,'/cms/theme/getThemeConfigForm/1/zgblog','127.0.0.1','内网IP','{webId=1, themeName=zgblog}','{\"path\":\"/web/theme/getThemeConfigForm/zgblog\",\"error\":\"Not Found\",\"timestamp\":\"2022-12-13T13:00:06.692+00:00\",\"status\":404}',0,NULL,'2022-12-13 21:00:06'),(842,'主题管理',2,'com.grace.web.controller.cms.CmsThemeController.getThemeConfigForm()','GET',1,'admin',NULL,'/cms/theme/getThemeConfigForm/1/zgblog','127.0.0.1','内网IP','{webId=1, themeName=zgblog}','{\"path\":\"/web/theme/getThemeConfigForm/zgblog\",\"error\":\"Not Found\",\"timestamp\":\"2022-12-13T13:00:37.919+00:00\",\"status\":404}',0,NULL,'2022-12-13 21:00:37'),(843,'主题管理',2,'com.grace.web.controller.cms.CmsThemeController.getThemeConfigForm()','GET',1,'admin',NULL,'/cms/theme/getThemeConfigForm/1/zgblog','127.0.0.1','内网IP','{webId=1, themeName=zgblog}','{\"path\":\"/web/theme/getThemeConfigForm/zgblog\",\"error\":\"Not Found\",\"timestamp\":\"2022-12-13T13:02:29.688+00:00\",\"status\":404}',0,NULL,'2022-12-13 21:02:29'),(844,'主题管理',2,'com.grace.web.controller.cms.CmsThemeController.getThemeConfigForm()','GET',1,'admin',NULL,'/cms/theme/getThemeConfigForm/1/zgblog','127.0.0.1','内网IP','{webId=1, themeName=zgblog}','{\"path\":\"/web/theme/getThemeConfigForm/zgblog\",\"error\":\"Not Found\",\"timestamp\":\"2022-12-13T13:04:34.529+00:00\",\"status\":404}',0,NULL,'2022-12-13 21:04:34'),(845,'主题管理',2,'com.grace.web.controller.cms.CmsThemeController.getThemeConfigForm()','GET',1,'admin',NULL,'/cms/theme/getThemeConfigForm/1/zgblog','127.0.0.1','内网IP','{webId=1, themeName=zgblog}','{\"path\":\"/web/theme/getThemeConfigForm/zgblog\",\"error\":\"Not Found\",\"timestamp\":\"2022-12-13T13:04:46.089+00:00\",\"status\":404}',0,NULL,'2022-12-13 21:04:46'),(846,'主题管理',2,'com.grace.web.controller.cms.CmsThemeController.getThemeConfigForm()','GET',1,'admin',NULL,'/cms/theme/getThemeConfigForm/1/zgblog','127.0.0.1','内网IP','{webId=1, themeName=zgblog}','{\"path\":\"/web/theme/getThemeConfigForm/zgblog\",\"error\":\"Not Found\",\"timestamp\":\"2022-12-13T13:06:31.436+00:00\",\"status\":404}',0,NULL,'2022-12-13 21:06:31'),(847,'主题管理',2,'com.grace.web.controller.cms.CmsThemeController.getThemeConfigForm()','GET',1,'admin',NULL,'/cms/theme/getThemeConfigForm/1/zgblog','127.0.0.1','内网IP','{webId=1, themeName=zgblog}','{\"path\":\"/web/theme/getThemeConfigForm/zgblog\",\"error\":\"Not Found\",\"timestamp\":\"2022-12-13T13:08:37.434+00:00\",\"status\":404}',0,NULL,'2022-12-13 21:08:37'),(848,'主题管理',2,'com.grace.web.controller.cms.CmsThemeController.getThemeConfigForm()','GET',1,'admin',NULL,'/cms/theme/getThemeConfigForm/1/zgblog','127.0.0.1','内网IP','{webId=1, themeName=zgblog}','{\"msg\":\"操作成功\",\"code\":200,\"data\":{\"title\":\"主题配置\",\"tabData\":[{\"label\":\"主题设置\",\"formData\":[{\"label\":\"导航ID:\",\"type\":\"number\",\"prop\":\"oly.web.theme.zgblog.menu.main\"}]},{\"label\":\"右边栏\",\"formData\":[{\"label\":\"推荐条数:\",\"type\":\"number\",\"prop\":\"oly.web.theme.zgblog.post.top\"},{\"label\":\"发布条数:\",\"type\":\"number\",\"prop\":\"oly.web.theme.zgblog.post.now\"},{\"label\":\"阅读条数:\",\"type\":\"number\",\"prop\":\"oly.web.theme.zgblog.post.look\"}]},{\"label\":\"文档设置\",\"formData\":[{\"label\":\"分类ID:\",\"type\":\"number\",\"prop\":\"oly.web.theme.zgblog.docs.catId\"},{\"label\":\"默认文档:\",\"type\":\"number\",\"prop\":\"oly.web.theme.zgblog.docs.defaultPostId\"},{\"label\":\"请求条数:\",\"type\":\"number\",\"prop\":\"oly.web.theme.zgblog.docs.size\"},{\"label\":\"默认排序:\",\"type\":\"radio\",\"prop\":\"oly.web.theme.zgblog.docs.order\",\"dicts\":[{\"value\":\"ASC\",\"label\":\"升序\"},{\"value\":\"DESC\",\"label\":\"降序\"}]}]},{\"label\":\"联盟设置\",\"formData\":[{\"label\":\"请求条数:\",\"type\":\"number\",\"prop\":\"oly.web.theme.zgblog.union.size\"},{\"label\":\"排序方式:\",\"type\":\"radio\",\"prop\":\"oly.web.theme.zgblog.union.order\",\"dicts\":[{\"value\":\"ASC\",\"label\":\"升序\"},{\"value\":\"DESC\",\"label\":\"降序\"}]},{\"label\":\"省钱标签:\",\"type\":\"number\",\"prop\":\"oly.web.theme.zgblog.union.youTag\"},{\"label\":\"福利标签:\",\"type\":\"number\",\"prop\":\"oly.web.theme.zgblog.union.wealTag\"},{\"label\":\"文章条数:\",\"type\":\"number\",\"prop\":\"oly.web.theme.zgblog.union.articleSize\"},{\"label\":\"推荐条数:\",\"type\":\"number\",\"prop\":\"oly.web.theme.zgblog.union.tuiSize\"},{\"label\":\"分类类型:\",\"type\":\"number\",\"prop\":\"oly.web.theme.zgblog.union.catType\"},{\"label\":\"分类ID:\",\"type\":\"number\",\"prop\":\"oly.web.theme.zgblog.union.catId\"}]}]}}',0,NULL,'2022-12-13 21:10:52'),(849,'主题管理',2,'com.grace.web.controller.cms.CmsThemeController.getThemeConfigForm()','GET',1,'admin',NULL,'/cms/theme/getThemeConfigForm/1/zgblog','127.0.0.1','内网IP','{webId=1, themeName=zgblog}','{\"msg\":\"操作成功\",\"code\":200,\"data\":{\"title\":\"主题配置\",\"tabData\":[{\"label\":\"主题设置\",\"formData\":[{\"label\":\"导航ID:\",\"type\":\"number\",\"prop\":\"oly.web.theme.zgblog.menu.main\"}]},{\"label\":\"右边栏\",\"formData\":[{\"label\":\"推荐条数:\",\"type\":\"number\",\"prop\":\"oly.web.theme.zgblog.post.top\"},{\"label\":\"发布条数:\",\"type\":\"number\",\"prop\":\"oly.web.theme.zgblog.post.now\"},{\"label\":\"阅读条数:\",\"type\":\"number\",\"prop\":\"oly.web.theme.zgblog.post.look\"}]},{\"label\":\"文档设置\",\"formData\":[{\"label\":\"分类ID:\",\"type\":\"number\",\"prop\":\"oly.web.theme.zgblog.docs.catId\"},{\"label\":\"默认文档:\",\"type\":\"number\",\"prop\":\"oly.web.theme.zgblog.docs.defaultPostId\"},{\"label\":\"请求条数:\",\"type\":\"number\",\"prop\":\"oly.web.theme.zgblog.docs.size\"},{\"label\":\"默认排序:\",\"type\":\"radio\",\"prop\":\"oly.web.theme.zgblog.docs.order\",\"dicts\":[{\"value\":\"ASC\",\"label\":\"升序\"},{\"value\":\"DESC\",\"label\":\"降序\"}]}]},{\"label\":\"联盟设置\",\"formData\":[{\"label\":\"请求条数:\",\"type\":\"number\",\"prop\":\"oly.web.theme.zgblog.union.size\"},{\"label\":\"排序方式:\",\"type\":\"radio\",\"prop\":\"oly.web.theme.zgblog.union.order\",\"dicts\":[{\"value\":\"ASC\",\"label\":\"升序\"},{\"value\":\"DESC\",\"label\":\"降序\"}]},{\"label\":\"省钱标签:\",\"type\":\"number\",\"prop\":\"oly.web.theme.zgblog.union.youTag\"},{\"label\":\"福利标签:\",\"type\":\"number\",\"prop\":\"oly.web.theme.zgblog.union.wealTag\"},{\"label\":\"文章条数:\",\"type\":\"number\",\"prop\":\"oly.web.theme.zgblog.union.articleSize\"},{\"label\":\"推荐条数:\",\"type\":\"number\",\"prop\":\"oly.web.theme.zgblog.union.tuiSize\"},{\"label\":\"分类类型:\",\"type\":\"number\",\"prop\":\"oly.web.theme.zgblog.union.catType\"},{\"label\":\"分类ID:\",\"type\":\"number\",\"prop\":\"oly.web.theme.zgblog.union.catId\"}]}]}}',0,NULL,'2022-12-13 21:11:14'),(850,'主题管理',2,'com.grace.web.controller.cms.CmsThemeController.getThemeConfigForm()','GET',1,'admin',NULL,'/cms/theme/getThemeConfigForm/1/zgblog','127.0.0.1','内网IP','{webId=1, themeName=zgblog}','{\"msg\":\"操作成功\",\"code\":200,\"data\":{\"title\":\"主题配置\",\"tabData\":[{\"label\":\"主题设置\",\"formData\":[{\"label\":\"导航ID:\",\"type\":\"number\",\"prop\":\"oly.web.theme.zgblog.menu.main\"}]},{\"label\":\"右边栏\",\"formData\":[{\"label\":\"推荐条数:\",\"type\":\"number\",\"prop\":\"oly.web.theme.zgblog.post.top\"},{\"label\":\"发布条数:\",\"type\":\"number\",\"prop\":\"oly.web.theme.zgblog.post.now\"},{\"label\":\"阅读条数:\",\"type\":\"number\",\"prop\":\"oly.web.theme.zgblog.post.look\"}]},{\"label\":\"文档设置\",\"formData\":[{\"label\":\"分类ID:\",\"type\":\"number\",\"prop\":\"oly.web.theme.zgblog.docs.catId\"},{\"label\":\"默认文档:\",\"type\":\"number\",\"prop\":\"oly.web.theme.zgblog.docs.defaultPostId\"},{\"label\":\"请求条数:\",\"type\":\"number\",\"prop\":\"oly.web.theme.zgblog.docs.size\"},{\"label\":\"默认排序:\",\"type\":\"radio\",\"prop\":\"oly.web.theme.zgblog.docs.order\",\"dicts\":[{\"value\":\"ASC\",\"label\":\"升序\"},{\"value\":\"DESC\",\"label\":\"降序\"}]}]},{\"label\":\"联盟设置\",\"formData\":[{\"label\":\"请求条数:\",\"type\":\"number\",\"prop\":\"oly.web.theme.zgblog.union.size\"},{\"label\":\"排序方式:\",\"type\":\"radio\",\"prop\":\"oly.web.theme.zgblog.union.order\",\"dicts\":[{\"value\":\"ASC\",\"label\":\"升序\"},{\"value\":\"DESC\",\"label\":\"降序\"}]},{\"label\":\"省钱标签:\",\"type\":\"number\",\"prop\":\"oly.web.theme.zgblog.union.youTag\"},{\"label\":\"福利标签:\",\"type\":\"number\",\"prop\":\"oly.web.theme.zgblog.union.wealTag\"},{\"label\":\"文章条数:\",\"type\":\"number\",\"prop\":\"oly.web.theme.zgblog.union.articleSize\"},{\"label\":\"推荐条数:\",\"type\":\"number\",\"prop\":\"oly.web.theme.zgblog.union.tuiSize\"},{\"label\":\"分类类型:\",\"type\":\"number\",\"prop\":\"oly.web.theme.zgblog.union.catType\"},{\"label\":\"分类ID:\",\"type\":\"number\",\"prop\":\"oly.web.theme.zgblog.union.catId\"}]}]}}',0,NULL,'2022-12-13 21:12:28'),(851,'参数管理',2,'com.grace.web.controller.system.SysConfigController.edit()','PUT',1,'admin',NULL,'/system/config','127.0.0.1','内网IP','{\"configGroup\":\"1_zgblog\",\"configId\":129,\"configKey\":\"oly.web.theme.zgblog.post.now\",\"configName\":\"最新发布\",\"configType\":\"N\",\"configValue\":\"10\",\"configValueType\":0,\"createBy\":\"\",\"createTime\":\"2022-12-09 13:40:44\",\"params\":{},\"remark\":\"最新发布请求条数\",\"updateBy\":\"admin\",\"updateTime\":\"2022-12-12 23:16:03\"}','{\"msg\":\"操作成功\",\"code\":200}',0,NULL,'2022-12-13 21:14:14'),(852,'参数管理',2,'com.grace.web.controller.system.SysConfigController.edit()','PUT',1,'admin',NULL,'/system/config','127.0.0.1','内网IP','{\"configGroup\":\"1_zgblog\",\"configId\":130,\"configKey\":\"oly.web.theme.zgblog.post.top\",\"configName\":\"文章推荐\",\"configType\":\"N\",\"configValue\":\"10\",\"configValueType\":0,\"createBy\":\"\",\"createTime\":\"2022-12-09 13:40:44\",\"params\":{},\"remark\":\"文章推荐请求条数\",\"updateBy\":\"admin\",\"updateTime\":\"2022-12-12 23:16:03\"}','{\"msg\":\"操作成功\",\"code\":200}',0,NULL,'2022-12-13 21:14:20'),(853,'参数管理',2,'com.grace.web.controller.system.SysConfigController.edit()','PUT',1,'admin',NULL,'/system/config','127.0.0.1','内网IP','{\"configGroup\":\"1_zgblog\",\"configId\":131,\"configKey\":\"oly.web.theme.zgblog.post.look\",\"configName\":\"阅读排行\",\"configType\":\"N\",\"configValue\":\"10\",\"configValueType\":0,\"createBy\":\"\",\"createTime\":\"2022-12-09 13:40:44\",\"params\":{},\"remark\":\"阅读排行请求条数\",\"updateBy\":\"admin\",\"updateTime\":\"2022-12-12 23:16:03\"}','{\"msg\":\"操作成功\",\"code\":200}',0,NULL,'2022-12-13 21:14:31'),(854,'参数管理',2,'com.grace.web.controller.system.SysConfigController.edit()','PUT',1,'admin',NULL,'/system/config','127.0.0.1','内网IP','{\"configGroup\":\"1_zgblog\",\"configId\":132,\"configKey\":\"oly.web.theme.zgblog.menu.main\",\"configName\":\"主导航\",\"configType\":\"N\",\"configValue\":\"8\",\"configValueType\":0,\"createBy\":\"\",\"createTime\":\"2022-12-09 13:40:44\",\"params\":{},\"remark\":\"主导航根节点\",\"updateBy\":\"admin\",\"updateTime\":\"2022-12-12 23:16:03\"}','{\"msg\":\"操作成功\",\"code\":200}',0,NULL,'2022-12-13 21:14:38'),(855,'主题管理',2,'com.grace.web.controller.cms.CmsThemeController.getThemeConfigForm()','GET',1,'admin',NULL,'/cms/theme/getThemeConfigForm/1/zgblog','127.0.0.1','内网IP','{webId=1, themeName=zgblog}','{\"msg\":\"操作成功\",\"code\":200,\"data\":{\"title\":\"主题配置\",\"tabData\":[{\"label\":\"主题设置\",\"formData\":[{\"label\":\"导航ID:\",\"type\":\"number\",\"prop\":\"oly.web.theme.zgblog.menu.main\"}]},{\"label\":\"右边栏\",\"formData\":[{\"label\":\"推荐条数:\",\"type\":\"number\",\"prop\":\"oly.web.theme.zgblog.post.top\"},{\"label\":\"发布条数:\",\"type\":\"number\",\"prop\":\"oly.web.theme.zgblog.post.now\"},{\"label\":\"阅读条数:\",\"type\":\"number\",\"prop\":\"oly.web.theme.zgblog.post.look\"}]},{\"label\":\"文档设置\",\"formData\":[{\"label\":\"分类ID:\",\"type\":\"number\",\"prop\":\"oly.web.theme.zgblog.docs.catId\"},{\"label\":\"默认文档:\",\"type\":\"number\",\"prop\":\"oly.web.theme.zgblog.docs.defaultPostId\"},{\"label\":\"请求条数:\",\"type\":\"number\",\"prop\":\"oly.web.theme.zgblog.docs.size\"},{\"label\":\"默认排序:\",\"type\":\"radio\",\"prop\":\"oly.web.theme.zgblog.docs.order\",\"dicts\":[{\"value\":\"ASC\",\"label\":\"升序\"},{\"value\":\"DESC\",\"label\":\"降序\"}]}]},{\"label\":\"联盟设置\",\"formData\":[{\"label\":\"请求条数:\",\"type\":\"number\",\"prop\":\"oly.web.theme.zgblog.union.size\"},{\"label\":\"排序方式:\",\"type\":\"radio\",\"prop\":\"oly.web.theme.zgblog.union.order\",\"dicts\":[{\"value\":\"ASC\",\"label\":\"升序\"},{\"value\":\"DESC\",\"label\":\"降序\"}]},{\"label\":\"省钱标签:\",\"type\":\"number\",\"prop\":\"oly.web.theme.zgblog.union.youTag\"},{\"label\":\"福利标签:\",\"type\":\"number\",\"prop\":\"oly.web.theme.zgblog.union.wealTag\"},{\"label\":\"文章条数:\",\"type\":\"number\",\"prop\":\"oly.web.theme.zgblog.union.articleSize\"},{\"label\":\"推荐条数:\",\"type\":\"number\",\"prop\":\"oly.web.theme.zgblog.union.tuiSize\"},{\"label\":\"分类类型:\",\"type\":\"number\",\"prop\":\"oly.web.theme.zgblog.union.catType\"},{\"label\":\"分类ID:\",\"type\":\"number\",\"prop\":\"oly.web.theme.zgblog.union.catId\"}]}]}}',0,NULL,'2022-12-13 21:15:11'),(856,'主题管理',2,'com.grace.web.controller.cms.CmsThemeController.getThemeConfigForm()','GET',1,'admin',NULL,'/cms/theme/getThemeConfigForm/1/zgblog','127.0.0.1','内网IP','{webId=1, themeName=zgblog}','{\"msg\":\"操作成功\",\"code\":200,\"data\":{\"title\":\"主题配置\",\"tabData\":[{\"label\":\"主题设置\",\"formData\":[{\"label\":\"导航ID:\",\"type\":\"number\",\"prop\":\"oly.web.theme.zgblog.menu.main\"}]},{\"label\":\"右边栏\",\"formData\":[{\"label\":\"推荐条数:\",\"type\":\"number\",\"prop\":\"oly.web.theme.zgblog.post.top\"},{\"label\":\"发布条数:\",\"type\":\"number\",\"prop\":\"oly.web.theme.zgblog.post.now\"},{\"label\":\"阅读条数:\",\"type\":\"number\",\"prop\":\"oly.web.theme.zgblog.post.look\"}]},{\"label\":\"文档设置\",\"formData\":[{\"label\":\"分类ID:\",\"type\":\"number\",\"prop\":\"oly.web.theme.zgblog.docs.catId\"},{\"label\":\"默认文档:\",\"type\":\"number\",\"prop\":\"oly.web.theme.zgblog.docs.defaultPostId\"},{\"label\":\"请求条数:\",\"type\":\"number\",\"prop\":\"oly.web.theme.zgblog.docs.size\"},{\"label\":\"默认排序:\",\"type\":\"radio\",\"prop\":\"oly.web.theme.zgblog.docs.order\",\"dicts\":[{\"value\":\"ASC\",\"label\":\"升序\"},{\"value\":\"DESC\",\"label\":\"降序\"}]}]},{\"label\":\"联盟设置\",\"formData\":[{\"label\":\"请求条数:\",\"type\":\"number\",\"prop\":\"oly.web.theme.zgblog.union.size\"},{\"label\":\"排序方式:\",\"type\":\"radio\",\"prop\":\"oly.web.theme.zgblog.union.order\",\"dicts\":[{\"value\":\"ASC\",\"label\":\"升序\"},{\"value\":\"DESC\",\"label\":\"降序\"}]},{\"label\":\"省钱标签:\",\"type\":\"number\",\"prop\":\"oly.web.theme.zgblog.union.youTag\"},{\"label\":\"福利标签:\",\"type\":\"number\",\"prop\":\"oly.web.theme.zgblog.union.wealTag\"},{\"label\":\"文章条数:\",\"type\":\"number\",\"prop\":\"oly.web.theme.zgblog.union.articleSize\"},{\"label\":\"推荐条数:\",\"type\":\"number\",\"prop\":\"oly.web.theme.zgblog.union.tuiSize\"},{\"label\":\"分类类型:\",\"type\":\"number\",\"prop\":\"oly.web.theme.zgblog.union.catType\"},{\"label\":\"分类ID:\",\"type\":\"number\",\"prop\":\"oly.web.theme.zgblog.union.catId\"}]}]}}',0,NULL,'2022-12-13 21:17:14'),(857,'主题管理',2,'com.grace.web.controller.cms.CmsThemeController.updateConfig()','POST',1,'admin',NULL,'/cms/theme/updateConfig/1/zgblog','127.0.0.1','内网IP','{\"oly.web.theme.zgblog.post.look\":\"10\",\"oly.web.article.supportType\":\"0\",\"oly.web.comment.enable\":\"true\",\"oly.web.title\":\"豆腐干豆腐干\",\"oly.web.theme.zgblog.menu.main\":\"8\",\"oly.web.domain\":\"我惹我\",\"oly.web.logo\":\"/dev-api/server/oss/download/image/2022/12/11/404_20221105135247A001_20221211103627A001.jpg\",\"oly.web.theme.zgblog.post.now\":\"10\",\"oly.web.theme.zgblog.post.top\":\"10\",\"oly.theme.used\":\"true\",\"oly.web.theme.zgblog.docs.order\":\"ASC\"} 1 \"zgblog\"','{\"msg\":\"操作成功\",\"code\":200}',0,NULL,'2022-12-13 21:17:21'),(858,'主题管理',2,'com.grace.web.controller.cms.CmsThemeController.getThemeConfigForm()','GET',1,'admin',NULL,'/cms/theme/getThemeConfigForm/1/zgblog2','127.0.0.1','内网IP','{webId=1, themeName=zgblog2}','{\"msg\":\"读取内容失败 C:\\\\Users\\\\Administrator.SKY-20201210EHT\\\\.zhiGe\\\\themes\\\\zgblog2\\\\setting\\\\configForm.json (系统找不到指定的路径。)\",\"code\":500}',0,NULL,'2022-12-13 21:17:23'),(859,'主题管理',2,'com.grace.web.controller.cms.CmsThemeController.getThemeConfigForm()','GET',1,'admin',NULL,'/cms/theme/getThemeConfigForm/1/zgblog','127.0.0.1','内网IP','{webId=1, themeName=zgblog}','{\"msg\":\"操作成功\",\"code\":200,\"data\":{\"title\":\"主题配置\",\"tabData\":[{\"label\":\"主题设置\",\"formData\":[{\"label\":\"导航ID:\",\"type\":\"number\",\"prop\":\"oly.web.theme.zgblog.menu.main\"}]},{\"label\":\"右边栏\",\"formData\":[{\"label\":\"推荐条数:\",\"type\":\"number\",\"prop\":\"oly.web.theme.zgblog.post.top\"},{\"label\":\"发布条数:\",\"type\":\"number\",\"prop\":\"oly.web.theme.zgblog.post.now\"},{\"label\":\"阅读条数:\",\"type\":\"number\",\"prop\":\"oly.web.theme.zgblog.post.look\"}]},{\"label\":\"文档设置\",\"formData\":[{\"label\":\"分类ID:\",\"type\":\"number\",\"prop\":\"oly.web.theme.zgblog.docs.catId\"},{\"label\":\"默认文档:\",\"type\":\"number\",\"prop\":\"oly.web.theme.zgblog.docs.defaultPostId\"},{\"label\":\"请求条数:\",\"type\":\"number\",\"prop\":\"oly.web.theme.zgblog.docs.size\"},{\"label\":\"默认排序:\",\"type\":\"radio\",\"prop\":\"oly.web.theme.zgblog.docs.order\",\"dicts\":[{\"value\":\"ASC\",\"label\":\"升序\"},{\"value\":\"DESC\",\"label\":\"降序\"}]}]},{\"label\":\"联盟设置\",\"formData\":[{\"label\":\"请求条数:\",\"type\":\"number\",\"prop\":\"oly.web.theme.zgblog.union.size\"},{\"label\":\"排序方式:\",\"type\":\"radio\",\"prop\":\"oly.web.theme.zgblog.union.order\",\"dicts\":[{\"value\":\"ASC\",\"label\":\"升序\"},{\"value\":\"DESC\",\"label\":\"降序\"}]},{\"label\":\"省钱标签:\",\"type\":\"number\",\"prop\":\"oly.web.theme.zgblog.union.youTag\"},{\"label\":\"福利标签:\",\"type\":\"number\",\"prop\":\"oly.web.theme.zgblog.union.wealTag\"},{\"label\":\"文章条数:\",\"type\":\"number\",\"prop\":\"oly.web.theme.zgblog.union.articleSize\"},{\"label\":\"推荐条数:\",\"type\":\"number\",\"prop\":\"oly.web.theme.zgblog.union.tuiSize\"},{\"label\":\"分类类型:\",\"type\":\"number\",\"prop\":\"oly.web.theme.zgblog.union.catType\"},{\"label\":\"分类ID:\",\"type\":\"number\",\"prop\":\"oly.web.theme.zgblog.union.catId\"}]}]}}',0,NULL,'2022-12-13 21:17:36'),(860,'主题管理',2,'com.grace.web.controller.cms.CmsThemeController.getThemeConfigForm()','GET',1,'admin',NULL,'/cms/theme/getThemeConfigForm/1/zgblog','127.0.0.1','内网IP','{webId=1, themeName=zgblog}','{\"msg\":\"操作成功\",\"code\":200,\"data\":{\"title\":\"主题配置\",\"tabData\":[{\"label\":\"主题设置\",\"formData\":[{\"label\":\"导航ID:\",\"type\":\"number\",\"prop\":\"oly.web.theme.zgblog.menu.main\"}]},{\"label\":\"右边栏\",\"formData\":[{\"label\":\"推荐条数:\",\"type\":\"number\",\"prop\":\"oly.web.theme.zgblog.post.top\"},{\"label\":\"发布条数:\",\"type\":\"number\",\"prop\":\"oly.web.theme.zgblog.post.now\"},{\"label\":\"阅读条数:\",\"type\":\"number\",\"prop\":\"oly.web.theme.zgblog.post.look\"}]},{\"label\":\"文档设置\",\"formData\":[{\"label\":\"分类ID:\",\"type\":\"number\",\"prop\":\"oly.web.theme.zgblog.docs.catId\"},{\"label\":\"默认文档:\",\"type\":\"number\",\"prop\":\"oly.web.theme.zgblog.docs.defaultPostId\"},{\"label\":\"请求条数:\",\"type\":\"number\",\"prop\":\"oly.web.theme.zgblog.docs.size\"},{\"label\":\"默认排序:\",\"type\":\"radio\",\"prop\":\"oly.web.theme.zgblog.docs.order\",\"dicts\":[{\"value\":\"ASC\",\"label\":\"升序\"},{\"value\":\"DESC\",\"label\":\"降序\"}]}]},{\"label\":\"联盟设置\",\"formData\":[{\"label\":\"请求条数:\",\"type\":\"number\",\"prop\":\"oly.web.theme.zgblog.union.size\"},{\"label\":\"排序方式:\",\"type\":\"radio\",\"prop\":\"oly.web.theme.zgblog.union.order\",\"dicts\":[{\"value\":\"ASC\",\"label\":\"升序\"},{\"value\":\"DESC\",\"label\":\"降序\"}]},{\"label\":\"省钱标签:\",\"type\":\"number\",\"prop\":\"oly.web.theme.zgblog.union.youTag\"},{\"label\":\"福利标签:\",\"type\":\"number\",\"prop\":\"oly.web.theme.zgblog.union.wealTag\"},{\"label\":\"文章条数:\",\"type\":\"number\",\"prop\":\"oly.web.theme.zgblog.union.articleSize\"},{\"label\":\"推荐条数:\",\"type\":\"number\",\"prop\":\"oly.web.theme.zgblog.union.tuiSize\"},{\"label\":\"分类类型:\",\"type\":\"number\",\"prop\":\"oly.web.theme.zgblog.union.catType\"},{\"label\":\"分类ID:\",\"type\":\"number\",\"prop\":\"oly.web.theme.zgblog.union.catId\"}]}]}}',0,NULL,'2022-12-13 21:17:43'),(861,'主题管理',2,'com.grace.web.controller.cms.CmsThemeController.updateConfig()','POST',1,'admin',NULL,'/cms/theme/updateConfig/1/zgblog','127.0.0.1','内网IP','{\"oly.web.theme.zgblog.post.look\":\"10\",\"oly.web.article.supportType\":\"0\",\"oly.web.theme.zgblog.docs.order\":\"ASC\",\"oly.web.comment.enable\":\"true\",\"oly.web.title\":\"豆腐干豆腐干\",\"oly.web.theme.zgblog.menu.main\":\"8\",\"oly.web.domain\":\"我惹我\",\"oly.web.logo\":\"/dev-api/server/oss/download/image/2022/12/11/404_20221105135247A001_20221211103627A001.jpg\",\"oly.web.theme.zgblog.post.now\":\"10\",\"oly.web.theme.zgblog.post.top\":\"10\",\"oly.theme.used\":\"true\",\"oly.web.theme.zgblog.union.order\":\"DESC\"} 1 \"zgblog\"','{\"msg\":\"操作成功\",\"code\":200}',0,NULL,'2022-12-13 21:17:50'),(862,'主题管理',2,'com.grace.web.controller.cms.CmsThemeController.getThemeConfigForm()','GET',1,'admin',NULL,'/cms/theme/getThemeConfigForm/1/zgblog','127.0.0.1','内网IP','{webId=1, themeName=zgblog}','{\"msg\":\"操作成功\",\"code\":200,\"data\":{\"title\":\"主题配置\",\"tabData\":[{\"label\":\"主题设置\",\"formData\":[{\"label\":\"导航ID:\",\"type\":\"number\",\"prop\":\"oly.web.theme.zgblog.menu.main\"}]},{\"label\":\"右边栏\",\"formData\":[{\"label\":\"推荐条数:\",\"type\":\"number\",\"prop\":\"oly.web.theme.zgblog.post.top\"},{\"label\":\"发布条数:\",\"type\":\"number\",\"prop\":\"oly.web.theme.zgblog.post.now\"},{\"label\":\"阅读条数:\",\"type\":\"number\",\"prop\":\"oly.web.theme.zgblog.post.look\"}]},{\"label\":\"文档设置\",\"formData\":[{\"label\":\"分类ID:\",\"type\":\"number\",\"prop\":\"oly.web.theme.zgblog.docs.catId\"},{\"label\":\"默认文档:\",\"type\":\"number\",\"prop\":\"oly.web.theme.zgblog.docs.defaultPostId\"},{\"label\":\"请求条数:\",\"type\":\"number\",\"prop\":\"oly.web.theme.zgblog.docs.size\"},{\"label\":\"默认排序:\",\"type\":\"radio\",\"prop\":\"oly.web.theme.zgblog.docs.order\",\"dicts\":[{\"value\":\"ASC\",\"label\":\"升序\"},{\"value\":\"DESC\",\"label\":\"降序\"}]}]},{\"label\":\"联盟设置\",\"formData\":[{\"label\":\"请求条数:\",\"type\":\"number\",\"prop\":\"oly.web.theme.zgblog.union.size\"},{\"label\":\"排序方式:\",\"type\":\"radio\",\"prop\":\"oly.web.theme.zgblog.union.order\",\"dicts\":[{\"value\":\"ASC\",\"label\":\"升序\"},{\"value\":\"DESC\",\"label\":\"降序\"}]},{\"label\":\"省钱标签:\",\"type\":\"number\",\"prop\":\"oly.web.theme.zgblog.union.youTag\"},{\"label\":\"福利标签:\",\"type\":\"number\",\"prop\":\"oly.web.theme.zgblog.union.wealTag\"},{\"label\":\"文章条数:\",\"type\":\"number\",\"prop\":\"oly.web.theme.zgblog.union.articleSize\"},{\"label\":\"推荐条数:\",\"type\":\"number\",\"prop\":\"oly.web.theme.zgblog.union.tuiSize\"},{\"label\":\"分类类型:\",\"type\":\"number\",\"prop\":\"oly.web.theme.zgblog.union.catType\"},{\"label\":\"分类ID:\",\"type\":\"number\",\"prop\":\"oly.web.theme.zgblog.union.catId\"}]}]}}',0,NULL,'2022-12-13 21:17:55'),(863,'主题管理',2,'com.grace.web.controller.cms.CmsThemeController.getThemeConfigForm()','GET',1,'admin',NULL,'/cms/theme/getThemeConfigForm/1/zgblog','127.0.0.1','内网IP','{webId=1, themeName=zgblog}','{\"msg\":\"操作成功\",\"code\":200,\"data\":{\"title\":\"主题配置\",\"tabData\":[{\"label\":\"主题设置\",\"formData\":[{\"label\":\"导航ID:\",\"type\":\"number\",\"prop\":\"oly.web.theme.zgblog.menu.main\"}]},{\"label\":\"右边栏\",\"formData\":[{\"label\":\"推荐条数:\",\"type\":\"number\",\"prop\":\"oly.web.theme.zgblog.post.top\"},{\"label\":\"发布条数:\",\"type\":\"number\",\"prop\":\"oly.web.theme.zgblog.post.now\"},{\"label\":\"阅读条数:\",\"type\":\"number\",\"prop\":\"oly.web.theme.zgblog.post.look\"}]},{\"label\":\"文档设置\",\"formData\":[{\"label\":\"分类ID:\",\"type\":\"number\",\"prop\":\"oly.web.theme.zgblog.docs.catId\"},{\"label\":\"默认文档:\",\"type\":\"number\",\"prop\":\"oly.web.theme.zgblog.docs.defaultPostId\"},{\"label\":\"请求条数:\",\"type\":\"number\",\"prop\":\"oly.web.theme.zgblog.docs.size\"},{\"label\":\"默认排序:\",\"type\":\"radio\",\"prop\":\"oly.web.theme.zgblog.docs.order\",\"dicts\":[{\"value\":\"ASC\",\"label\":\"升序\"},{\"value\":\"DESC\",\"label\":\"降序\"}]}]},{\"label\":\"联盟设置\",\"formData\":[{\"label\":\"请求条数:\",\"type\":\"number\",\"prop\":\"oly.web.theme.zgblog.union.size\"},{\"label\":\"排序方式:\",\"type\":\"radio\",\"prop\":\"oly.web.theme.zgblog.union.order\",\"dicts\":[{\"value\":\"ASC\",\"label\":\"升序\"},{\"value\":\"DESC\",\"label\":\"降序\"}]},{\"label\":\"省钱标签:\",\"type\":\"number\",\"prop\":\"oly.web.theme.zgblog.union.youTag\"},{\"label\":\"福利标签:\",\"type\":\"number\",\"prop\":\"oly.web.theme.zgblog.union.wealTag\"},{\"label\":\"文章条数:\",\"type\":\"number\",\"prop\":\"oly.web.theme.zgblog.union.articleSize\"},{\"label\":\"推荐条数:\",\"type\":\"number\",\"prop\":\"oly.web.theme.zgblog.union.tuiSize\"},{\"label\":\"分类类型:\",\"type\":\"number\",\"prop\":\"oly.web.theme.zgblog.union.catType\"},{\"label\":\"分类ID:\",\"type\":\"number\",\"prop\":\"oly.web.theme.zgblog.union.catId\"}]}]}}',0,NULL,'2022-12-15 21:36:27'),(864,'主题管理',2,'com.grace.web.controller.cms.CmsThemeController.getThemeConfigForm()','GET',1,'admin',NULL,'/cms/theme/getThemeConfigForm/1/zgblog','127.0.0.1','内网IP','{webId=1, themeName=zgblog}','{\"msg\":\"操作成功\",\"code\":200,\"data\":{\"title\":\"主题配置\",\"tabData\":[{\"label\":\"主题设置\",\"formData\":[{\"label\":\"导航ID:\",\"type\":\"number\",\"prop\":\"oly.web.theme.zgblog.menu.main\"}]},{\"label\":\"右边栏\",\"formData\":[{\"label\":\"推荐条数:\",\"type\":\"number\",\"prop\":\"oly.web.theme.zgblog.post.top\"},{\"label\":\"发布条数:\",\"type\":\"number\",\"prop\":\"oly.web.theme.zgblog.post.now\"},{\"label\":\"阅读条数:\",\"type\":\"number\",\"prop\":\"oly.web.theme.zgblog.post.look\"}]},{\"label\":\"文档设置\",\"formData\":[{\"label\":\"分类ID:\",\"type\":\"number\",\"prop\":\"oly.web.theme.zgblog.docs.catId\"},{\"label\":\"默认文档:\",\"type\":\"number\",\"prop\":\"oly.web.theme.zgblog.docs.defaultPostId\"},{\"label\":\"请求条数:\",\"type\":\"number\",\"prop\":\"oly.web.theme.zgblog.docs.size\"},{\"label\":\"默认排序:\",\"type\":\"radio\",\"prop\":\"oly.web.theme.zgblog.docs.order\",\"dicts\":[{\"value\":\"ASC\",\"label\":\"升序\"},{\"value\":\"DESC\",\"label\":\"降序\"}]}]},{\"label\":\"联盟设置\",\"formData\":[{\"label\":\"请求条数:\",\"type\":\"number\",\"prop\":\"oly.web.theme.zgblog.union.size\"},{\"label\":\"排序方式:\",\"type\":\"radio\",\"prop\":\"oly.web.theme.zgblog.union.order\",\"dicts\":[{\"value\":\"ASC\",\"label\":\"升序\"},{\"value\":\"DESC\",\"label\":\"降序\"}]},{\"label\":\"省钱标签:\",\"type\":\"number\",\"prop\":\"oly.web.theme.zgblog.union.youTag\"},{\"label\":\"福利标签:\",\"type\":\"number\",\"prop\":\"oly.web.theme.zgblog.union.wealTag\"},{\"label\":\"文章条数:\",\"type\":\"number\",\"prop\":\"oly.web.theme.zgblog.union.articleSize\"},{\"label\":\"推荐条数:\",\"type\":\"number\",\"prop\":\"oly.web.theme.zgblog.union.tuiSize\"},{\"label\":\"分类类型:\",\"type\":\"number\",\"prop\":\"oly.web.theme.zgblog.union.catType\"},{\"label\":\"分类ID:\",\"type\":\"number\",\"prop\":\"oly.web.theme.zgblog.union.catId\"}]}]}}',0,NULL,'2022-12-15 21:36:45'),(865,'主题管理',2,'com.grace.web.controller.cms.CmsThemeController.getThemeConfigForm()','GET',1,'admin',NULL,'/cms/theme/getThemeConfigForm/1/zgblog','127.0.0.1','内网IP','{webId=1, themeName=zgblog}','{\"msg\":\"操作成功\",\"code\":200,\"data\":{\"title\":\"主题配置\",\"tabData\":[{\"label\":\"主题设置\",\"formData\":[{\"label\":\"导航ID:\",\"type\":\"number\",\"prop\":\"oly.web.theme.zgblog.menu.main\"}]},{\"label\":\"右边栏\",\"formData\":[{\"label\":\"推荐条数:\",\"type\":\"number\",\"prop\":\"oly.web.theme.zgblog.post.top\"},{\"label\":\"发布条数:\",\"type\":\"number\",\"prop\":\"oly.web.theme.zgblog.post.now\"},{\"label\":\"阅读条数:\",\"type\":\"number\",\"prop\":\"oly.web.theme.zgblog.post.look\"}]},{\"label\":\"文档设置\",\"formData\":[{\"label\":\"分类ID:\",\"type\":\"number\",\"prop\":\"oly.web.theme.zgblog.docs.catId\"},{\"label\":\"默认文档:\",\"type\":\"number\",\"prop\":\"oly.web.theme.zgblog.docs.defaultPostId\"},{\"label\":\"请求条数:\",\"type\":\"number\",\"prop\":\"oly.web.theme.zgblog.docs.size\"},{\"label\":\"默认排序:\",\"type\":\"radio\",\"prop\":\"oly.web.theme.zgblog.docs.order\",\"dicts\":[{\"value\":\"ASC\",\"label\":\"升序\"},{\"value\":\"DESC\",\"label\":\"降序\"}]}]},{\"label\":\"联盟设置\",\"formData\":[{\"label\":\"请求条数:\",\"type\":\"number\",\"prop\":\"oly.web.theme.zgblog.union.size\"},{\"label\":\"排序方式:\",\"type\":\"radio\",\"prop\":\"oly.web.theme.zgblog.union.order\",\"dicts\":[{\"value\":\"ASC\",\"label\":\"升序\"},{\"value\":\"DESC\",\"label\":\"降序\"}]},{\"label\":\"省钱标签:\",\"type\":\"number\",\"prop\":\"oly.web.theme.zgblog.union.youTag\"},{\"label\":\"福利标签:\",\"type\":\"number\",\"prop\":\"oly.web.theme.zgblog.union.wealTag\"},{\"label\":\"文章条数:\",\"type\":\"number\",\"prop\":\"oly.web.theme.zgblog.union.articleSize\"},{\"label\":\"推荐条数:\",\"type\":\"number\",\"prop\":\"oly.web.theme.zgblog.union.tuiSize\"},{\"label\":\"分类类型:\",\"type\":\"number\",\"prop\":\"oly.web.theme.zgblog.union.catType\"},{\"label\":\"分类ID:\",\"type\":\"number\",\"prop\":\"oly.web.theme.zgblog.union.catId\"}]}]}}',0,NULL,'2022-12-15 21:36:56'),(866,'主题管理',2,'com.grace.web.controller.cms.CmsThemeController.getThemeConfigForm()','GET',1,'admin',NULL,'/cms/theme/getThemeConfigForm/1/zgblog','127.0.0.1','内网IP','{webId=1, themeName=zgblog}','{\"msg\":\"操作成功\",\"code\":200,\"data\":{\"title\":\"主题配置\",\"tabData\":[{\"label\":\"主题设置\",\"formData\":[{\"label\":\"导航ID:\",\"type\":\"number\",\"prop\":\"oly.web.theme.zgblog.menu.main\"}]},{\"label\":\"右边栏\",\"formData\":[{\"label\":\"推荐条数:\",\"type\":\"number\",\"prop\":\"oly.web.theme.zgblog.post.top\"},{\"label\":\"发布条数:\",\"type\":\"number\",\"prop\":\"oly.web.theme.zgblog.post.now\"},{\"label\":\"阅读条数:\",\"type\":\"number\",\"prop\":\"oly.web.theme.zgblog.post.look\"}]},{\"label\":\"文档设置\",\"formData\":[{\"label\":\"分类ID:\",\"type\":\"number\",\"prop\":\"oly.web.theme.zgblog.docs.catId\"},{\"label\":\"默认文档:\",\"type\":\"number\",\"prop\":\"oly.web.theme.zgblog.docs.defaultPostId\"},{\"label\":\"请求条数:\",\"type\":\"number\",\"prop\":\"oly.web.theme.zgblog.docs.size\"},{\"label\":\"默认排序:\",\"type\":\"radio\",\"prop\":\"oly.web.theme.zgblog.docs.order\",\"dicts\":[{\"value\":\"ASC\",\"label\":\"升序\"},{\"value\":\"DESC\",\"label\":\"降序\"}]}]},{\"label\":\"联盟设置\",\"formData\":[{\"label\":\"请求条数:\",\"type\":\"number\",\"prop\":\"oly.web.theme.zgblog.union.size\"},{\"label\":\"排序方式:\",\"type\":\"radio\",\"prop\":\"oly.web.theme.zgblog.union.order\",\"dicts\":[{\"value\":\"ASC\",\"label\":\"升序\"},{\"value\":\"DESC\",\"label\":\"降序\"}]},{\"label\":\"省钱标签:\",\"type\":\"number\",\"prop\":\"oly.web.theme.zgblog.union.youTag\"},{\"label\":\"福利标签:\",\"type\":\"number\",\"prop\":\"oly.web.theme.zgblog.union.wealTag\"},{\"label\":\"文章条数:\",\"type\":\"number\",\"prop\":\"oly.web.theme.zgblog.union.articleSize\"},{\"label\":\"推荐条数:\",\"type\":\"number\",\"prop\":\"oly.web.theme.zgblog.union.tuiSize\"},{\"label\":\"分类类型:\",\"type\":\"number\",\"prop\":\"oly.web.theme.zgblog.union.catType\"},{\"label\":\"分类ID:\",\"type\":\"number\",\"prop\":\"oly.web.theme.zgblog.union.catId\"}]}]}}',0,NULL,'2022-12-15 21:37:46'),(867,'主题管理',2,'com.grace.web.controller.cms.CmsThemeController.getThemeConfigForm()','GET',1,'admin',NULL,'/cms/theme/getThemeConfigForm/1/zgblog','127.0.0.1','内网IP','{webId=1, themeName=zgblog}','{\"msg\":\"操作成功\",\"code\":200,\"data\":{\"title\":\"主题配置\",\"tabData\":[{\"label\":\"主题设置\",\"formData\":[{\"label\":\"导航ID:\",\"type\":\"number\",\"prop\":\"oly.web.theme.zgblog.menu.main\"}]},{\"label\":\"右边栏\",\"formData\":[{\"label\":\"推荐条数:\",\"type\":\"number\",\"prop\":\"oly.web.theme.zgblog.post.top\"},{\"label\":\"发布条数:\",\"type\":\"number\",\"prop\":\"oly.web.theme.zgblog.post.now\"},{\"label\":\"阅读条数:\",\"type\":\"number\",\"prop\":\"oly.web.theme.zgblog.post.look\"}]},{\"label\":\"文档设置\",\"formData\":[{\"label\":\"分类ID:\",\"type\":\"number\",\"prop\":\"oly.web.theme.zgblog.docs.catId\"},{\"label\":\"默认文档:\",\"type\":\"number\",\"prop\":\"oly.web.theme.zgblog.docs.defaultPostId\"},{\"label\":\"请求条数:\",\"type\":\"number\",\"prop\":\"oly.web.theme.zgblog.docs.size\"},{\"label\":\"默认排序:\",\"type\":\"radio\",\"prop\":\"oly.web.theme.zgblog.docs.order\",\"dicts\":[{\"value\":\"ASC\",\"label\":\"升序\"},{\"value\":\"DESC\",\"label\":\"降序\"}]}]},{\"label\":\"联盟设置\",\"formData\":[{\"label\":\"请求条数:\",\"type\":\"number\",\"prop\":\"oly.web.theme.zgblog.union.size\"},{\"label\":\"排序方式:\",\"type\":\"radio\",\"prop\":\"oly.web.theme.zgblog.union.order\",\"dicts\":[{\"value\":\"ASC\",\"label\":\"升序\"},{\"value\":\"DESC\",\"label\":\"降序\"}]},{\"label\":\"省钱标签:\",\"type\":\"number\",\"prop\":\"oly.web.theme.zgblog.union.youTag\"},{\"label\":\"福利标签:\",\"type\":\"number\",\"prop\":\"oly.web.theme.zgblog.union.wealTag\"},{\"label\":\"文章条数:\",\"type\":\"number\",\"prop\":\"oly.web.theme.zgblog.union.articleSize\"},{\"label\":\"推荐条数:\",\"type\":\"number\",\"prop\":\"oly.web.theme.zgblog.union.tuiSize\"},{\"label\":\"分类类型:\",\"type\":\"number\",\"prop\":\"oly.web.theme.zgblog.union.catType\"},{\"label\":\"分类ID:\",\"type\":\"number\",\"prop\":\"oly.web.theme.zgblog.union.catId\"}]}]}}',0,NULL,'2022-12-15 21:37:56'),(868,'主题管理',2,'com.grace.web.controller.cms.CmsThemeController.getThemeConfigForm()','GET',1,'admin',NULL,'/cms/theme/getThemeConfigForm/1/zgblog','127.0.0.1','内网IP','{webId=1, themeName=zgblog}','{\"msg\":\"操作成功\",\"code\":200,\"data\":{\"title\":\"主题配置\",\"tabData\":[{\"label\":\"主题设置\",\"formData\":[{\"label\":\"导航ID:\",\"type\":\"number\",\"prop\":\"oly.web.theme.zgblog.menu.main\"}]},{\"label\":\"右边栏\",\"formData\":[{\"label\":\"推荐条数:\",\"type\":\"number\",\"prop\":\"oly.web.theme.zgblog.post.top\"},{\"label\":\"发布条数:\",\"type\":\"number\",\"prop\":\"oly.web.theme.zgblog.post.now\"},{\"label\":\"阅读条数:\",\"type\":\"number\",\"prop\":\"oly.web.theme.zgblog.post.look\"}]},{\"label\":\"文档设置\",\"formData\":[{\"label\":\"分类ID:\",\"type\":\"number\",\"prop\":\"oly.web.theme.zgblog.docs.catId\"},{\"label\":\"默认文档:\",\"type\":\"number\",\"prop\":\"oly.web.theme.zgblog.docs.defaultPostId\"},{\"label\":\"请求条数:\",\"type\":\"number\",\"prop\":\"oly.web.theme.zgblog.docs.size\"},{\"label\":\"默认排序:\",\"type\":\"radio\",\"prop\":\"oly.web.theme.zgblog.docs.order\",\"dicts\":[{\"value\":\"ASC\",\"label\":\"升序\"},{\"value\":\"DESC\",\"label\":\"降序\"}]}]},{\"label\":\"联盟设置\",\"formData\":[{\"label\":\"请求条数:\",\"type\":\"number\",\"prop\":\"oly.web.theme.zgblog.union.size\"},{\"label\":\"排序方式:\",\"type\":\"radio\",\"prop\":\"oly.web.theme.zgblog.union.order\",\"dicts\":[{\"value\":\"ASC\",\"label\":\"升序\"},{\"value\":\"DESC\",\"label\":\"降序\"}]},{\"label\":\"省钱标签:\",\"type\":\"number\",\"prop\":\"oly.web.theme.zgblog.union.youTag\"},{\"label\":\"福利标签:\",\"type\":\"number\",\"prop\":\"oly.web.theme.zgblog.union.wealTag\"},{\"label\":\"文章条数:\",\"type\":\"number\",\"prop\":\"oly.web.theme.zgblog.union.articleSize\"},{\"label\":\"推荐条数:\",\"type\":\"number\",\"prop\":\"oly.web.theme.zgblog.union.tuiSize\"},{\"label\":\"分类类型:\",\"type\":\"number\",\"prop\":\"oly.web.theme.zgblog.union.catType\"},{\"label\":\"分类ID:\",\"type\":\"number\",\"prop\":\"oly.web.theme.zgblog.union.catId\"}]}]}}',0,NULL,'2022-12-15 21:41:57'),(869,'主题管理',2,'com.grace.web.controller.cms.CmsThemeController.getThemeConfigForm()','GET',1,'admin',NULL,'/cms/theme/getThemeConfigForm/1/zgblog','127.0.0.1','内网IP','{webId=1, themeName=zgblog}','{\"msg\":\"操作成功\",\"code\":200,\"data\":{\"title\":\"主题配置\",\"tabData\":[{\"label\":\"主题设置\",\"formData\":[{\"label\":\"导航ID:\",\"type\":\"number\",\"prop\":\"oly.web.theme.zgblog.menu.main\"}]},{\"label\":\"右边栏\",\"formData\":[{\"label\":\"推荐条数:\",\"type\":\"number\",\"prop\":\"oly.web.theme.zgblog.post.top\"},{\"label\":\"发布条数:\",\"type\":\"number\",\"prop\":\"oly.web.theme.zgblog.post.now\"},{\"label\":\"阅读条数:\",\"type\":\"number\",\"prop\":\"oly.web.theme.zgblog.post.look\"}]},{\"label\":\"文档设置\",\"formData\":[{\"label\":\"分类ID:\",\"type\":\"number\",\"prop\":\"oly.web.theme.zgblog.docs.catId\"},{\"label\":\"默认文档:\",\"type\":\"number\",\"prop\":\"oly.web.theme.zgblog.docs.defaultPostId\"},{\"label\":\"请求条数:\",\"type\":\"number\",\"prop\":\"oly.web.theme.zgblog.docs.size\"},{\"label\":\"默认排序:\",\"type\":\"radio\",\"prop\":\"oly.web.theme.zgblog.docs.order\",\"dicts\":[{\"value\":\"ASC\",\"label\":\"升序\"},{\"value\":\"DESC\",\"label\":\"降序\"}]}]},{\"label\":\"联盟设置\",\"formData\":[{\"label\":\"请求条数:\",\"type\":\"number\",\"prop\":\"oly.web.theme.zgblog.union.size\"},{\"label\":\"排序方式:\",\"type\":\"radio\",\"prop\":\"oly.web.theme.zgblog.union.order\",\"dicts\":[{\"value\":\"ASC\",\"label\":\"升序\"},{\"value\":\"DESC\",\"label\":\"降序\"}]},{\"label\":\"省钱标签:\",\"type\":\"number\",\"prop\":\"oly.web.theme.zgblog.union.youTag\"},{\"label\":\"福利标签:\",\"type\":\"number\",\"prop\":\"oly.web.theme.zgblog.union.wealTag\"},{\"label\":\"文章条数:\",\"type\":\"number\",\"prop\":\"oly.web.theme.zgblog.union.articleSize\"},{\"label\":\"推荐条数:\",\"type\":\"number\",\"prop\":\"oly.web.theme.zgblog.union.tuiSize\"},{\"label\":\"分类类型:\",\"type\":\"number\",\"prop\":\"oly.web.theme.zgblog.union.catType\"},{\"label\":\"分类ID:\",\"type\":\"number\",\"prop\":\"oly.web.theme.zgblog.union.catId\"}]}]}}',0,NULL,'2022-12-15 21:42:34'),(870,'主题管理',2,'com.grace.web.controller.cms.CmsThemeController.getThemeConfigForm()','GET',1,'admin',NULL,'/cms/theme/getThemeConfigForm/1/zgblog','127.0.0.1','内网IP','{webId=1, themeName=zgblog}','{\"msg\":\"操作成功\",\"code\":200,\"data\":{\"title\":\"主题配置\",\"tabData\":[{\"label\":\"主题设置\",\"formData\":[{\"label\":\"导航ID:\",\"type\":\"number\",\"prop\":\"oly.web.theme.zgblog.menu.main\"}]},{\"label\":\"右边栏\",\"formData\":[{\"label\":\"推荐条数:\",\"type\":\"number\",\"prop\":\"oly.web.theme.zgblog.post.top\"},{\"label\":\"发布条数:\",\"type\":\"number\",\"prop\":\"oly.web.theme.zgblog.post.now\"},{\"label\":\"阅读条数:\",\"type\":\"number\",\"prop\":\"oly.web.theme.zgblog.post.look\"}]},{\"label\":\"文档设置\",\"formData\":[{\"label\":\"分类ID:\",\"type\":\"number\",\"prop\":\"oly.web.theme.zgblog.docs.catId\"},{\"label\":\"默认文档:\",\"type\":\"number\",\"prop\":\"oly.web.theme.zgblog.docs.defaultPostId\"},{\"label\":\"请求条数:\",\"type\":\"number\",\"prop\":\"oly.web.theme.zgblog.docs.size\"},{\"label\":\"默认排序:\",\"type\":\"radio\",\"prop\":\"oly.web.theme.zgblog.docs.order\",\"dicts\":[{\"value\":\"ASC\",\"label\":\"升序\"},{\"value\":\"DESC\",\"label\":\"降序\"}]}]},{\"label\":\"联盟设置\",\"formData\":[{\"label\":\"请求条数:\",\"type\":\"number\",\"prop\":\"oly.web.theme.zgblog.union.size\"},{\"label\":\"排序方式:\",\"type\":\"radio\",\"prop\":\"oly.web.theme.zgblog.union.order\",\"dicts\":[{\"value\":\"ASC\",\"label\":\"升序\"},{\"value\":\"DESC\",\"label\":\"降序\"}]},{\"label\":\"省钱标签:\",\"type\":\"number\",\"prop\":\"oly.web.theme.zgblog.union.youTag\"},{\"label\":\"福利标签:\",\"type\":\"number\",\"prop\":\"oly.web.theme.zgblog.union.wealTag\"},{\"label\":\"文章条数:\",\"type\":\"number\",\"prop\":\"oly.web.theme.zgblog.union.articleSize\"},{\"label\":\"推荐条数:\",\"type\":\"number\",\"prop\":\"oly.web.theme.zgblog.union.tuiSize\"},{\"label\":\"分类类型:\",\"type\":\"number\",\"prop\":\"oly.web.theme.zgblog.union.catType\"},{\"label\":\"分类ID:\",\"type\":\"number\",\"prop\":\"oly.web.theme.zgblog.union.catId\"}]}]}}',0,NULL,'2022-12-15 21:43:38'),(871,'主题管理',2,'com.grace.web.controller.cms.CmsThemeController.getThemeConfigForm()','GET',1,'admin',NULL,'/cms/theme/getThemeConfigForm/1/zgblog','127.0.0.1','内网IP','{webId=1, themeName=zgblog}','{\"msg\":\"操作成功\",\"code\":200,\"data\":{\"title\":\"主题配置\",\"tabData\":[{\"label\":\"主题设置\",\"formData\":[{\"label\":\"导航ID:\",\"type\":\"number\",\"prop\":\"oly.web.theme.zgblog.menu.main\"}]},{\"label\":\"右边栏\",\"formData\":[{\"label\":\"推荐条数:\",\"type\":\"number\",\"prop\":\"oly.web.theme.zgblog.post.top\"},{\"label\":\"发布条数:\",\"type\":\"number\",\"prop\":\"oly.web.theme.zgblog.post.now\"},{\"label\":\"阅读条数:\",\"type\":\"number\",\"prop\":\"oly.web.theme.zgblog.post.look\"}]},{\"label\":\"文档设置\",\"formData\":[{\"label\":\"分类ID:\",\"type\":\"number\",\"prop\":\"oly.web.theme.zgblog.docs.catId\"},{\"label\":\"默认文档:\",\"type\":\"number\",\"prop\":\"oly.web.theme.zgblog.docs.defaultPostId\"},{\"label\":\"请求条数:\",\"type\":\"number\",\"prop\":\"oly.web.theme.zgblog.docs.size\"},{\"label\":\"默认排序:\",\"type\":\"radio\",\"prop\":\"oly.web.theme.zgblog.docs.order\",\"dicts\":[{\"value\":\"ASC\",\"label\":\"升序\"},{\"value\":\"DESC\",\"label\":\"降序\"}]}]},{\"label\":\"联盟设置\",\"formData\":[{\"label\":\"请求条数:\",\"type\":\"number\",\"prop\":\"oly.web.theme.zgblog.union.size\"},{\"label\":\"排序方式:\",\"type\":\"radio\",\"prop\":\"oly.web.theme.zgblog.union.order\",\"dicts\":[{\"value\":\"ASC\",\"label\":\"升序\"},{\"value\":\"DESC\",\"label\":\"降序\"}]},{\"label\":\"省钱标签:\",\"type\":\"number\",\"prop\":\"oly.web.theme.zgblog.union.youTag\"},{\"label\":\"福利标签:\",\"type\":\"number\",\"prop\":\"oly.web.theme.zgblog.union.wealTag\"},{\"label\":\"文章条数:\",\"type\":\"number\",\"prop\":\"oly.web.theme.zgblog.union.articleSize\"},{\"label\":\"推荐条数:\",\"type\":\"number\",\"prop\":\"oly.web.theme.zgblog.union.tuiSize\"},{\"label\":\"分类类型:\",\"type\":\"number\",\"prop\":\"oly.web.theme.zgblog.union.catType\"},{\"label\":\"分类ID:\",\"type\":\"number\",\"prop\":\"oly.web.theme.zgblog.union.catId\"}]}]}}',0,NULL,'2022-12-15 21:45:18'),(872,'主题管理',2,'com.grace.web.controller.cms.CmsThemeController.getThemeConfigForm()','GET',1,'admin',NULL,'/cms/theme/getThemeConfigForm/1/zgblog','127.0.0.1','内网IP','{webId=1, themeName=zgblog}','{\"msg\":\"操作成功\",\"code\":200,\"data\":{\"title\":\"主题配置\",\"tabData\":[{\"label\":\"主题设置\",\"formData\":[{\"label\":\"导航ID:\",\"type\":\"number\",\"prop\":\"oly.web.theme.zgblog.menu.main\"}]},{\"label\":\"右边栏\",\"formData\":[{\"label\":\"推荐条数:\",\"type\":\"number\",\"prop\":\"oly.web.theme.zgblog.post.top\"},{\"label\":\"发布条数:\",\"type\":\"number\",\"prop\":\"oly.web.theme.zgblog.post.now\"},{\"label\":\"阅读条数:\",\"type\":\"number\",\"prop\":\"oly.web.theme.zgblog.post.look\"}]},{\"label\":\"文档设置\",\"formData\":[{\"label\":\"分类ID:\",\"type\":\"number\",\"prop\":\"oly.web.theme.zgblog.docs.catId\"},{\"label\":\"默认文档:\",\"type\":\"number\",\"prop\":\"oly.web.theme.zgblog.docs.defaultPostId\"},{\"label\":\"请求条数:\",\"type\":\"number\",\"prop\":\"oly.web.theme.zgblog.docs.size\"},{\"label\":\"默认排序:\",\"type\":\"radio\",\"prop\":\"oly.web.theme.zgblog.docs.order\",\"dicts\":[{\"value\":\"ASC\",\"label\":\"升序\"},{\"value\":\"DESC\",\"label\":\"降序\"}]}]},{\"label\":\"联盟设置\",\"formData\":[{\"label\":\"请求条数:\",\"type\":\"number\",\"prop\":\"oly.web.theme.zgblog.union.size\"},{\"label\":\"排序方式:\",\"type\":\"radio\",\"prop\":\"oly.web.theme.zgblog.union.order\",\"dicts\":[{\"value\":\"ASC\",\"label\":\"升序\"},{\"value\":\"DESC\",\"label\":\"降序\"}]},{\"label\":\"省钱标签:\",\"type\":\"number\",\"prop\":\"oly.web.theme.zgblog.union.youTag\"},{\"label\":\"福利标签:\",\"type\":\"number\",\"prop\":\"oly.web.theme.zgblog.union.wealTag\"},{\"label\":\"文章条数:\",\"type\":\"number\",\"prop\":\"oly.web.theme.zgblog.union.articleSize\"},{\"label\":\"推荐条数:\",\"type\":\"number\",\"prop\":\"oly.web.theme.zgblog.union.tuiSize\"},{\"label\":\"分类类型:\",\"type\":\"number\",\"prop\":\"oly.web.theme.zgblog.union.catType\"},{\"label\":\"分类ID:\",\"type\":\"number\",\"prop\":\"oly.web.theme.zgblog.union.catId\"}]}]}}',0,NULL,'2022-12-15 21:47:06'),(873,'主题管理',2,'com.grace.web.controller.cms.CmsThemeController.getThemeConfigForm()','GET',1,'admin',NULL,'/cms/theme/getThemeConfigForm/1/zgblog','127.0.0.1','内网IP','{webId=1, themeName=zgblog}','{\"msg\":\"操作成功\",\"code\":200,\"data\":{\"title\":\"主题配置\",\"tabData\":[{\"label\":\"主题设置\",\"formData\":[{\"label\":\"导航ID:\",\"type\":\"number\",\"prop\":\"oly.web.theme.zgblog.menu.main\"}]},{\"label\":\"右边栏\",\"formData\":[{\"label\":\"推荐条数:\",\"type\":\"number\",\"prop\":\"oly.web.theme.zgblog.post.top\"},{\"label\":\"发布条数:\",\"type\":\"number\",\"prop\":\"oly.web.theme.zgblog.post.now\"},{\"label\":\"阅读条数:\",\"type\":\"number\",\"prop\":\"oly.web.theme.zgblog.post.look\"}]},{\"label\":\"文档设置\",\"formData\":[{\"label\":\"分类ID:\",\"type\":\"number\",\"prop\":\"oly.web.theme.zgblog.docs.catId\"},{\"label\":\"默认文档:\",\"type\":\"number\",\"prop\":\"oly.web.theme.zgblog.docs.defaultPostId\"},{\"label\":\"请求条数:\",\"type\":\"number\",\"prop\":\"oly.web.theme.zgblog.docs.size\"},{\"label\":\"默认排序:\",\"type\":\"radio\",\"prop\":\"oly.web.theme.zgblog.docs.order\",\"dicts\":[{\"value\":\"ASC\",\"label\":\"升序\"},{\"value\":\"DESC\",\"label\":\"降序\"}]}]},{\"label\":\"联盟设置\",\"formData\":[{\"label\":\"请求条数:\",\"type\":\"number\",\"prop\":\"oly.web.theme.zgblog.union.size\"},{\"label\":\"排序方式:\",\"type\":\"radio\",\"prop\":\"oly.web.theme.zgblog.union.order\",\"dicts\":[{\"value\":\"ASC\",\"label\":\"升序\"},{\"value\":\"DESC\",\"label\":\"降序\"}]},{\"label\":\"省钱标签:\",\"type\":\"number\",\"prop\":\"oly.web.theme.zgblog.union.youTag\"},{\"label\":\"福利标签:\",\"type\":\"number\",\"prop\":\"oly.web.theme.zgblog.union.wealTag\"},{\"label\":\"文章条数:\",\"type\":\"number\",\"prop\":\"oly.web.theme.zgblog.union.articleSize\"},{\"label\":\"推荐条数:\",\"type\":\"number\",\"prop\":\"oly.web.theme.zgblog.union.tuiSize\"},{\"label\":\"分类类型:\",\"type\":\"number\",\"prop\":\"oly.web.theme.zgblog.union.catType\"},{\"label\":\"分类ID:\",\"type\":\"number\",\"prop\":\"oly.web.theme.zgblog.union.catId\"}]}]}}',0,NULL,'2022-12-15 21:51:50'),(874,'主题管理',2,'com.grace.web.controller.cms.CmsThemeController.getThemeConfigForm()','GET',1,'admin',NULL,'/cms/theme/getThemeConfigForm/1/zgblog','127.0.0.1','内网IP','{webId=1, themeName=zgblog}','{\"msg\":\"操作成功\",\"code\":200,\"data\":{\"title\":\"主题配置\",\"tabData\":[{\"label\":\"主题设置\",\"formData\":[{\"label\":\"导航ID:\",\"type\":\"number\",\"prop\":\"oly.web.theme.zgblog.menu.main\"}]},{\"label\":\"右边栏\",\"formData\":[{\"label\":\"推荐条数:\",\"type\":\"number\",\"prop\":\"oly.web.theme.zgblog.post.top\"},{\"label\":\"发布条数:\",\"type\":\"number\",\"prop\":\"oly.web.theme.zgblog.post.now\"},{\"label\":\"阅读条数:\",\"type\":\"number\",\"prop\":\"oly.web.theme.zgblog.post.look\"}]},{\"label\":\"文档设置\",\"formData\":[{\"label\":\"分类ID:\",\"type\":\"number\",\"prop\":\"oly.web.theme.zgblog.docs.catId\"},{\"label\":\"默认文档:\",\"type\":\"number\",\"prop\":\"oly.web.theme.zgblog.docs.defaultPostId\"},{\"label\":\"请求条数:\",\"type\":\"number\",\"prop\":\"oly.web.theme.zgblog.docs.size\"},{\"label\":\"默认排序:\",\"type\":\"radio\",\"prop\":\"oly.web.theme.zgblog.docs.order\",\"dicts\":[{\"value\":\"ASC\",\"label\":\"升序\"},{\"value\":\"DESC\",\"label\":\"降序\"}]}]},{\"label\":\"联盟设置\",\"formData\":[{\"label\":\"请求条数:\",\"type\":\"number\",\"prop\":\"oly.web.theme.zgblog.union.size\"},{\"label\":\"排序方式:\",\"type\":\"radio\",\"prop\":\"oly.web.theme.zgblog.union.order\",\"dicts\":[{\"value\":\"ASC\",\"label\":\"升序\"},{\"value\":\"DESC\",\"label\":\"降序\"}]},{\"label\":\"省钱标签:\",\"type\":\"number\",\"prop\":\"oly.web.theme.zgblog.union.youTag\"},{\"label\":\"福利标签:\",\"type\":\"number\",\"prop\":\"oly.web.theme.zgblog.union.wealTag\"},{\"label\":\"文章条数:\",\"type\":\"number\",\"prop\":\"oly.web.theme.zgblog.union.articleSize\"},{\"label\":\"推荐条数:\",\"type\":\"number\",\"prop\":\"oly.web.theme.zgblog.union.tuiSize\"},{\"label\":\"分类类型:\",\"type\":\"number\",\"prop\":\"oly.web.theme.zgblog.union.catType\"},{\"label\":\"分类ID:\",\"type\":\"number\",\"prop\":\"oly.web.theme.zgblog.union.catId\"}]}]}}',0,NULL,'2022-12-15 21:53:18'),(875,'主题管理',2,'com.grace.web.controller.cms.CmsThemeController.getThemeConfigForm()','GET',1,'admin',NULL,'/cms/theme/getThemeConfigForm/1/zgblog','127.0.0.1','内网IP','{webId=1, themeName=zgblog}','{\"msg\":\"操作成功\",\"code\":200,\"data\":{\"title\":\"主题配置\",\"tabData\":[{\"label\":\"主题设置\",\"formData\":[{\"label\":\"导航ID:\",\"type\":\"number\",\"prop\":\"oly.web.theme.zgblog.menu.main\"}]},{\"label\":\"右边栏\",\"formData\":[{\"label\":\"推荐条数:\",\"type\":\"number\",\"prop\":\"oly.web.theme.zgblog.post.top\"},{\"label\":\"发布条数:\",\"type\":\"number\",\"prop\":\"oly.web.theme.zgblog.post.now\"},{\"label\":\"阅读条数:\",\"type\":\"number\",\"prop\":\"oly.web.theme.zgblog.post.look\"}]},{\"label\":\"文档设置\",\"formData\":[{\"label\":\"分类ID:\",\"type\":\"number\",\"prop\":\"oly.web.theme.zgblog.docs.catId\"},{\"label\":\"默认文档:\",\"type\":\"number\",\"prop\":\"oly.web.theme.zgblog.docs.defaultPostId\"},{\"label\":\"请求条数:\",\"type\":\"number\",\"prop\":\"oly.web.theme.zgblog.docs.size\"},{\"label\":\"默认排序:\",\"type\":\"radio\",\"prop\":\"oly.web.theme.zgblog.docs.order\",\"dicts\":[{\"value\":\"ASC\",\"label\":\"升序\"},{\"value\":\"DESC\",\"label\":\"降序\"}]}]},{\"label\":\"联盟设置\",\"formData\":[{\"label\":\"请求条数:\",\"type\":\"number\",\"prop\":\"oly.web.theme.zgblog.union.size\"},{\"label\":\"排序方式:\",\"type\":\"radio\",\"prop\":\"oly.web.theme.zgblog.union.order\",\"dicts\":[{\"value\":\"ASC\",\"label\":\"升序\"},{\"value\":\"DESC\",\"label\":\"降序\"}]},{\"label\":\"省钱标签:\",\"type\":\"number\",\"prop\":\"oly.web.theme.zgblog.union.youTag\"},{\"label\":\"福利标签:\",\"type\":\"number\",\"prop\":\"oly.web.theme.zgblog.union.wealTag\"},{\"label\":\"文章条数:\",\"type\":\"number\",\"prop\":\"oly.web.theme.zgblog.union.articleSize\"},{\"label\":\"推荐条数:\",\"type\":\"number\",\"prop\":\"oly.web.theme.zgblog.union.tuiSize\"},{\"label\":\"分类类型:\",\"type\":\"number\",\"prop\":\"oly.web.theme.zgblog.union.catType\"},{\"label\":\"分类ID:\",\"type\":\"number\",\"prop\":\"oly.web.theme.zgblog.union.catId\"}]}]}}',0,NULL,'2022-12-15 21:55:35'),(876,'主题管理',2,'com.grace.web.controller.cms.CmsThemeController.updateConfig()','POST',1,'admin',NULL,'/cms/theme/updateConfig/1_zgblog','127.0.0.1','内网IP','{\"oly.web.theme.zgblog.post.look\":\"10\",\"oly.web.article.supportType\":\"0\",\"oly.web.theme.zgblog.docs.order\":\"ASC\",\"oly.web.comment.enable\":\"true\",\"oly.web.title\":\"豆腐干豆腐干\",\"oly.web.theme.zgblog.menu.main\":\"8\",\"oly.web.domain\":\"我惹我\",\"oly.web.logo\":\"/dev-api/server/oss/download/image/2022/12/11/404_20221105135247A001_20221211103627A001.jpg\",\"oly.web.theme.zgblog.union.order\":\"DESC\",\"oly.web.theme.zgblog.post.now\":\"10\",\"oly.web.theme.zgblog.post.top\":\"10\",\"oly.theme.used\":\"true\"} \"1_zgblog\"','{\"msg\":\"操作成功\",\"code\":200}',0,NULL,'2022-12-15 21:55:42'),(877,'主题管理',2,'com.grace.web.controller.cms.CmsThemeController.getThemeConfigForm()','GET',1,'admin',NULL,'/cms/theme/getThemeConfigForm/1/zgblog','127.0.0.1','内网IP','{webId=1, themeName=zgblog}','{\"msg\":\"操作成功\",\"code\":200,\"data\":{\"title\":\"主题配置\",\"tabData\":[{\"label\":\"主题设置\",\"formData\":[{\"label\":\"导航ID:\",\"type\":\"number\",\"prop\":\"oly.web.theme.zgblog.menu.main\"}]},{\"label\":\"右边栏\",\"formData\":[{\"label\":\"推荐条数:\",\"type\":\"number\",\"prop\":\"oly.web.theme.zgblog.post.top\"},{\"label\":\"发布条数:\",\"type\":\"number\",\"prop\":\"oly.web.theme.zgblog.post.now\"},{\"label\":\"阅读条数:\",\"type\":\"number\",\"prop\":\"oly.web.theme.zgblog.post.look\"}]},{\"label\":\"文档设置\",\"formData\":[{\"label\":\"分类ID:\",\"type\":\"number\",\"prop\":\"oly.web.theme.zgblog.docs.catId\"},{\"label\":\"默认文档:\",\"type\":\"number\",\"prop\":\"oly.web.theme.zgblog.docs.defaultPostId\"},{\"label\":\"请求条数:\",\"type\":\"number\",\"prop\":\"oly.web.theme.zgblog.docs.size\"},{\"label\":\"默认排序:\",\"type\":\"radio\",\"prop\":\"oly.web.theme.zgblog.docs.order\",\"dicts\":[{\"value\":\"ASC\",\"label\":\"升序\"},{\"value\":\"DESC\",\"label\":\"降序\"}]}]},{\"label\":\"联盟设置\",\"formData\":[{\"label\":\"请求条数:\",\"type\":\"number\",\"prop\":\"oly.web.theme.zgblog.union.size\"},{\"label\":\"排序方式:\",\"type\":\"radio\",\"prop\":\"oly.web.theme.zgblog.union.order\",\"dicts\":[{\"value\":\"ASC\",\"label\":\"升序\"},{\"value\":\"DESC\",\"label\":\"降序\"}]},{\"label\":\"省钱标签:\",\"type\":\"number\",\"prop\":\"oly.web.theme.zgblog.union.youTag\"},{\"label\":\"福利标签:\",\"type\":\"number\",\"prop\":\"oly.web.theme.zgblog.union.wealTag\"},{\"label\":\"文章条数:\",\"type\":\"number\",\"prop\":\"oly.web.theme.zgblog.union.articleSize\"},{\"label\":\"推荐条数:\",\"type\":\"number\",\"prop\":\"oly.web.theme.zgblog.union.tuiSize\"},{\"label\":\"分类类型:\",\"type\":\"number\",\"prop\":\"oly.web.theme.zgblog.union.catType\"},{\"label\":\"分类ID:\",\"type\":\"number\",\"prop\":\"oly.web.theme.zgblog.union.catId\"}]}]}}',0,NULL,'2022-12-16 21:13:03'),(878,'主题管理',2,'com.grace.web.controller.cms.CmsThemeController.getThemeConfigForm()','GET',1,'admin',NULL,'/cms/theme/getThemeConfigForm/1/zgblog','127.0.0.1','内网IP','{webId=1, themeName=zgblog}','{\"msg\":\"操作成功\",\"code\":200,\"data\":{\"title\":\"主题配置\",\"tabData\":[{\"label\":\"主题设置\",\"formData\":[{\"label\":\"导航ID:\",\"type\":\"number\",\"prop\":\"oly.web.theme.zgblog.menu.main\"}]},{\"label\":\"右边栏\",\"formData\":[{\"label\":\"推荐条数:\",\"type\":\"number\",\"prop\":\"oly.web.theme.zgblog.post.top\"},{\"label\":\"发布条数:\",\"type\":\"number\",\"prop\":\"oly.web.theme.zgblog.post.now\"},{\"label\":\"阅读条数:\",\"type\":\"number\",\"prop\":\"oly.web.theme.zgblog.post.look\"}]},{\"label\":\"文档设置\",\"formData\":[{\"label\":\"分类ID:\",\"type\":\"number\",\"prop\":\"oly.web.theme.zgblog.docs.catId\"},{\"label\":\"默认文档:\",\"type\":\"number\",\"prop\":\"oly.web.theme.zgblog.docs.defaultPostId\"},{\"label\":\"请求条数:\",\"type\":\"number\",\"prop\":\"oly.web.theme.zgblog.docs.size\"},{\"label\":\"默认排序:\",\"type\":\"radio\",\"prop\":\"oly.web.theme.zgblog.docs.order\",\"dicts\":[{\"value\":\"ASC\",\"label\":\"升序\"},{\"value\":\"DESC\",\"label\":\"降序\"}]}]},{\"label\":\"联盟设置\",\"formData\":[{\"label\":\"请求条数:\",\"type\":\"number\",\"prop\":\"oly.web.theme.zgblog.union.size\"},{\"label\":\"排序方式:\",\"type\":\"radio\",\"prop\":\"oly.web.theme.zgblog.union.order\",\"dicts\":[{\"value\":\"ASC\",\"label\":\"升序\"},{\"value\":\"DESC\",\"label\":\"降序\"}]},{\"label\":\"省钱标签:\",\"type\":\"number\",\"prop\":\"oly.web.theme.zgblog.union.youTag\"},{\"label\":\"福利标签:\",\"type\":\"number\",\"prop\":\"oly.web.theme.zgblog.union.wealTag\"},{\"label\":\"文章条数:\",\"type\":\"number\",\"prop\":\"oly.web.theme.zgblog.union.articleSize\"},{\"label\":\"推荐条数:\",\"type\":\"number\",\"prop\":\"oly.web.theme.zgblog.union.tuiSize\"},{\"label\":\"分类类型:\",\"type\":\"number\",\"prop\":\"oly.web.theme.zgblog.union.catType\"},{\"label\":\"分类ID:\",\"type\":\"number\",\"prop\":\"oly.web.theme.zgblog.union.catId\"}]}]}}',0,NULL,'2022-12-16 21:13:07'),(879,'主题管理',2,'com.grace.web.controller.cms.CmsThemeController.getThemeConfigForm()','GET',1,'admin',NULL,'/cms/theme/getThemeConfigForm/1/zgblog','127.0.0.1','内网IP','{webId=1, themeName=zgblog}','{\"msg\":\"操作成功\",\"code\":200,\"data\":{\"title\":\"主题配置\",\"tabData\":[{\"label\":\"主题设置\",\"formData\":[{\"label\":\"导航ID:\",\"type\":\"number\",\"prop\":\"oly.web.theme.zgblog.menu.main\"}]},{\"label\":\"右边栏\",\"formData\":[{\"label\":\"推荐条数:\",\"type\":\"number\",\"prop\":\"oly.web.theme.zgblog.post.top\"},{\"label\":\"发布条数:\",\"type\":\"number\",\"prop\":\"oly.web.theme.zgblog.post.now\"},{\"label\":\"阅读条数:\",\"type\":\"number\",\"prop\":\"oly.web.theme.zgblog.post.look\"}]},{\"label\":\"文档设置\",\"formData\":[{\"label\":\"分类ID:\",\"type\":\"number\",\"prop\":\"oly.web.theme.zgblog.docs.catId\"},{\"label\":\"默认文档:\",\"type\":\"number\",\"prop\":\"oly.web.theme.zgblog.docs.defaultPostId\"},{\"label\":\"请求条数:\",\"type\":\"number\",\"prop\":\"oly.web.theme.zgblog.docs.size\"},{\"label\":\"默认排序:\",\"type\":\"radio\",\"prop\":\"oly.web.theme.zgblog.docs.order\",\"dicts\":[{\"value\":\"ASC\",\"label\":\"升序\"},{\"value\":\"DESC\",\"label\":\"降序\"}]}]},{\"label\":\"联盟设置\",\"formData\":[{\"label\":\"请求条数:\",\"type\":\"number\",\"prop\":\"oly.web.theme.zgblog.union.size\"},{\"label\":\"排序方式:\",\"type\":\"radio\",\"prop\":\"oly.web.theme.zgblog.union.order\",\"dicts\":[{\"value\":\"ASC\",\"label\":\"升序\"},{\"value\":\"DESC\",\"label\":\"降序\"}]},{\"label\":\"省钱标签:\",\"type\":\"number\",\"prop\":\"oly.web.theme.zgblog.union.youTag\"},{\"label\":\"福利标签:\",\"type\":\"number\",\"prop\":\"oly.web.theme.zgblog.union.wealTag\"},{\"label\":\"文章条数:\",\"type\":\"number\",\"prop\":\"oly.web.theme.zgblog.union.articleSize\"},{\"label\":\"推荐条数:\",\"type\":\"number\",\"prop\":\"oly.web.theme.zgblog.union.tuiSize\"},{\"label\":\"分类类型:\",\"type\":\"number\",\"prop\":\"oly.web.theme.zgblog.union.catType\"},{\"label\":\"分类ID:\",\"type\":\"number\",\"prop\":\"oly.web.theme.zgblog.union.catId\"}]}]}}',0,NULL,'2022-12-16 21:13:32'),(880,'主题管理',2,'com.grace.web.controller.cms.CmsThemeController.updateConfig()','POST',1,'admin',NULL,'/cms/theme/updateConfig/1_zgblog','127.0.0.1','内网IP','{\"oly.web.theme.zgblog.post.look\":\"10\",\"oly.web.article.supportType\":\"0\",\"oly.web.theme.zgblog.docs.order\":\"ASC\",\"oly.web.comment.enable\":\"true\",\"oly.web.title\":\"豆腐干豆腐干\",\"oly.web.theme.zgblog.menu.main\":\"23\",\"oly.web.domain\":\"我惹我\",\"oly.web.logo\":\"/dev-api/server/oss/download/image/2022/12/11/404_20221105135247A001_20221211103627A001.jpg\",\"oly.web.theme.zgblog.union.order\":\"DESC\",\"oly.web.theme.zgblog.post.now\":\"10\",\"oly.web.theme.zgblog.post.top\":\"10\",\"oly.theme.used\":\"true\"} \"1_zgblog\"','{\"msg\":\"操作成功\",\"code\":200}',0,NULL,'2022-12-16 21:13:36'),(881,'主题管理',2,'com.grace.web.controller.cms.CmsThemeController.getThemeConfigForm()','GET',1,'admin',NULL,'/cms/theme/getThemeConfigForm/1/zgblog','127.0.0.1','内网IP','{webId=1, themeName=zgblog}','{\"msg\":\"操作成功\",\"code\":200,\"data\":{\"title\":\"主题配置\",\"tabData\":[{\"label\":\"主题设置\",\"formData\":[{\"label\":\"导航ID:\",\"type\":\"number\",\"prop\":\"oly.web.theme.zgblog.menu.main\"}]},{\"label\":\"右边栏\",\"formData\":[{\"label\":\"推荐条数:\",\"type\":\"number\",\"prop\":\"oly.web.theme.zgblog.post.top\"},{\"label\":\"发布条数:\",\"type\":\"number\",\"prop\":\"oly.web.theme.zgblog.post.now\"},{\"label\":\"阅读条数:\",\"type\":\"number\",\"prop\":\"oly.web.theme.zgblog.post.look\"}]},{\"label\":\"文档设置\",\"formData\":[{\"label\":\"分类ID:\",\"type\":\"number\",\"prop\":\"oly.web.theme.zgblog.docs.catId\"},{\"label\":\"默认文档:\",\"type\":\"number\",\"prop\":\"oly.web.theme.zgblog.docs.defaultPostId\"},{\"label\":\"请求条数:\",\"type\":\"number\",\"prop\":\"oly.web.theme.zgblog.docs.size\"},{\"label\":\"默认排序:\",\"type\":\"radio\",\"prop\":\"oly.web.theme.zgblog.docs.order\",\"dicts\":[{\"value\":\"ASC\",\"label\":\"升序\"},{\"value\":\"DESC\",\"label\":\"降序\"}]}]},{\"label\":\"联盟设置\",\"formData\":[{\"label\":\"请求条数:\",\"type\":\"number\",\"prop\":\"oly.web.theme.zgblog.union.size\"},{\"label\":\"排序方式:\",\"type\":\"radio\",\"prop\":\"oly.web.theme.zgblog.union.order\",\"dicts\":[{\"value\":\"ASC\",\"label\":\"升序\"},{\"value\":\"DESC\",\"label\":\"降序\"}]},{\"label\":\"省钱标签:\",\"type\":\"number\",\"prop\":\"oly.web.theme.zgblog.union.youTag\"},{\"label\":\"福利标签:\",\"type\":\"number\",\"prop\":\"oly.web.theme.zgblog.union.wealTag\"},{\"label\":\"文章条数:\",\"type\":\"number\",\"prop\":\"oly.web.theme.zgblog.union.articleSize\"},{\"label\":\"推荐条数:\",\"type\":\"number\",\"prop\":\"oly.web.theme.zgblog.union.tuiSize\"},{\"label\":\"分类类型:\",\"type\":\"number\",\"prop\":\"oly.web.theme.zgblog.union.catType\"},{\"label\":\"分类ID:\",\"type\":\"number\",\"prop\":\"oly.web.theme.zgblog.union.catId\"}]}]}}',0,NULL,'2022-12-16 21:13:43'),(882,'主题管理',2,'com.grace.web.controller.cms.CmsThemeController.updateConfig()','POST',1,'admin',NULL,'/cms/theme/updateConfig/1_zgblog','127.0.0.1','内网IP','{\"oly.web.theme.zgblog.post.look\":\"10\",\"oly.web.article.supportType\":\"0\",\"oly.web.theme.zgblog.docs.order\":\"ASC\",\"oly.web.comment.enable\":\"true\",\"oly.web.title\":\"豆腐干豆腐干\",\"oly.web.theme.zgblog.menu.main\":\"23\",\"oly.web.domain\":\"我惹我\",\"oly.web.logo\":\"/dev-api/server/oss/download/image/2022/12/11/404_20221105135247A001_20221211103627A001.jpg\",\"oly.web.theme.zgblog.union.order\":\"DESC\",\"oly.web.theme.zgblog.post.now\":\"10\",\"oly.web.theme.zgblog.post.top\":\"10\",\"oly.theme.used\":\"true\"} \"1_zgblog\"','{\"msg\":\"操作成功\",\"code\":200}',0,NULL,'2022-12-16 21:13:48'),(883,'主题管理',2,'com.grace.web.controller.cms.CmsThemeController.getThemeConfigForm()','GET',1,'admin',NULL,'/cms/theme/getThemeConfigForm/1/zgblog','127.0.0.1','内网IP','{webId=1, themeName=zgblog}','{\"msg\":\"操作成功\",\"code\":200,\"data\":{\"title\":\"主题配置\",\"tabData\":[{\"label\":\"主题设置\",\"formData\":[{\"label\":\"导航ID:\",\"type\":\"number\",\"prop\":\"oly.web.theme.zgblog.menu.main\"}]},{\"label\":\"右边栏\",\"formData\":[{\"label\":\"推荐条数:\",\"type\":\"number\",\"prop\":\"oly.web.theme.zgblog.post.top\"},{\"label\":\"发布条数:\",\"type\":\"number\",\"prop\":\"oly.web.theme.zgblog.post.now\"},{\"label\":\"阅读条数:\",\"type\":\"number\",\"prop\":\"oly.web.theme.zgblog.post.look\"}]},{\"label\":\"文档设置\",\"formData\":[{\"label\":\"分类ID:\",\"type\":\"number\",\"prop\":\"oly.web.theme.zgblog.docs.catId\"},{\"label\":\"默认文档:\",\"type\":\"number\",\"prop\":\"oly.web.theme.zgblog.docs.defaultPostId\"},{\"label\":\"请求条数:\",\"type\":\"number\",\"prop\":\"oly.web.theme.zgblog.docs.size\"},{\"label\":\"默认排序:\",\"type\":\"radio\",\"prop\":\"oly.web.theme.zgblog.docs.order\",\"dicts\":[{\"value\":\"ASC\",\"label\":\"升序\"},{\"value\":\"DESC\",\"label\":\"降序\"}]}]},{\"label\":\"联盟设置\",\"formData\":[{\"label\":\"请求条数:\",\"type\":\"number\",\"prop\":\"oly.web.theme.zgblog.union.size\"},{\"label\":\"排序方式:\",\"type\":\"radio\",\"prop\":\"oly.web.theme.zgblog.union.order\",\"dicts\":[{\"value\":\"ASC\",\"label\":\"升序\"},{\"value\":\"DESC\",\"label\":\"降序\"}]},{\"label\":\"省钱标签:\",\"type\":\"number\",\"prop\":\"oly.web.theme.zgblog.union.youTag\"},{\"label\":\"福利标签:\",\"type\":\"number\",\"prop\":\"oly.web.theme.zgblog.union.wealTag\"},{\"label\":\"文章条数:\",\"type\":\"number\",\"prop\":\"oly.web.theme.zgblog.union.articleSize\"},{\"label\":\"推荐条数:\",\"type\":\"number\",\"prop\":\"oly.web.theme.zgblog.union.tuiSize\"},{\"label\":\"分类类型:\",\"type\":\"number\",\"prop\":\"oly.web.theme.zgblog.union.catType\"},{\"label\":\"分类ID:\",\"type\":\"number\",\"prop\":\"oly.web.theme.zgblog.union.catId\"}]}]}}',0,NULL,'2022-12-16 21:36:24'),(884,'主题管理',2,'com.grace.web.controller.cms.CmsThemeController.updateConfig()','POST',1,'admin',NULL,'/cms/theme/updateConfig/1_zgblog','127.0.0.1','内网IP','{\"oly.web.theme.zgblog.post.look\":\"10\",\"oly.web.article.supportType\":\"0\",\"oly.web.theme.zgblog.docs.order\":\"ASC\",\"oly.web.comment.enable\":\"true\",\"oly.web.title\":\"豆腐干豆腐干\",\"oly.web.theme.zgblog.menu.main\":\"23\",\"oly.web.domain\":\"我惹我\",\"oly.web.logo\":\"/dev-api/server/oss/download/image/2022/12/11/404_20221105135247A001_20221211103627A001.jpg\",\"oly.web.theme.zgblog.union.order\":\"ASC\",\"oly.web.theme.zgblog.post.now\":\"10\",\"oly.web.theme.zgblog.post.top\":\"10\",\"oly.theme.used\":\"true\"} \"1_zgblog\"','{\"msg\":\"操作成功\",\"code\":200}',0,NULL,'2022-12-16 21:36:31'),(885,'主题管理',2,'com.grace.web.controller.cms.CmsThemeController.getThemeConfigForm()','GET',1,'admin',NULL,'/cms/theme/getThemeConfigForm/1/zgblog','127.0.0.1','内网IP','{webId=1, themeName=zgblog}','{\"msg\":\"操作成功\",\"code\":200,\"data\":{\"title\":\"主题配置\",\"tabData\":[{\"label\":\"主题设置\",\"formData\":[{\"label\":\"导航ID:\",\"type\":\"number\",\"prop\":\"oly.web.theme.zgblog.menu.main\"}]},{\"label\":\"右边栏\",\"formData\":[{\"label\":\"推荐条数:\",\"type\":\"number\",\"prop\":\"oly.web.theme.zgblog.post.top\"},{\"label\":\"发布条数:\",\"type\":\"number\",\"prop\":\"oly.web.theme.zgblog.post.now\"},{\"label\":\"阅读条数:\",\"type\":\"number\",\"prop\":\"oly.web.theme.zgblog.post.look\"}]},{\"label\":\"文档设置\",\"formData\":[{\"label\":\"分类ID:\",\"type\":\"number\",\"prop\":\"oly.web.theme.zgblog.docs.catId\"},{\"label\":\"默认文档:\",\"type\":\"number\",\"prop\":\"oly.web.theme.zgblog.docs.defaultPostId\"},{\"label\":\"请求条数:\",\"type\":\"number\",\"prop\":\"oly.web.theme.zgblog.docs.size\"},{\"label\":\"默认排序:\",\"type\":\"radio\",\"prop\":\"oly.web.theme.zgblog.docs.order\",\"dicts\":[{\"value\":\"ASC\",\"label\":\"升序\"},{\"value\":\"DESC\",\"label\":\"降序\"}]}]},{\"label\":\"联盟设置\",\"formData\":[{\"label\":\"请求条数:\",\"type\":\"number\",\"prop\":\"oly.web.theme.zgblog.union.size\"},{\"label\":\"排序方式:\",\"type\":\"radio\",\"prop\":\"oly.web.theme.zgblog.union.order\",\"dicts\":[{\"value\":\"ASC\",\"label\":\"升序\"},{\"value\":\"DESC\",\"label\":\"降序\"}]},{\"label\":\"省钱标签:\",\"type\":\"number\",\"prop\":\"oly.web.theme.zgblog.union.youTag\"},{\"label\":\"福利标签:\",\"type\":\"number\",\"prop\":\"oly.web.theme.zgblog.union.wealTag\"},{\"label\":\"文章条数:\",\"type\":\"number\",\"prop\":\"oly.web.theme.zgblog.union.articleSize\"},{\"label\":\"推荐条数:\",\"type\":\"number\",\"prop\":\"oly.web.theme.zgblog.union.tuiSize\"},{\"label\":\"分类类型:\",\"type\":\"number\",\"prop\":\"oly.web.theme.zgblog.union.catType\"},{\"label\":\"分类ID:\",\"type\":\"number\",\"prop\":\"oly.web.theme.zgblog.union.catId\"}]}]}}',0,NULL,'2022-12-16 21:40:20'),(886,'主题管理',2,'com.grace.web.controller.cms.CmsThemeController.updateConfig()','POST',1,'admin',NULL,'/cms/theme/updateConfig/1_zgblog','127.0.0.1','内网IP','{\"oly.web.theme.zgblog.post.look\":\"10\",\"oly.web.article.supportType\":\"0\",\"oly.web.theme.zgblog.docs.order\":\"ASC\",\"oly.web.comment.enable\":\"true\",\"oly.web.title\":\"豆腐干豆腐干\",\"oly.web.theme.zgblog.menu.main\":\"23\",\"oly.web.domain\":\"我惹我\",\"oly.web.logo\":\"/dev-api/server/oss/download/image/2022/12/11/404_20221105135247A001_20221211103627A001.jpg\",\"oly.web.theme.zgblog.union.order\":\"ASC\",\"oly.web.theme.zgblog.post.now\":\"10\",\"oly.web.theme.zgblog.post.top\":\"10\",\"oly.theme.used\":\"true\"} \"1_zgblog\"','{\"msg\":\"操作成功\",\"code\":200}',0,NULL,'2022-12-16 21:40:31'),(887,'主题管理',2,'com.grace.web.controller.cms.CmsThemeController.getThemeConfigForm()','GET',1,'admin',NULL,'/cms/theme/getThemeConfigForm/1/zgblog','127.0.0.1','内网IP','{webId=1, themeName=zgblog}','{\"msg\":\"操作成功\",\"code\":200,\"data\":{\"title\":\"主题配置\",\"tabData\":[{\"label\":\"主题设置\",\"formData\":[{\"label\":\"导航ID:\",\"type\":\"number\",\"prop\":\"oly.web.theme.zgblog.menu.main\"}]},{\"label\":\"右边栏\",\"formData\":[{\"label\":\"推荐条数:\",\"type\":\"number\",\"prop\":\"oly.web.theme.zgblog.post.top\"},{\"label\":\"发布条数:\",\"type\":\"number\",\"prop\":\"oly.web.theme.zgblog.post.now\"},{\"label\":\"阅读条数:\",\"type\":\"number\",\"prop\":\"oly.web.theme.zgblog.post.look\"}]},{\"label\":\"文档设置\",\"formData\":[{\"label\":\"分类ID:\",\"type\":\"number\",\"prop\":\"oly.web.theme.zgblog.docs.catId\"},{\"label\":\"默认文档:\",\"type\":\"number\",\"prop\":\"oly.web.theme.zgblog.docs.defaultPostId\"},{\"label\":\"请求条数:\",\"type\":\"number\",\"prop\":\"oly.web.theme.zgblog.docs.size\"},{\"label\":\"默认排序:\",\"type\":\"radio\",\"prop\":\"oly.web.theme.zgblog.docs.order\",\"dicts\":[{\"value\":\"ASC\",\"label\":\"升序\"},{\"value\":\"DESC\",\"label\":\"降序\"}]}]},{\"label\":\"联盟设置\",\"formData\":[{\"label\":\"请求条数:\",\"type\":\"number\",\"prop\":\"oly.web.theme.zgblog.union.size\"},{\"label\":\"排序方式:\",\"type\":\"radio\",\"prop\":\"oly.web.theme.zgblog.union.order\",\"dicts\":[{\"value\":\"ASC\",\"label\":\"升序\"},{\"value\":\"DESC\",\"label\":\"降序\"}]},{\"label\":\"省钱标签:\",\"type\":\"number\",\"prop\":\"oly.web.theme.zgblog.union.youTag\"},{\"label\":\"福利标签:\",\"type\":\"number\",\"prop\":\"oly.web.theme.zgblog.union.wealTag\"},{\"label\":\"文章条数:\",\"type\":\"number\",\"prop\":\"oly.web.theme.zgblog.union.articleSize\"},{\"label\":\"推荐条数:\",\"type\":\"number\",\"prop\":\"oly.web.theme.zgblog.union.tuiSize\"},{\"label\":\"分类类型:\",\"type\":\"number\",\"prop\":\"oly.web.theme.zgblog.union.catType\"},{\"label\":\"分类ID:\",\"type\":\"number\",\"prop\":\"oly.web.theme.zgblog.union.catId\"}]}]}}',0,NULL,'2022-12-16 22:05:55'),(888,'内容菜单',2,'com.grace.web.controller.cms.CmsColumnController.edit()','PUT',1,'admin',NULL,'/cms/column','127.0.0.1','内网IP','{\"ancestors\":\"0,23\",\"columnId\":24,\"columnName\":\"我是子节点\",\"columnType\":1,\"createBy\":\"admin\",\"createTime\":\"2022-11-22 10:22:47\",\"description\":\"\",\"keywords\":\"\",\"openType\":0,\"orderNum\":0,\"params\":{},\"parent\":1,\"parentId\":23,\"perms\":\"\",\"updateBy\":\"admin\",\"updateTime\":\"2022-12-01 19:44:08\",\"visible\":0}','{\"msg\":\"操作成功\",\"code\":200}',0,NULL,'2022-12-16 22:15:14'),(889,'内容菜单',2,'com.grace.web.controller.cms.CmsColumnController.edit()','PUT',1,'admin',NULL,'/cms/column','127.0.0.1','内网IP','{\"ancestors\":\"0,23\",\"columnId\":24,\"columnName\":\"我是子节点\",\"columnType\":1,\"createBy\":\"admin\",\"createTime\":\"2022-11-22 10:22:47\",\"description\":\"\",\"keywords\":\"\",\"openType\":0,\"orderNum\":0,\"params\":{},\"parent\":1,\"parentId\":23,\"perms\":\"\",\"updateBy\":\"admin\",\"updateTime\":\"2022-12-16 22:15:14\",\"visible\":0}','{\"msg\":\"操作成功\",\"code\":200}',0,NULL,'2022-12-16 22:15:18'),(890,'主题管理',2,'com.grace.web.controller.cms.CmsThemeController.getThemeConfigForm()','GET',1,'admin',NULL,'/cms/theme/getThemeConfigForm/1/zgblog','127.0.0.1','内网IP','{webId=1, themeName=zgblog}','{\"msg\":\"操作成功\",\"code\":200,\"data\":{\"title\":\"主题配置\",\"tabData\":[{\"label\":\"主题设置\",\"formData\":[{\"label\":\"导航ID:\",\"type\":\"number\",\"prop\":\"oly.web.theme.zgblog.menu.main\"}]},{\"label\":\"右边栏\",\"formData\":[{\"label\":\"推荐条数:\",\"type\":\"number\",\"prop\":\"oly.web.theme.zgblog.post.top\"},{\"label\":\"发布条数:\",\"type\":\"number\",\"prop\":\"oly.web.theme.zgblog.post.now\"},{\"label\":\"阅读条数:\",\"type\":\"number\",\"prop\":\"oly.web.theme.zgblog.post.look\"}]},{\"label\":\"文档设置\",\"formData\":[{\"label\":\"分类ID:\",\"type\":\"number\",\"prop\":\"oly.web.theme.zgblog.docs.catId\"},{\"label\":\"默认文档:\",\"type\":\"number\",\"prop\":\"oly.web.theme.zgblog.docs.defaultPostId\"},{\"label\":\"请求条数:\",\"type\":\"number\",\"prop\":\"oly.web.theme.zgblog.docs.size\"},{\"label\":\"默认排序:\",\"type\":\"radio\",\"prop\":\"oly.web.theme.zgblog.docs.order\",\"dicts\":[{\"value\":\"ASC\",\"label\":\"升序\"},{\"value\":\"DESC\",\"label\":\"降序\"}]}]},{\"label\":\"联盟设置\",\"formData\":[{\"label\":\"请求条数:\",\"type\":\"number\",\"prop\":\"oly.web.theme.zgblog.union.size\"},{\"label\":\"排序方式:\",\"type\":\"radio\",\"prop\":\"oly.web.theme.zgblog.union.order\",\"dicts\":[{\"value\":\"ASC\",\"label\":\"升序\"},{\"value\":\"DESC\",\"label\":\"降序\"}]},{\"label\":\"省钱标签:\",\"type\":\"number\",\"prop\":\"oly.web.theme.zgblog.union.youTag\"},{\"label\":\"福利标签:\",\"type\":\"number\",\"prop\":\"oly.web.theme.zgblog.union.wealTag\"},{\"label\":\"文章条数:\",\"type\":\"number\",\"prop\":\"oly.web.theme.zgblog.union.articleSize\"},{\"label\":\"推荐条数:\",\"type\":\"number\",\"prop\":\"oly.web.theme.zgblog.union.tuiSize\"},{\"label\":\"分类类型:\",\"type\":\"number\",\"prop\":\"oly.web.theme.zgblog.union.catType\"},{\"label\":\"分类ID:\",\"type\":\"number\",\"prop\":\"oly.web.theme.zgblog.union.catId\"}]}]}}',0,NULL,'2022-12-16 22:15:57'),(891,'主题管理',2,'com.grace.web.controller.cms.CmsThemeController.updateConfig()','POST',1,'admin',NULL,'/cms/theme/updateConfig/1_zgblog','127.0.0.1','内网IP','{\"oly.web.theme.zgblog.post.look\":\"10\",\"oly.web.article.supportType\":\"0\",\"oly.web.theme.zgblog.docs.order\":\"ASC\",\"oly.web.comment.enable\":\"true\",\"oly.web.title\":\"豆腐干豆腐干\",\"oly.web.theme.zgblog.menu.main\":\"24\",\"oly.web.domain\":\"我惹我\",\"oly.web.logo\":\"/dev-api/server/oss/download/image/2022/12/11/404_20221105135247A001_20221211103627A001.jpg\",\"oly.web.theme.zgblog.union.order\":\"ASC\",\"oly.web.theme.zgblog.post.now\":\"10\",\"oly.web.theme.zgblog.post.top\":\"10\",\"oly.theme.used\":\"true\"} \"1_zgblog\"','{\"msg\":\"操作成功\",\"code\":200}',0,NULL,'2022-12-16 22:16:05'),(892,'主题管理',2,'com.grace.web.controller.cms.CmsThemeController.getThemeConfigForm()','GET',1,'admin',NULL,'/cms/theme/getThemeConfigForm/1/zgblog','127.0.0.1','内网IP','{webId=1, themeName=zgblog}','{\"msg\":\"操作成功\",\"code\":200,\"data\":{\"title\":\"主题配置\",\"tabData\":[{\"label\":\"主题设置\",\"formData\":[{\"label\":\"导航ID:\",\"type\":\"number\",\"prop\":\"oly.web.theme.zgblog.menu.main\"}]},{\"label\":\"右边栏\",\"formData\":[{\"label\":\"推荐条数:\",\"type\":\"number\",\"prop\":\"oly.web.theme.zgblog.post.top\"},{\"label\":\"发布条数:\",\"type\":\"number\",\"prop\":\"oly.web.theme.zgblog.post.now\"},{\"label\":\"阅读条数:\",\"type\":\"number\",\"prop\":\"oly.web.theme.zgblog.post.look\"}]},{\"label\":\"文档设置\",\"formData\":[{\"label\":\"分类ID:\",\"type\":\"number\",\"prop\":\"oly.web.theme.zgblog.docs.catId\"},{\"label\":\"默认文档:\",\"type\":\"number\",\"prop\":\"oly.web.theme.zgblog.docs.defaultPostId\"},{\"label\":\"请求条数:\",\"type\":\"number\",\"prop\":\"oly.web.theme.zgblog.docs.size\"},{\"label\":\"默认排序:\",\"type\":\"radio\",\"prop\":\"oly.web.theme.zgblog.docs.order\",\"dicts\":[{\"value\":\"ASC\",\"label\":\"升序\"},{\"value\":\"DESC\",\"label\":\"降序\"}]}]},{\"label\":\"联盟设置\",\"formData\":[{\"label\":\"请求条数:\",\"type\":\"number\",\"prop\":\"oly.web.theme.zgblog.union.size\"},{\"label\":\"排序方式:\",\"type\":\"radio\",\"prop\":\"oly.web.theme.zgblog.union.order\",\"dicts\":[{\"value\":\"ASC\",\"label\":\"升序\"},{\"value\":\"DESC\",\"label\":\"降序\"}]},{\"label\":\"省钱标签:\",\"type\":\"number\",\"prop\":\"oly.web.theme.zgblog.union.youTag\"},{\"label\":\"福利标签:\",\"type\":\"number\",\"prop\":\"oly.web.theme.zgblog.union.wealTag\"},{\"label\":\"文章条数:\",\"type\":\"number\",\"prop\":\"oly.web.theme.zgblog.union.articleSize\"},{\"label\":\"推荐条数:\",\"type\":\"number\",\"prop\":\"oly.web.theme.zgblog.union.tuiSize\"},{\"label\":\"分类类型:\",\"type\":\"number\",\"prop\":\"oly.web.theme.zgblog.union.catType\"},{\"label\":\"分类ID:\",\"type\":\"number\",\"prop\":\"oly.web.theme.zgblog.union.catId\"}]}]}}',0,NULL,'2022-12-16 22:16:25'),(893,'主题管理',2,'com.grace.web.controller.cms.CmsThemeController.updateConfig()','POST',1,'admin',NULL,'/cms/theme/updateConfig/1_zgblog','127.0.0.1','内网IP','{\"oly.web.theme.zgblog.post.look\":\"10\",\"oly.web.article.supportType\":\"0\",\"oly.web.theme.zgblog.docs.order\":\"ASC\",\"oly.web.comment.enable\":\"true\",\"oly.web.title\":\"豆腐干豆腐干\",\"oly.web.theme.zgblog.menu.main\":\"23\",\"oly.web.domain\":\"我惹我\",\"oly.web.logo\":\"/dev-api/server/oss/download/image/2022/12/11/404_20221105135247A001_20221211103627A001.jpg\",\"oly.web.theme.zgblog.union.order\":\"ASC\",\"oly.web.theme.zgblog.post.now\":\"10\",\"oly.web.theme.zgblog.post.top\":\"10\",\"oly.theme.used\":\"true\"} \"1_zgblog\"','{\"msg\":\"操作成功\",\"code\":200}',0,NULL,'2022-12-16 22:16:29'),(894,'主题管理',2,'com.grace.web.controller.cms.CmsThemeController.getThemeConfigForm()','GET',1,'admin',NULL,'/cms/theme/getThemeConfigForm/1/zgblog','127.0.0.1','内网IP','{webId=1, themeName=zgblog}','{\"msg\":\"操作成功\",\"code\":200,\"data\":{\"title\":\"主题配置\",\"tabData\":[{\"label\":\"主题设置\",\"formData\":[{\"label\":\"导航ID:\",\"type\":\"number\",\"prop\":\"oly.web.theme.zgblog.menu.main\"}]},{\"label\":\"右边栏\",\"formData\":[{\"label\":\"推荐条数:\",\"type\":\"number\",\"prop\":\"oly.web.theme.zgblog.post.top\"},{\"label\":\"发布条数:\",\"type\":\"number\",\"prop\":\"oly.web.theme.zgblog.post.now\"},{\"label\":\"阅读条数:\",\"type\":\"number\",\"prop\":\"oly.web.theme.zgblog.post.look\"}]},{\"label\":\"文档设置\",\"formData\":[{\"label\":\"分类ID:\",\"type\":\"number\",\"prop\":\"oly.web.theme.zgblog.docs.catId\"},{\"label\":\"默认文档:\",\"type\":\"number\",\"prop\":\"oly.web.theme.zgblog.docs.defaultPostId\"},{\"label\":\"请求条数:\",\"type\":\"number\",\"prop\":\"oly.web.theme.zgblog.docs.size\"},{\"label\":\"默认排序:\",\"type\":\"radio\",\"prop\":\"oly.web.theme.zgblog.docs.order\",\"dicts\":[{\"value\":\"ASC\",\"label\":\"升序\"},{\"value\":\"DESC\",\"label\":\"降序\"}]}]},{\"label\":\"联盟设置\",\"formData\":[{\"label\":\"请求条数:\",\"type\":\"number\",\"prop\":\"oly.web.theme.zgblog.union.size\"},{\"label\":\"排序方式:\",\"type\":\"radio\",\"prop\":\"oly.web.theme.zgblog.union.order\",\"dicts\":[{\"value\":\"ASC\",\"label\":\"升序\"},{\"value\":\"DESC\",\"label\":\"降序\"}]},{\"label\":\"省钱标签:\",\"type\":\"number\",\"prop\":\"oly.web.theme.zgblog.union.youTag\"},{\"label\":\"福利标签:\",\"type\":\"number\",\"prop\":\"oly.web.theme.zgblog.union.wealTag\"},{\"label\":\"文章条数:\",\"type\":\"number\",\"prop\":\"oly.web.theme.zgblog.union.articleSize\"},{\"label\":\"推荐条数:\",\"type\":\"number\",\"prop\":\"oly.web.theme.zgblog.union.tuiSize\"},{\"label\":\"分类类型:\",\"type\":\"number\",\"prop\":\"oly.web.theme.zgblog.union.catType\"},{\"label\":\"分类ID:\",\"type\":\"number\",\"prop\":\"oly.web.theme.zgblog.union.catId\"}]}]}}',0,NULL,'2022-12-17 09:28:06'),(895,'参数管理',2,'com.grace.web.controller.system.SysConfigController.edit()','PUT',1,'admin',NULL,'/system/config','127.0.0.1','内网IP','{\"configGroup\":\"1_zgblog\",\"configId\":132,\"configKey\":\"oly.web.theme.zgblog.menu.main\",\"configName\":\"主导航\",\"configType\":\"N\",\"configValue\":\"23\",\"configValueType\":0,\"createBy\":\"\",\"createTime\":\"2022-12-09 13:40:44\",\"params\":{},\"remark\":\"主导航根节点\",\"updateBy\":\"admin\",\"updateTime\":\"2022-12-16 22:16:29\"}','{\"msg\":\"操作成功\",\"code\":200}',0,NULL,'2022-12-17 09:30:18'),(896,'参数管理',9,'com.grace.web.controller.system.SysConfigController.refreshCache()','DELETE',1,'admin',NULL,'/system/config/refreshCache','127.0.0.1','内网IP','{}','{\"msg\":\"操作成功\",\"code\":200}',0,NULL,'2022-12-17 09:30:20'),(897,'参数管理',2,'com.grace.web.controller.system.SysConfigController.edit()','PUT',1,'admin',NULL,'/system/config','127.0.0.1','内网IP','{\"configGroup\":\"1_zgblog\",\"configId\":132,\"configKey\":\"oly.web.theme.zgblog.menu.main\",\"configName\":\"主导航\",\"configType\":\"N\",\"configValue\":\"23\",\"configValueType\":3,\"createBy\":\"\",\"createTime\":\"2022-12-09 13:40:44\",\"params\":{},\"remark\":\"主导航根节点\",\"updateBy\":\"admin\",\"updateTime\":\"2022-12-17 09:30:18\"}','{\"msg\":\"操作成功\",\"code\":200}',0,NULL,'2022-12-17 09:38:31'),(898,'参数管理',9,'com.grace.web.controller.system.SysConfigController.refreshCache()','DELETE',1,'admin',NULL,'/system/config/refreshCache','127.0.0.1','内网IP','{}','{\"msg\":\"操作成功\",\"code\":200}',0,NULL,'2022-12-17 09:38:50'),(899,'参数管理',9,'com.grace.web.controller.system.SysConfigController.refreshCache()','DELETE',1,'admin',NULL,'/system/config/refreshCache','127.0.0.1','内网IP','{}','{\"msg\":\"操作成功\",\"code\":200}',0,NULL,'2022-12-17 09:41:46'),(900,'参数管理',9,'com.grace.web.controller.system.SysConfigController.refreshCache()','DELETE',1,'admin',NULL,'/system/config/refreshCache','127.0.0.1','内网IP','{}','{\"msg\":\"操作成功\",\"code\":200}',0,NULL,'2022-12-17 09:41:46'),(901,'参数管理',9,'com.grace.web.controller.system.SysConfigController.refreshCache()','DELETE',1,'admin',NULL,'/system/config/refreshCache','127.0.0.1','内网IP','{}','{\"msg\":\"操作成功\",\"code\":200}',0,NULL,'2022-12-17 09:41:47'),(902,'参数管理',2,'com.grace.web.controller.system.SysConfigController.edit()','PUT',1,'admin',NULL,'/system/config','127.0.0.1','内网IP','{\"configGroup\":\"1_zgblog\",\"configId\":132,\"configKey\":\"oly.web.theme.zgblog.menu.main\",\"configName\":\"主导航\",\"configType\":\"N\",\"configValue\":\"23\",\"configValueType\":3,\"createBy\":\"\",\"createTime\":\"2022-12-09 13:40:44\",\"params\":{},\"remark\":\"主导航根节点\",\"updateBy\":\"admin\",\"updateTime\":\"2022-12-17 09:38:31\"}','{\"msg\":\"操作成功\",\"code\":200}',0,NULL,'2022-12-17 09:42:02');
/*!40000 ALTER TABLE `sys_oper_log` ENABLE KEYS */;
UNLOCK TABLES;

--
-- Table structure for table `sys_post`
--

DROP TABLE IF EXISTS `sys_post`;
/*!40101 SET @saved_cs_client     = @@character_set_client */;
 SET character_set_client = utf8mb4 ;
CREATE TABLE `sys_post` (
  `post_id` bigint(20) NOT NULL AUTO_INCREMENT COMMENT '岗位ID',
  `post_code` varchar(64) NOT NULL COMMENT '岗位编码',
  `post_name` varchar(50) NOT NULL COMMENT '岗位名称',
  `post_sort` int(4) NOT NULL COMMENT '显示顺序',
  `status` char(1) NOT NULL COMMENT '状态（0正常 1停用）',
  `create_by` varchar(64) DEFAULT '' COMMENT '创建者',
  `create_time` datetime DEFAULT NULL COMMENT '创建时间',
  `update_by` varchar(64) DEFAULT '' COMMENT '更新者',
  `update_time` datetime DEFAULT NULL COMMENT '更新时间',
  `remark` varchar(500) DEFAULT NULL COMMENT '备注',
  PRIMARY KEY (`post_id`)
) ENGINE=InnoDB AUTO_INCREMENT=5 DEFAULT CHARSET=utf8mb4 COLLATE=utf8mb4_0900_ai_ci COMMENT='岗位信息表';
/*!40101 SET character_set_client = @saved_cs_client */;

--
-- Dumping data for table `sys_post`
--

LOCK TABLES `sys_post` WRITE;
/*!40000 ALTER TABLE `sys_post` DISABLE KEYS */;
INSERT INTO `sys_post` VALUES (1,'ceo','董事长',1,'0','admin','2022-10-13 22:28:18','',NULL,''),(2,'se','项目经理',2,'0','admin','2022-10-13 22:28:18','',NULL,''),(3,'hr','人力资源',3,'0','admin','2022-10-13 22:28:18','',NULL,''),(4,'user','普通员工',4,'0','admin','2022-10-13 22:28:18','',NULL,'');
/*!40000 ALTER TABLE `sys_post` ENABLE KEYS */;
UNLOCK TABLES;

--
-- Table structure for table `sys_role`
--

DROP TABLE IF EXISTS `sys_role`;
/*!40101 SET @saved_cs_client     = @@character_set_client */;
 SET character_set_client = utf8mb4 ;
CREATE TABLE `sys_role` (
  `role_id` bigint(20) NOT NULL AUTO_INCREMENT COMMENT '角色ID',
  `role_name` varchar(30) NOT NULL COMMENT '角色名称',
  `role_key` varchar(100) NOT NULL COMMENT '角色权限字符串',
  `role_sort` int(4) NOT NULL COMMENT '显示顺序',
  `data_scope` char(1) DEFAULT '1' COMMENT '数据范围（1：全部数据权限 2：自定数据权限 3：本部门数据权限 4：本部门及以下数据权限）',
  `menu_check_strictly` tinyint(1) DEFAULT '1' COMMENT '菜单树选择项是否关联显示',
  `dept_check_strictly` tinyint(1) DEFAULT '1' COMMENT '部门树选择项是否关联显示',
  `status` char(1) NOT NULL COMMENT '角色状态（0正常 1停用）',
  `del_flag` char(1) DEFAULT '0' COMMENT '删除标志（0代表存在 2代表删除）',
  `create_by` varchar(64) DEFAULT '' COMMENT '创建者',
  `create_time` datetime DEFAULT NULL COMMENT '创建时间',
  `update_by` varchar(64) DEFAULT '' COMMENT '更新者',
  `update_time` datetime DEFAULT NULL COMMENT '更新时间',
  `remark` varchar(500) DEFAULT NULL COMMENT '备注',
  PRIMARY KEY (`role_id`)
) ENGINE=InnoDB AUTO_INCREMENT=100 DEFAULT CHARSET=utf8mb4 COLLATE=utf8mb4_0900_ai_ci COMMENT='角色信息表';
/*!40101 SET character_set_client = @saved_cs_client */;

--
-- Dumping data for table `sys_role`
--

LOCK TABLES `sys_role` WRITE;
/*!40000 ALTER TABLE `sys_role` DISABLE KEYS */;
INSERT INTO `sys_role` VALUES (1,'超级管理员','admin',1,'1',1,1,'0','0','admin','2022-10-13 22:28:18','',NULL,'超级管理员'),(2,'普通角色','common',2,'2',0,0,'0','0','admin','2022-10-13 22:28:18','admin','2022-11-18 19:06:09','普通角色');
/*!40000 ALTER TABLE `sys_role` ENABLE KEYS */;
UNLOCK TABLES;

--
-- Table structure for table `sys_role_dept`
--

DROP TABLE IF EXISTS `sys_role_dept`;
/*!40101 SET @saved_cs_client     = @@character_set_client */;
 SET character_set_client = utf8mb4 ;
CREATE TABLE `sys_role_dept` (
  `role_id` bigint(20) NOT NULL COMMENT '角色ID',
  `dept_id` bigint(20) NOT NULL COMMENT '部门ID',
  PRIMARY KEY (`role_id`,`dept_id`)
) ENGINE=InnoDB DEFAULT CHARSET=utf8mb4 COLLATE=utf8mb4_0900_ai_ci COMMENT='角色和部门关联表';
/*!40101 SET character_set_client = @saved_cs_client */;

--
-- Dumping data for table `sys_role_dept`
--

LOCK TABLES `sys_role_dept` WRITE;
/*!40000 ALTER TABLE `sys_role_dept` DISABLE KEYS */;
INSERT INTO `sys_role_dept` VALUES (2,100),(2,101),(2,105);
/*!40000 ALTER TABLE `sys_role_dept` ENABLE KEYS */;
UNLOCK TABLES;

--
-- Table structure for table `sys_role_menu`
--

DROP TABLE IF EXISTS `sys_role_menu`;
/*!40101 SET @saved_cs_client     = @@character_set_client */;
 SET character_set_client = utf8mb4 ;
CREATE TABLE `sys_role_menu` (
  `role_id` bigint(20) NOT NULL COMMENT '角色ID',
  `menu_id` bigint(20) NOT NULL COMMENT '菜单ID',
  PRIMARY KEY (`role_id`,`menu_id`)
) ENGINE=InnoDB DEFAULT CHARSET=utf8mb4 COLLATE=utf8mb4_0900_ai_ci COMMENT='角色和菜单关联表';
/*!40101 SET character_set_client = @saved_cs_client */;

--
-- Dumping data for table `sys_role_menu`
--

LOCK TABLES `sys_role_menu` WRITE;
/*!40000 ALTER TABLE `sys_role_menu` DISABLE KEYS */;
INSERT INTO `sys_role_menu` VALUES (2,1),(2,2),(2,3),(2,4),(2,100),(2,101),(2,102),(2,103),(2,104),(2,105),(2,106),(2,107),(2,108),(2,109),(2,110),(2,111),(2,112),(2,113),(2,114),(2,115),(2,116),(2,117),(2,500),(2,501),(2,1000),(2,1001),(2,1002),(2,1003),(2,1004),(2,1005),(2,1006),(2,1007),(2,1008),(2,1009),(2,1010),(2,1011),(2,1012),(2,1013),(2,1014),(2,1015),(2,1016),(2,1017),(2,1018),(2,1019),(2,1020),(2,1021),(2,1022),(2,1023),(2,1024),(2,1025),(2,1026),(2,1027),(2,1028),(2,1029),(2,1030),(2,1031),(2,1032),(2,1033),(2,1034),(2,1035),(2,1036),(2,1037),(2,1038),(2,1039),(2,1040),(2,1041),(2,1042),(2,1043),(2,1044),(2,1045),(2,1046),(2,1047),(2,1048),(2,1049),(2,1050),(2,1051),(2,1052),(2,1053),(2,1054),(2,1055),(2,1056),(2,1057),(2,1058),(2,1059),(2,1060);
/*!40000 ALTER TABLE `sys_role_menu` ENABLE KEYS */;
UNLOCK TABLES;

--
-- Table structure for table `sys_user`
--

DROP TABLE IF EXISTS `sys_user`;
/*!40101 SET @saved_cs_client     = @@character_set_client */;
 SET character_set_client = utf8mb4 ;
CREATE TABLE `sys_user` (
  `user_id` bigint(20) NOT NULL AUTO_INCREMENT COMMENT '用户ID',
  `dept_id` bigint(20) DEFAULT NULL COMMENT '部门ID',
  `user_name` varchar(30) NOT NULL COMMENT '用户账号',
  `nick_name` varchar(30) NOT NULL COMMENT '用户昵称',
  `user_type` varchar(2) DEFAULT '00' COMMENT '用户类型（00系统用户）',
  `email` varchar(50) DEFAULT '' COMMENT '用户邮箱',
  `phonenumber` varchar(11) DEFAULT '' COMMENT '手机号码',
  `sex` char(1) DEFAULT '0' COMMENT '用户性别（0男 1女 2未知）',
  `avatar` varchar(100) DEFAULT '' COMMENT '头像地址',
  `password` varchar(100) DEFAULT '' COMMENT '密码',
  `status` char(1) DEFAULT '0' COMMENT '帐号状态（0正常 1停用）',
  `del_flag` char(1) DEFAULT '0' COMMENT '删除标志（0代表存在 2代表删除）',
  `login_ip` varchar(128) DEFAULT '' COMMENT '最后登录IP',
  `login_date` datetime DEFAULT NULL COMMENT '最后登录时间',
  `create_by` varchar(64) DEFAULT '' COMMENT '创建者',
  `create_time` datetime DEFAULT NULL COMMENT '创建时间',
  `update_by` varchar(64) DEFAULT '' COMMENT '更新者',
  `update_time` datetime DEFAULT NULL COMMENT '更新时间',
  `remark` varchar(500) DEFAULT NULL COMMENT '备注',
  PRIMARY KEY (`user_id`)
) ENGINE=InnoDB AUTO_INCREMENT=100 DEFAULT CHARSET=utf8mb4 COLLATE=utf8mb4_0900_ai_ci COMMENT='用户信息表';
/*!40101 SET character_set_client = @saved_cs_client */;

--
-- Dumping data for table `sys_user`
--

LOCK TABLES `sys_user` WRITE;
/*!40000 ALTER TABLE `sys_user` DISABLE KEYS */;
INSERT INTO `sys_user` VALUES (1,103,'admin','若依','00','ry@163.com','15888888888','1','/profile/avatar/2022/11/05/blob_20221105110502A001.jpeg','$2a$10$7JB720yubVSZvUI0rEqK/.VqGOZTH.ulu33dHOiBE8ByOhJIrdAu2','0','0','127.0.0.1','2022-12-20 21:52:42','admin','2022-10-13 22:28:18','','2022-12-20 21:52:42','管理员'),(2,105,'ry','若依','00','ry@qq.com','15666666666','1','','$2a$10$7JB720yubVSZvUI0rEqK/.VqGOZTH.ulu33dHOiBE8ByOhJIrdAu2','0','0','127.0.0.1','2022-10-13 22:28:18','admin','2022-10-13 22:28:18','',NULL,'测试员');
/*!40000 ALTER TABLE `sys_user` ENABLE KEYS */;
UNLOCK TABLES;

--
-- Table structure for table `sys_user_post`
--

DROP TABLE IF EXISTS `sys_user_post`;
/*!40101 SET @saved_cs_client     = @@character_set_client */;
 SET character_set_client = utf8mb4 ;
CREATE TABLE `sys_user_post` (
  `user_id` bigint(20) NOT NULL COMMENT '用户ID',
  `post_id` bigint(20) NOT NULL COMMENT '岗位ID',
  PRIMARY KEY (`user_id`,`post_id`)
) ENGINE=InnoDB DEFAULT CHARSET=utf8mb4 COLLATE=utf8mb4_0900_ai_ci COMMENT='用户与岗位关联表';
/*!40101 SET character_set_client = @saved_cs_client */;

--
-- Dumping data for table `sys_user_post`
--

LOCK TABLES `sys_user_post` WRITE;
/*!40000 ALTER TABLE `sys_user_post` DISABLE KEYS */;
INSERT INTO `sys_user_post` VALUES (1,1),(2,2);
/*!40000 ALTER TABLE `sys_user_post` ENABLE KEYS */;
UNLOCK TABLES;

--
-- Table structure for table `sys_user_role`
--

DROP TABLE IF EXISTS `sys_user_role`;
/*!40101 SET @saved_cs_client     = @@character_set_client */;
 SET character_set_client = utf8mb4 ;
CREATE TABLE `sys_user_role` (
  `user_id` bigint(20) NOT NULL COMMENT '用户ID',
  `role_id` bigint(20) NOT NULL COMMENT '角色ID',
  PRIMARY KEY (`user_id`,`role_id`)
) ENGINE=InnoDB DEFAULT CHARSET=utf8mb4 COLLATE=utf8mb4_0900_ai_ci COMMENT='用户和角色关联表';
/*!40101 SET character_set_client = @saved_cs_client */;

--
-- Dumping data for table `sys_user_role`
--

LOCK TABLES `sys_user_role` WRITE;
/*!40000 ALTER TABLE `sys_user_role` DISABLE KEYS */;
INSERT INTO `sys_user_role` VALUES (1,1),(2,2);
/*!40000 ALTER TABLE `sys_user_role` ENABLE KEYS */;
UNLOCK TABLES;
/*!40103 SET TIME_ZONE=@OLD_TIME_ZONE */;

/*!40101 SET SQL_MODE=@OLD_SQL_MODE */;
/*!40014 SET FOREIGN_KEY_CHECKS=@OLD_FOREIGN_KEY_CHECKS */;
/*!40014 SET UNIQUE_CHECKS=@OLD_UNIQUE_CHECKS */;
/*!40101 SET CHARACTER_SET_CLIENT=@OLD_CHARACTER_SET_CLIENT */;
/*!40101 SET CHARACTER_SET_RESULTS=@OLD_CHARACTER_SET_RESULTS */;
/*!40101 SET COLLATION_CONNECTION=@OLD_COLLATION_CONNECTION */;
/*!40111 SET SQL_NOTES=@OLD_SQL_NOTES */;

-- Dump completed on 2023-01-03 19:33:52
